{
  "type": "FeatureCollection",
  "features": [
    {
      "type": "Feature",
      "properties": {
        "id": "OSM-NODE-248420920",
        "name": "Kalaignar Karunanidhi Nagar",
        "resource_type": "hospital",
        "zone_id": "W19022",
        "source": "OpenStreetMap",
        "osm_type": "node",
        "osm_id": 248420920,
        "emergency_capable": null
      },
      "geometry": {
        "type": "Point",
        "coordinates": [
          80.2052158,
          13.0386493
        ]
      }
    },
    {
      "type": "Feature",
      "properties": {
        "id": "OSM-NODE-248559397",
        "name": "Koyambedu",
        "resource_type": "clinic",
        "zone_id": "W19013",
        "source": "OpenStreetMap",
        "osm_type": "node",
        "osm_id": 248559397,
        "emergency_capable": null
      },
      "geometry": {
        "type": "Point",
        "coordinates": [
          80.1980375,
          13.0720236
        ]
      }
    },
    {
      "type": "Feature",
      "properties": {
        "id": "OSM-NODE-248560797",
        "name": "Kasimedu",
        "resource_type": "hospital",
        "zone_id": "W18929",
        "source": "OpenStreetMap",
        "osm_type": "node",
        "osm_id": 248560797,
        "emergency_capable": null
      },
      "geometry": {
        "type": "Point",
        "coordinates": [
          80.2960584,
          13.122775
        ]
      }
    },
    {
      "type": "Feature",
      "properties": {
        "id": "OSM-NODE-250363729",
        "name": "Mambalam Police Station",
        "resource_type": "police_station",
        "zone_id": "W19027",
        "source": "OpenStreetMap",
        "osm_type": "node",
        "osm_id": 250363729,
        "emergency_capable": null
      },
      "geometry": {
        "type": "Point",
        "coordinates": [
          80.22946,
          13.0349573
        ]
      }
    },
    {
      "type": "Feature",
      "properties": {
        "id": "OSM-NODE-258978416",
        "name": "Amrit Hospital",
        "resource_type": "hospital",
        "zone_id": "W18943",
        "source": "OpenStreetMap",
        "osm_type": "node",
        "osm_id": 258978416,
        "emergency_capable": null
      },
      "geometry": {
        "type": "Point",
        "coordinates": [
          80.2792912,
          13.0922007
        ]
      }
    },
    {
      "type": "Feature",
      "properties": {
        "id": "OSM-NODE-258978417",
        "name": "Vikram Hospital",
        "resource_type": "hospital",
        "zone_id": "W18940",
        "source": "OpenStreetMap",
        "osm_type": "node",
        "osm_id": 258978417,
        "emergency_capable": null
      },
      "geometry": {
        "type": "Point",
        "coordinates": [
          80.2796178,
          13.0985007
        ]
      }
    },
    {
      "type": "Feature",
      "properties": {
        "id": "OSM-NODE-259773441",
        "name": "Royapettah PS",
        "resource_type": "police_station",
        "zone_id": "W19005",
        "source": "OpenStreetMap",
        "osm_type": "node",
        "osm_id": 259773441,
        "emergency_capable": null
      },
      "geometry": {
        "type": "Point",
        "coordinates": [
          80.2637348,
          13.0520106
        ]
      }
    },
    {
      "type": "Feature",
      "properties": {
        "id": "OSM-NODE-262452334",
        "name": "City Tower Hospitals",
        "resource_type": "hospital",
        "zone_id": "W18989",
        "source": "OpenStreetMap",
        "osm_type": "node",
        "osm_id": 262452334,
        "emergency_capable": null
      },
      "geometry": {
        "type": "Point",
        "coordinates": [
          80.2160862,
          13.08438
        ]
      }
    },
    {
      "type": "Feature",
      "properties": {
        "id": "OSM-NODE-264480826",
        "name": "OSM fire_station",
        "resource_type": "fire_station",
        "zone_id": "W18996",
        "source": "OpenStreetMap",
        "osm_type": "node",
        "osm_id": 264480826,
        "emergency_capable": null
      },
      "geometry": {
        "type": "Point",
        "coordinates": [
          80.2356816,
          13.0637765
        ]
      }
    },
    {
      "type": "Feature",
      "properties": {
        "id": "OSM-NODE-264481213",
        "name": "OSM police_station",
        "resource_type": "police_station",
        "zone_id": "W18999",
        "source": "OpenStreetMap",
        "osm_type": "node",
        "osm_id": 264481213,
        "emergency_capable": null
      },
      "geometry": {
        "type": "Point",
        "coordinates": [
          80.2427681,
          13.0596173
        ]
      }
    },
    {
      "type": "Feature",
      "properties": {
        "id": "OSM-NODE-289486820",
        "name": "Apollo Hospitals, Tondiarpet",
        "resource_type": "hospital",
        "zone_id": "W18926",
        "source": "OpenStreetMap",
        "osm_type": "node",
        "osm_id": 289486820,
        "emergency_capable": null
      },
      "geometry": {
        "type": "Point",
        "coordinates": [
          80.2905623,
          13.1289367
        ]
      }
    },
    {
      "type": "Feature",
      "properties": {
        "id": "OSM-NODE-295544111",
        "name": "K.H.M. Hospital",
        "resource_type": "hospital",
        "zone_id": "W18989",
        "source": "OpenStreetMap",
        "osm_type": "node",
        "osm_id": 295544111,
        "emergency_capable": null
      },
      "geometry": {
        "type": "Point",
        "coordinates": [
          80.2130591,
          13.0844992
        ]
      }
    },
    {
      "type": "Feature",
      "properties": {
        "id": "OSM-NODE-295552091",
        "name": "Sundaram Medical Foundation",
        "resource_type": "hospital",
        "zone_id": "W18989",
        "source": "OpenStreetMap",
        "osm_type": "node",
        "osm_id": 295552091,
        "emergency_capable": null
      },
      "geometry": {
        "type": "Point",
        "coordinates": [
          80.2069819,
          13.08217
        ]
      }
    },
    {
      "type": "Feature",
      "properties": {
        "id": "OSM-NODE-295552092",
        "name": "Sri Devi Speciality Hospial",
        "resource_type": "hospital",
        "zone_id": "W18990",
        "source": "OpenStreetMap",
        "osm_type": "node",
        "osm_id": 295552092,
        "emergency_capable": null
      },
      "geometry": {
        "type": "Point",
        "coordinates": [
          80.1994692,
          13.0887983
        ]
      }
    },
    {
      "type": "Feature",
      "properties": {
        "id": "OSM-NODE-300468066",
        "name": "S-8 Adambakkam Police Station",
        "resource_type": "police_station",
        "zone_id": "W19049",
        "source": "OpenStreetMap",
        "osm_type": "node",
        "osm_id": 300468066,
        "emergency_capable": null
      },
      "geometry": {
        "type": "Point",
        "coordinates": [
          80.2019683,
          12.9893957
        ]
      }
    },
    {
      "type": "Feature",
      "properties": {
        "id": "OSM-NODE-301949978",
        "name": "Teynampet E3 PS",
        "resource_type": "police_station",
        "zone_id": "W19003",
        "source": "OpenStreetMap",
        "osm_type": "node",
        "osm_id": 301949978,
        "emergency_capable": null
      },
      "geometry": {
        "type": "Point",
        "coordinates": [
          80.2494881,
          13.048651
        ]
      }
    },
    {
      "type": "Feature",
      "properties": {
        "id": "OSM-NODE-302899362",
        "name": "Teynampet FS",
        "resource_type": "fire_station",
        "zone_id": "W19004",
        "source": "OpenStreetMap",
        "osm_type": "node",
        "osm_id": 302899362,
        "emergency_capable": null
      },
      "geometry": {
        "type": "Point",
        "coordinates": [
          80.249119,
          13.0474469
        ]
      }
    },
    {
      "type": "Feature",
      "properties": {
        "id": "OSM-NODE-303590777",
        "name": "Corporation Hospital",
        "resource_type": "hospital",
        "zone_id": "W19009",
        "source": "OpenStreetMap",
        "osm_type": "node",
        "osm_id": 303590777,
        "emergency_capable": null
      },
      "geometry": {
        "type": "Point",
        "coordinates": [
          80.2572467,
          13.0336624
        ]
      }
    },
    {
      "type": "Feature",
      "properties": {
        "id": "OSM-NODE-308811614",
        "name": "Hindu Mission Health Services, Kanchipuram",
        "resource_type": "hospital",
        "zone_id": "W19053",
        "source": "OpenStreetMap",
        "osm_type": "node",
        "osm_id": 308811614,
        "emergency_capable": null
      },
      "geometry": {
        "type": "Point",
        "coordinates": [
          80.1846471,
          12.9787682
        ]
      }
    },
    {
      "type": "Feature",
      "properties": {
        "id": "OSM-NODE-310504820",
        "name": "Tamil Nadu Government Dental College & Hospital, Chennai",
        "resource_type": "hospital",
        "zone_id": "W18945",
        "source": "OpenStreetMap",
        "osm_type": "node",
        "osm_id": 310504820,
        "emergency_capable": null
      },
      "geometry": {
        "type": "Point",
        "coordinates": [
          80.2826483,
          13.084889
        ]
      }
    },
    {
      "type": "Feature",
      "properties": {
        "id": "OSM-NODE-310732936",
        "name": "Kilpauk Medical College",
        "resource_type": "hospital",
        "zone_id": "W18986",
        "source": "OpenStreetMap",
        "osm_type": "node",
        "osm_id": 310732936,
        "emergency_capable": null
      },
      "geometry": {
        "type": "Point",
        "coordinates": [
          80.2433369,
          13.0785984
        ]
      }
    },
    {
      "type": "Feature",
      "properties": {
        "id": "OSM-NODE-310909754",
        "name": "Hariharan Hospital",
        "resource_type": "hospital",
        "zone_id": "W19050",
        "source": "OpenStreetMap",
        "osm_type": "node",
        "osm_id": 310909754,
        "emergency_capable": null
      },
      "geometry": {
        "type": "Point",
        "coordinates": [
          80.1905906,
          12.9847145
        ]
      }
    },
    {
      "type": "Feature",
      "properties": {
        "id": "OSM-NODE-310910945",
        "name": "BM Hospital",
        "resource_type": "hospital",
        "zone_id": "W19050",
        "source": "OpenStreetMap",
        "osm_type": "node",
        "osm_id": 310910945,
        "emergency_capable": null
      },
      "geometry": {
        "type": "Point",
        "coordinates": [
          80.1904116,
          12.9887616
        ]
      }
    },
    {
      "type": "Feature",
      "properties": {
        "id": "OSM-NODE-311429396",
        "name": "K.F. Hospital",
        "resource_type": "hospital",
        "zone_id": "W19053",
        "source": "OpenStreetMap",
        "osm_type": "node",
        "osm_id": 311429396,
        "emergency_capable": null
      },
      "geometry": {
        "type": "Point",
        "coordinates": [
          80.1841397,
          12.973463
        ]
      }
    },
    {
      "type": "Feature",
      "properties": {
        "id": "OSM-NODE-312000326",
        "name": "Cancer Institute",
        "resource_type": "hospital",
        "zone_id": "W19058",
        "source": "OpenStreetMap",
        "osm_type": "node",
        "osm_id": 312000326,
        "emergency_capable": null
      },
      "geometry": {
        "type": "Point",
        "coordinates": [
          80.239884,
          13.0061338
        ]
      }
    },
    {
      "type": "Feature",
      "properties": {
        "id": "OSM-NODE-312025133",
        "name": "Adyar J2",
        "resource_type": "police_station",
        "zone_id": "W19059",
        "source": "OpenStreetMap",
        "osm_type": "node",
        "osm_id": 312025133,
        "emergency_capable": null
      },
      "geometry": {
        "type": "Point",
        "coordinates": [
          80.2557176,
          12.997814
        ]
      }
    },
    {
      "type": "Feature",
      "properties": {
        "id": "OSM-NODE-313027868",
        "name": "Sri Ramachandra Medical Centre and Hospital",
        "resource_type": "hospital",
        "zone_id": "W19036",
        "source": "OpenStreetMap",
        "osm_type": "node",
        "osm_id": 313027868,
        "emergency_capable": null
      },
      "geometry": {
        "type": "Point",
        "coordinates": [
          80.1428047,
          13.0380979
        ]
      }
    },
    {
      "type": "Feature",
      "properties": {
        "id": "OSM-NODE-313951548",
        "name": "OSM police_station",
        "resource_type": "police_station",
        "zone_id": "W19071",
        "source": "OpenStreetMap",
        "osm_type": "node",
        "osm_id": 313951548,
        "emergency_capable": null
      },
      "geometry": {
        "type": "Point",
        "coordinates": [
          80.192063,
          12.9814685
        ]
      }
    },
    {
      "type": "Feature",
      "properties": {
        "id": "OSM-NODE-320275820",
        "name": "Govt Maternity Hospital",
        "resource_type": "hospital",
        "zone_id": "W18947",
        "source": "OpenStreetMap",
        "osm_type": "node",
        "osm_id": 320275820,
        "emergency_capable": null
      },
      "geometry": {
        "type": "Point",
        "coordinates": [
          80.2589871,
          13.0720996
        ]
      }
    },
    {
      "type": "Feature",
      "properties": {
        "id": "OSM-NODE-320275824",
        "name": "Institute of Child Health",
        "resource_type": "hospital",
        "zone_id": "W18947",
        "source": "OpenStreetMap",
        "osm_type": "node",
        "osm_id": 320275824,
        "emergency_capable": null
      },
      "geometry": {
        "type": "Point",
        "coordinates": [
          80.257025,
          13.0735496
        ]
      }
    },
    {
      "type": "Feature",
      "properties": {
        "id": "OSM-NODE-320275839",
        "name": "Institute of Obstetrics and Gynaecology dd",
        "resource_type": "hospital",
        "zone_id": "W18947",
        "source": "OpenStreetMap",
        "osm_type": "node",
        "osm_id": 320275839,
        "emergency_capable": null
      },
      "geometry": {
        "type": "Point",
        "coordinates": [
          80.2591463,
          13.0735431
        ]
      }
    },
    {
      "type": "Feature",
      "properties": {
        "id": "OSM-NODE-320968223",
        "name": "Central Station PS",
        "resource_type": "police_station",
        "zone_id": "W18945",
        "source": "OpenStreetMap",
        "osm_type": "node",
        "osm_id": 320968223,
        "emergency_capable": null
      },
      "geometry": {
        "type": "Point",
        "coordinates": [
          80.2755071,
          13.0818276
        ]
      }
    },
    {
      "type": "Feature",
      "properties": {
        "id": "OSM-NODE-320968578",
        "name": "Chennai Central RPF",
        "resource_type": "police_station",
        "zone_id": "W18944",
        "source": "OpenStreetMap",
        "osm_type": "node",
        "osm_id": 320968578,
        "emergency_capable": null
      },
      "geometry": {
        "type": "Point",
        "coordinates": [
          80.2732996,
          13.0830613
        ]
      }
    },
    {
      "type": "Feature",
      "properties": {
        "id": "OSM-NODE-364650995",
        "name": "MIOT International",
        "resource_type": "hospital",
        "zone_id": "W19043",
        "source": "OpenStreetMap",
        "osm_type": "node",
        "osm_id": 364650995,
        "emergency_capable": null
      },
      "geometry": {
        "type": "Point",
        "coordinates": [
          80.1858412,
          13.0211808
        ]
      }
    },
    {
      "type": "Feature",
      "properties": {
        "id": "OSM-NODE-366075241",
        "name": "Koyambedu Police Station",
        "resource_type": "police_station",
        "zone_id": "W19013",
        "source": "OpenStreetMap",
        "osm_type": "node",
        "osm_id": 366075241,
        "emergency_capable": null
      },
      "geometry": {
        "type": "Point",
        "coordinates": [
          80.2004587,
          13.0696407
        ]
      }
    },
    {
      "type": "Feature",
      "properties": {
        "id": "OSM-NODE-370969674",
        "name": "T15 SRMC PS",
        "resource_type": "police_station",
        "zone_id": "W19037",
        "source": "OpenStreetMap",
        "osm_type": "node",
        "osm_id": 370969674,
        "emergency_capable": null
      },
      "geometry": {
        "type": "Point",
        "coordinates": [
          80.1602489,
          13.0341993
        ]
      }
    },
    {
      "type": "Feature",
      "properties": {
        "id": "OSM-NODE-375668400",
        "name": "Venkataeswara Hospitals",
        "resource_type": "hospital",
        "zone_id": "W19008",
        "source": "OpenStreetMap",
        "osm_type": "node",
        "osm_id": 375668400,
        "emergency_capable": null
      },
      "geometry": {
        "type": "Point",
        "coordinates": [
          80.2440921,
          13.0293624
        ]
      }
    },
    {
      "type": "Feature",
      "properties": {
        "id": "OSM-NODE-389948945",
        "name": "KK Nagar PS",
        "resource_type": "police_station",
        "zone_id": "W19022",
        "source": "OpenStreetMap",
        "osm_type": "node",
        "osm_id": 389948945,
        "emergency_capable": null
      },
      "geometry": {
        "type": "Point",
        "coordinates": [
          80.2054415,
          13.0415108
        ]
      }
    },
    {
      "type": "Feature",
      "properties": {
        "id": "OSM-NODE-411318042",
        "name": "Virugambakkam Police Station",
        "resource_type": "police_station",
        "zone_id": "W19015",
        "source": "OpenStreetMap",
        "osm_type": "node",
        "osm_id": 411318042,
        "emergency_capable": null
      },
      "geometry": {
        "type": "Point",
        "coordinates": [
          80.1992562,
          13.0491123
        ]
      }
    },
    {
      "type": "Feature",
      "properties": {
        "id": "OSM-NODE-416412274",
        "name": "OSM police_station",
        "resource_type": "police_station",
        "zone_id": "W19009",
        "source": "OpenStreetMap",
        "osm_type": "node",
        "osm_id": 416412274,
        "emergency_capable": null
      },
      "geometry": {
        "type": "Point",
        "coordinates": [
          80.2674177,
          13.03694
        ]
      }
    },
    {
      "type": "Feature",
      "properties": {
        "id": "OSM-NODE-442508332",
        "name": "Sarswathi Hospital",
        "resource_type": "hospital",
        "zone_id": "W19072",
        "source": "OpenStreetMap",
        "osm_type": "node",
        "osm_id": 442508332,
        "emergency_capable": null
      },
      "geometry": {
        "type": "Point",
        "coordinates": [
          80.2067733,
          12.9653846
        ]
      }
    },
    {
      "type": "Feature",
      "properties": {
        "id": "OSM-NODE-459635161",
        "name": "Apollo Clinic & Pharmacy",
        "resource_type": "hospital",
        "zone_id": "W19015",
        "source": "OpenStreetMap",
        "osm_type": "node",
        "osm_id": 459635161,
        "emergency_capable": null
      },
      "geometry": {
        "type": "Point",
        "coordinates": [
          80.2041657,
          13.05244
        ]
      }
    },
    {
      "type": "Feature",
      "properties": {
        "id": "OSM-NODE-459648701",
        "name": "Vijaya Heart Centre",
        "resource_type": "hospital",
        "zone_id": "W19015",
        "source": "OpenStreetMap",
        "osm_type": "node",
        "osm_id": 459648701,
        "emergency_capable": null
      },
      "geometry": {
        "type": "Point",
        "coordinates": [
          80.2070144,
          13.0483819
        ]
      }
    },
    {
      "type": "Feature",
      "properties": {
        "id": "OSM-NODE-540658116",
        "name": "B.M.Orthopaedic Hospital",
        "resource_type": "hospital",
        "zone_id": "W18967",
        "source": "OpenStreetMap",
        "osm_type": "node",
        "osm_id": 540658116,
        "emergency_capable": null
      },
      "geometry": {
        "type": "Point",
        "coordinates": [
          80.1499411,
          13.1181104
        ]
      }
    },
    {
      "type": "Feature",
      "properties": {
        "id": "OSM-NODE-595706154",
        "name": "Vasan Eye Care Hospital, Vadapalani",
        "resource_type": "hospital",
        "zone_id": "W19016",
        "source": "OpenStreetMap",
        "osm_type": "node",
        "osm_id": 595706154,
        "emergency_capable": null
      },
      "geometry": {
        "type": "Point",
        "coordinates": [
          80.211027,
          13.0495316
        ]
      }
    },
    {
      "type": "Feature",
      "properties": {
        "id": "OSM-NODE-597590621",
        "name": "JJ Hospital",
        "resource_type": "hospital",
        "zone_id": "W19013",
        "source": "OpenStreetMap",
        "osm_type": "node",
        "osm_id": 597590621,
        "emergency_capable": null
      },
      "geometry": {
        "type": "Point",
        "coordinates": [
          80.1942138,
          13.0571293
        ]
      }
    },
    {
      "type": "Feature",
      "properties": {
        "id": "OSM-NODE-687175330",
        "name": "Police Booth",
        "resource_type": "police_station",
        "zone_id": "W19013",
        "source": "OpenStreetMap",
        "osm_type": "node",
        "osm_id": 687175330,
        "emergency_capable": null
      },
      "geometry": {
        "type": "Point",
        "coordinates": [
          80.1923421,
          13.0737484
        ]
      }
    },
    {
      "type": "Feature",
      "properties": {
        "id": "OSM-NODE-687177364",
        "name": "Police Booth",
        "resource_type": "police_station",
        "zone_id": "W19013",
        "source": "OpenStreetMap",
        "osm_type": "node",
        "osm_id": 687177364,
        "emergency_capable": null
      },
      "geometry": {
        "type": "Point",
        "coordinates": [
          80.1935705,
          13.0656907
        ]
      }
    },
    {
      "type": "Feature",
      "properties": {
        "id": "OSM-NODE-747616884",
        "name": "Velachery",
        "resource_type": "police_station",
        "zone_id": "W19063",
        "source": "OpenStreetMap",
        "osm_type": "node",
        "osm_id": 747616884,
        "emergency_capable": null
      },
      "geometry": {
        "type": "Point",
        "coordinates": [
          80.2208713,
          12.9850126
        ]
      }
    },
    {
      "type": "Feature",
      "properties": {
        "id": "OSM-NODE-934859086",
        "name": "Police Booth",
        "resource_type": "police_station",
        "zone_id": "W19038",
        "source": "OpenStreetMap",
        "osm_type": "node",
        "osm_id": 934859086,
        "emergency_capable": null
      },
      "geometry": {
        "type": "Point",
        "coordinates": [
          80.1862162,
          13.0447322
        ]
      }
    },
    {
      "type": "Feature",
      "properties": {
        "id": "OSM-NODE-941471945",
        "name": "Appasamy Hospital",
        "resource_type": "hospital",
        "zone_id": "W18991",
        "source": "OpenStreetMap",
        "osm_type": "node",
        "osm_id": 941471945,
        "emergency_capable": null
      },
      "geometry": {
        "type": "Point",
        "coordinates": [
          80.2151198,
          13.0750445
        ]
      }
    },
    {
      "type": "Feature",
      "properties": {
        "id": "OSM-NODE-941611681",
        "name": "Appasamy Hospital",
        "resource_type": "hospital",
        "zone_id": "W18991",
        "source": "OpenStreetMap",
        "osm_type": "node",
        "osm_id": 941611681,
        "emergency_capable": null
      },
      "geometry": {
        "type": "Point",
        "coordinates": [
          80.2148826,
          13.073239
        ]
      }
    },
    {
      "type": "Feature",
      "properties": {
        "id": "OSM-NODE-941621037",
        "name": "Appolo Clinic",
        "resource_type": "hospital",
        "zone_id": "W18988",
        "source": "OpenStreetMap",
        "osm_type": "node",
        "osm_id": 941621037,
        "emergency_capable": null
      },
      "geometry": {
        "type": "Point",
        "coordinates": [
          80.2178866,
          13.0892073
        ]
      }
    },
    {
      "type": "Feature",
      "properties": {
        "id": "OSM-NODE-966556101",
        "name": "Chintadripet",
        "resource_type": "police_station",
        "zone_id": "W18948",
        "source": "OpenStreetMap",
        "osm_type": "node",
        "osm_id": 966556101,
        "emergency_capable": null
      },
      "geometry": {
        "type": "Point",
        "coordinates": [
          80.2725042,
          13.0749088
        ]
      }
    },
    {
      "type": "Feature",
      "properties": {
        "id": "OSM-NODE-984217571",
        "name": "Vadapalani Police station",
        "resource_type": "police_station",
        "zone_id": "W19016",
        "source": "OpenStreetMap",
        "osm_type": "node",
        "osm_id": 984217571,
        "emergency_capable": null
      },
      "geometry": {
        "type": "Point",
        "coordinates": [
          80.2117315,
          13.049673
        ]
      }
    },
    {
      "type": "Feature",
      "properties": {
        "id": "OSM-NODE-1015569835",
        "name": "Ramapuram Police Station",
        "resource_type": "police_station",
        "zone_id": "W19041",
        "source": "OpenStreetMap",
        "osm_type": "node",
        "osm_id": 1015569835,
        "emergency_capable": null
      },
      "geometry": {
        "type": "Point",
        "coordinates": [
          80.1790069,
          13.0317737
        ]
      }
    },
    {
      "type": "Feature",
      "properties": {
        "id": "OSM-NODE-1015571498",
        "name": "Srm Speciality Hospital",
        "resource_type": "hospital",
        "zone_id": "W19041",
        "source": "OpenStreetMap",
        "osm_type": "node",
        "osm_id": 1015571498,
        "emergency_capable": null
      },
      "geometry": {
        "type": "Point",
        "coordinates": [
          80.1810857,
          13.0331325
        ]
      }
    },
    {
      "type": "Feature",
      "properties": {
        "id": "OSM-NODE-1015571601",
        "name": "SRM Dental Hospital",
        "resource_type": "hospital",
        "zone_id": "W19041",
        "source": "OpenStreetMap",
        "osm_type": "node",
        "osm_id": 1015571601,
        "emergency_capable": null
      },
      "geometry": {
        "type": "Point",
        "coordinates": [
          80.1801201,
          13.0321291
        ]
      }
    },
    {
      "type": "Feature",
      "properties": {
        "id": "OSM-NODE-1127285905",
        "name": "Aakash Fertility Centre & Hospital",
        "resource_type": "hospital",
        "zone_id": "W19016",
        "source": "OpenStreetMap",
        "osm_type": "node",
        "osm_id": 1127285905,
        "emergency_capable": null
      },
      "geometry": {
        "type": "Point",
        "coordinates": [
          80.2118365,
          13.0554597
        ]
      }
    },
    {
      "type": "Feature",
      "properties": {
        "id": "OSM-NODE-1152858038",
        "name": "Rajan Eye Care Hospital",
        "resource_type": "hospital",
        "zone_id": "W18999",
        "source": "OpenStreetMap",
        "osm_type": "node",
        "osm_id": 1152858038,
        "emergency_capable": null
      },
      "geometry": {
        "type": "Point",
        "coordinates": [
          80.2434416,
          13.0508335
        ]
      }
    },
    {
      "type": "Feature",
      "properties": {
        "id": "OSM-NODE-1315141190",
        "name": "Police booth",
        "resource_type": "police_station",
        "zone_id": "W19074",
        "source": "OpenStreetMap",
        "osm_type": "node",
        "osm_id": 1315141190,
        "emergency_capable": null
      },
      "geometry": {
        "type": "Point",
        "coordinates": [
          80.2060352,
          12.9651635
        ]
      }
    },
    {
      "type": "Feature",
      "properties": {
        "id": "OSM-NODE-1315895438",
        "name": "sree dhanalakshmi family clinic",
        "resource_type": "hospital",
        "zone_id": "W19016",
        "source": "OpenStreetMap",
        "osm_type": "node",
        "osm_id": 1315895438,
        "emergency_capable": null
      },
      "geometry": {
        "type": "Point",
        "coordinates": [
          80.211745,
          13.0583046
        ]
      }
    },
    {
      "type": "Feature",
      "properties": {
        "id": "OSM-NODE-1391252125",
        "name": "OSM police_station",
        "resource_type": "police_station",
        "zone_id": "W18927",
        "source": "OpenStreetMap",
        "osm_type": "node",
        "osm_id": 1391252125,
        "emergency_capable": null
      },
      "geometry": {
        "type": "Point",
        "coordinates": [
          80.2771688,
          13.1244932
        ]
      }
    },
    {
      "type": "Feature",
      "properties": {
        "id": "OSM-NODE-1446415367",
        "name": "Bhadra Homeo",
        "resource_type": "hospital",
        "zone_id": "W92161",
        "source": "OpenStreetMap",
        "osm_type": "node",
        "osm_id": 1446415367,
        "emergency_capable": null
      },
      "geometry": {
        "type": "Point",
        "coordinates": [
          80.2474724,
          12.9663879
        ]
      }
    },
    {
      "type": "Feature",
      "properties": {
        "id": "OSM-NODE-1451946829",
        "name": "Porur Police Station",
        "resource_type": "police_station",
        "zone_id": "W19037",
        "source": "OpenStreetMap",
        "osm_type": "node",
        "osm_id": 1451946829,
        "emergency_capable": null
      },
      "geometry": {
        "type": "Point",
        "coordinates": [
          80.1601292,
          13.0343074
        ]
      }
    },
    {
      "type": "Feature",
      "properties": {
        "id": "OSM-NODE-1472969165",
        "name": "Amma Hospital",
        "resource_type": "hospital",
        "zone_id": "W18998",
        "source": "OpenStreetMap",
        "osm_type": "node",
        "osm_id": 1472969165,
        "emergency_capable": true
      },
      "geometry": {
        "type": "Point",
        "coordinates": [
          80.2305209,
          13.0626045
        ]
      }
    },
    {
      "type": "Feature",
      "properties": {
        "id": "OSM-NODE-1474055555",
        "name": "Right Hospitals",
        "resource_type": "hospital",
        "zone_id": "W18986",
        "source": "OpenStreetMap",
        "osm_type": "node",
        "osm_id": 1474055555,
        "emergency_capable": true
      },
      "geometry": {
        "type": "Point",
        "coordinates": [
          80.2405731,
          13.0787952
        ]
      }
    },
    {
      "type": "Feature",
      "properties": {
        "id": "OSM-NODE-1560720462",
        "name": "Vasan Eye Care Hospital",
        "resource_type": "hospital",
        "zone_id": "W19059",
        "source": "OpenStreetMap",
        "osm_type": "node",
        "osm_id": 1560720462,
        "emergency_capable": false
      },
      "geometry": {
        "type": "Point",
        "coordinates": [
          80.2552541,
          13.0015307
        ]
      }
    },
    {
      "type": "Feature",
      "properties": {
        "id": "OSM-NODE-1597151538",
        "name": "OSM hospital",
        "resource_type": "hospital",
        "zone_id": "W19015",
        "source": "OpenStreetMap",
        "osm_type": "node",
        "osm_id": 1597151538,
        "emergency_capable": null
      },
      "geometry": {
        "type": "Point",
        "coordinates": [
          80.2011738,
          13.0584072
        ]
      }
    },
    {
      "type": "Feature",
      "properties": {
        "id": "OSM-NODE-1597178645",
        "name": "OSM police_station",
        "resource_type": "police_station",
        "zone_id": "W19015",
        "source": "OpenStreetMap",
        "osm_type": "node",
        "osm_id": 1597178645,
        "emergency_capable": null
      },
      "geometry": {
        "type": "Point",
        "coordinates": [
          80.2041548,
          13.0576855
        ]
      }
    },
    {
      "type": "Feature",
      "properties": {
        "id": "OSM-NODE-1621246558",
        "name": "Ashwini Eye Care",
        "resource_type": "hospital",
        "zone_id": "W18967",
        "source": "OpenStreetMap",
        "osm_type": "node",
        "osm_id": 1621246558,
        "emergency_capable": false
      },
      "geometry": {
        "type": "Point",
        "coordinates": [
          80.1572422,
          13.1187083
        ]
      }
    },
    {
      "type": "Feature",
      "properties": {
        "id": "OSM-NODE-1711627907",
        "name": "Shastri Nagar Police Station",
        "resource_type": "police_station",
        "zone_id": "W19060",
        "source": "OpenStreetMap",
        "osm_type": "node",
        "osm_id": 1711627907,
        "emergency_capable": null
      },
      "geometry": {
        "type": "Point",
        "coordinates": [
          80.2659307,
          13.0006116
        ]
      }
    },
    {
      "type": "Feature",
      "properties": {
        "id": "OSM-NODE-1789987574",
        "name": "Prime Care Nursing Home",
        "resource_type": "hospital",
        "zone_id": "W19051",
        "source": "OpenStreetMap",
        "osm_type": "node",
        "osm_id": 1789987574,
        "emergency_capable": null
      },
      "geometry": {
        "type": "Point",
        "coordinates": [
          80.2044922,
          12.9799192
        ]
      }
    },
    {
      "type": "Feature",
      "properties": {
        "id": "OSM-NODE-1948616260",
        "name": "Apollo Free Emergency Clinic",
        "resource_type": "hospital",
        "zone_id": "W19013",
        "source": "OpenStreetMap",
        "osm_type": "node",
        "osm_id": 1948616260,
        "emergency_capable": null
      },
      "geometry": {
        "type": "Point",
        "coordinates": [
          80.2050055,
          13.0677233
        ]
      }
    },
    {
      "type": "Feature",
      "properties": {
        "id": "OSM-NODE-1948632616",
        "name": "K11 CMBT Police Station",
        "resource_type": "police_station",
        "zone_id": "W19013",
        "source": "OpenStreetMap",
        "osm_type": "node",
        "osm_id": 1948632616,
        "emergency_capable": null
      },
      "geometry": {
        "type": "Point",
        "coordinates": [
          80.2046669,
          13.0687012
        ]
      }
    },
    {
      "type": "Feature",
      "properties": {
        "id": "OSM-NODE-1955943159",
        "name": "Agarwal Hospital",
        "resource_type": "hospital",
        "zone_id": "W19021",
        "source": "OpenStreetMap",
        "osm_type": "node",
        "osm_id": 1955943159,
        "emergency_capable": null
      },
      "geometry": {
        "type": "Point",
        "coordinates": [
          80.2165845,
          13.0385656
        ]
      }
    },
    {
      "type": "Feature",
      "properties": {
        "id": "OSM-NODE-1957903721",
        "name": "Senthil Nursing Home",
        "resource_type": "hospital",
        "zone_id": "W18990",
        "source": "OpenStreetMap",
        "osm_type": "node",
        "osm_id": 1957903721,
        "emergency_capable": null
      },
      "geometry": {
        "type": "Point",
        "coordinates": [
          80.2004752,
          13.0849671
        ]
      }
    },
    {
      "type": "Feature",
      "properties": {
        "id": "OSM-NODE-1957904106",
        "name": "I K Hospital",
        "resource_type": "hospital",
        "zone_id": "W18990",
        "source": "OpenStreetMap",
        "osm_type": "node",
        "osm_id": 1957904106,
        "emergency_capable": null
      },
      "geometry": {
        "type": "Point",
        "coordinates": [
          80.1991661,
          13.0868667
        ]
      }
    },
    {
      "type": "Feature",
      "properties": {
        "id": "OSM-NODE-1993266486",
        "name": "Ortho clinic",
        "resource_type": "hospital",
        "zone_id": "W19063",
        "source": "OpenStreetMap",
        "osm_type": "node",
        "osm_id": 1993266486,
        "emergency_capable": null
      },
      "geometry": {
        "type": "Point",
        "coordinates": [
          80.2286587,
          12.9800456
        ]
      }
    },
    {
      "type": "Feature",
      "properties": {
        "id": "OSM-NODE-2061123092",
        "name": "J9 Police Station",
        "resource_type": "police_station",
        "zone_id": "W19079",
        "source": "OpenStreetMap",
        "osm_type": "node",
        "osm_id": 2061123092,
        "emergency_capable": null
      },
      "geometry": {
        "type": "Point",
        "coordinates": [
          80.2416251,
          12.947613
        ]
      }
    },
    {
      "type": "Feature",
      "properties": {
        "id": "OSM-NODE-2072479943",
        "name": "JK Hospital",
        "resource_type": "hospital",
        "zone_id": "W19037",
        "source": "OpenStreetMap",
        "osm_type": "node",
        "osm_id": 2072479943,
        "emergency_capable": false
      },
      "geometry": {
        "type": "Point",
        "coordinates": [
          80.1644897,
          13.0358564
        ]
      }
    },
    {
      "type": "Feature",
      "properties": {
        "id": "OSM-NODE-2120763195",
        "name": "SP Hospital",
        "resource_type": "hospital",
        "zone_id": "W19049",
        "source": "OpenStreetMap",
        "osm_type": "node",
        "osm_id": 2120763195,
        "emergency_capable": true
      },
      "geometry": {
        "type": "Point",
        "coordinates": [
          80.2009134,
          12.9933638
        ]
      }
    },
    {
      "type": "Feature",
      "properties": {
        "id": "OSM-NODE-2124734395",
        "name": "Fourtts India Laboratories",
        "resource_type": "hospital",
        "zone_id": "W19081",
        "source": "OpenStreetMap",
        "osm_type": "node",
        "osm_id": 2124734395,
        "emergency_capable": null
      },
      "geometry": {
        "type": "Point",
        "coordinates": [
          80.2337388,
          12.9321684
        ]
      }
    },
    {
      "type": "Feature",
      "properties": {
        "id": "OSM-NODE-2126461371",
        "name": "Rotary Central Margaret Sidney Hospital",
        "resource_type": "hospital",
        "zone_id": "W19051",
        "source": "OpenStreetMap",
        "osm_type": "node",
        "osm_id": 2126461371,
        "emergency_capable": null
      },
      "geometry": {
        "type": "Point",
        "coordinates": [
          80.1932105,
          12.9837958
        ]
      }
    },
    {
      "type": "Feature",
      "properties": {
        "id": "OSM-NODE-2139742510",
        "name": "OSM police_station",
        "resource_type": "police_station",
        "zone_id": "W19044",
        "source": "OpenStreetMap",
        "osm_type": "node",
        "osm_id": 2139742510,
        "emergency_capable": null
      },
      "geometry": {
        "type": "Point",
        "coordinates": [
          80.1999165,
          13.0229741
        ]
      }
    },
    {
      "type": "Feature",
      "properties": {
        "id": "OSM-NODE-2145405955",
        "name": "Sri Chakra Hospital",
        "resource_type": "hospital",
        "zone_id": "W19053",
        "source": "OpenStreetMap",
        "osm_type": "node",
        "osm_id": 2145405955,
        "emergency_capable": null
      },
      "geometry": {
        "type": "Point",
        "coordinates": [
          80.1850278,
          12.9786524
        ]
      }
    },
    {
      "type": "Feature",
      "properties": {
        "id": "OSM-NODE-2221603034",
        "name": "Police Assistance Booth Mugalivakam",
        "resource_type": "police_station",
        "zone_id": "W19042",
        "source": "OpenStreetMap",
        "osm_type": "node",
        "osm_id": 2221603034,
        "emergency_capable": null
      },
      "geometry": {
        "type": "Point",
        "coordinates": [
          80.1663239,
          13.0207162
        ]
      }
    },
    {
      "type": "Feature",
      "properties": {
        "id": "OSM-NODE-2253361647",
        "name": "Dr. Janardhanan Multispeciality Dental Clinic",
        "resource_type": "hospital",
        "zone_id": "W19050",
        "source": "OpenStreetMap",
        "osm_type": "node",
        "osm_id": 2253361647,
        "emergency_capable": null
      },
      "geometry": {
        "type": "Point",
        "coordinates": [
          80.1886083,
          12.9842586
        ]
      }
    },
    {
      "type": "Feature",
      "properties": {
        "id": "OSM-NODE-2296731456",
        "name": "Dr Venugopals' Sundaram Clini",
        "resource_type": "hospital",
        "zone_id": "W18948",
        "source": "OpenStreetMap",
        "osm_type": "node",
        "osm_id": 2296731456,
        "emergency_capable": null
      },
      "geometry": {
        "type": "Point",
        "coordinates": [
          80.268345,
          13.076782
        ]
      }
    },
    {
      "type": "Feature",
      "properties": {
        "id": "OSM-NODE-2296731781",
        "name": "Dr Kabir's Clinic",
        "resource_type": "hospital",
        "zone_id": "W18948",
        "source": "OpenStreetMap",
        "osm_type": "node",
        "osm_id": 2296731781,
        "emergency_capable": null
      },
      "geometry": {
        "type": "Point",
        "coordinates": [
          80.2678381,
          13.0768734
        ]
      }
    },
    {
      "type": "Feature",
      "properties": {
        "id": "OSM-NODE-2296732187",
        "name": "Dr Sridhars'Clinic",
        "resource_type": "hospital",
        "zone_id": "W18948",
        "source": "OpenStreetMap",
        "osm_type": "node",
        "osm_id": 2296732187,
        "emergency_capable": null
      },
      "geometry": {
        "type": "Point",
        "coordinates": [
          80.2672427,
          13.0764345
        ]
      }
    },
    {
      "type": "Feature",
      "properties": {
        "id": "OSM-NODE-2339431246",
        "name": "OSM shelter",
        "resource_type": "shelter",
        "zone_id": "W92159",
        "source": "OpenStreetMap",
        "osm_type": "node",
        "osm_id": 2339431246,
        "emergency_capable": null
      },
      "geometry": {
        "type": "Point",
        "coordinates": [
          80.2346195,
          13.0094398
        ]
      }
    },
    {
      "type": "Feature",
      "properties": {
        "id": "OSM-NODE-2339431247",
        "name": "OSM shelter",
        "resource_type": "shelter",
        "zone_id": "W92159",
        "source": "OpenStreetMap",
        "osm_type": "node",
        "osm_id": 2339431247,
        "emergency_capable": null
      },
      "geometry": {
        "type": "Point",
        "coordinates": [
          80.2345524,
          13.0087838
        ]
      }
    },
    {
      "type": "Feature",
      "properties": {
        "id": "OSM-NODE-2427727851",
        "name": "OSM fire_station",
        "resource_type": "fire_station",
        "zone_id": "W19019",
        "source": "OpenStreetMap",
        "osm_type": "node",
        "osm_id": 2427727851,
        "emergency_capable": null
      },
      "geometry": {
        "type": "Point",
        "coordinates": [
          80.2306922,
          13.0351313
        ]
      }
    },
    {
      "type": "Feature",
      "properties": {
        "id": "OSM-NODE-2485567524",
        "name": "Vepery Hospital",
        "resource_type": "hospital",
        "zone_id": "W18964",
        "source": "OpenStreetMap",
        "osm_type": "node",
        "osm_id": 2485567524,
        "emergency_capable": null
      },
      "geometry": {
        "type": "Point",
        "coordinates": [
          80.2594411,
          13.0921812
        ]
      }
    },
    {
      "type": "Feature",
      "properties": {
        "id": "OSM-NODE-2517035814",
        "name": "Vasan Eye care",
        "resource_type": "hospital",
        "zone_id": "W19073",
        "source": "OpenStreetMap",
        "osm_type": "node",
        "osm_id": 2517035814,
        "emergency_capable": null
      },
      "geometry": {
        "type": "Point",
        "coordinates": [
          80.191882,
          12.9658002
        ]
      }
    },
    {
      "type": "Feature",
      "properties": {
        "id": "OSM-NODE-2559180846",
        "name": "Jaws Dental Foundation",
        "resource_type": "hospital",
        "zone_id": "W18988",
        "source": "OpenStreetMap",
        "osm_type": "node",
        "osm_id": 2559180846,
        "emergency_capable": true
      },
      "geometry": {
        "type": "Point",
        "coordinates": [
          80.2236256,
          13.0929667
        ]
      }
    },
    {
      "type": "Feature",
      "properties": {
        "id": "OSM-NODE-2587520257",
        "name": "J6 Police Station",
        "resource_type": "police_station",
        "zone_id": "W19066",
        "source": "OpenStreetMap",
        "osm_type": "node",
        "osm_id": 2587520257,
        "emergency_capable": null
      },
      "geometry": {
        "type": "Point",
        "coordinates": [
          80.2559315,
          12.9874599
        ]
      }
    },
    {
      "type": "Feature",
      "properties": {
        "id": "OSM-NODE-2587530810",
        "name": "Chennai Skin Foundation",
        "resource_type": "hospital",
        "zone_id": "W19057",
        "source": "OpenStreetMap",
        "osm_type": "node",
        "osm_id": 2587530810,
        "emergency_capable": null
      },
      "geometry": {
        "type": "Point",
        "coordinates": [
          80.2594702,
          13.0205681
        ]
      }
    },
    {
      "type": "Feature",
      "properties": {
        "id": "OSM-NODE-2669702938",
        "name": "Sukrthi Nursing Home",
        "resource_type": "hospital",
        "zone_id": "W19072",
        "source": "OpenStreetMap",
        "osm_type": "node",
        "osm_id": 2669702938,
        "emergency_capable": true
      },
      "geometry": {
        "type": "Point",
        "coordinates": [
          80.2082964,
          12.9710287
        ]
      }
    },
    {
      "type": "Feature",
      "properties": {
        "id": "OSM-NODE-2676678607",
        "name": "24 Hours Hospital",
        "resource_type": "clinic",
        "zone_id": "W19028",
        "source": "OpenStreetMap",
        "osm_type": "node",
        "osm_id": 2676678607,
        "emergency_capable": true
      },
      "geometry": {
        "type": "Point",
        "coordinates": [
          80.2231706,
          13.024235
        ]
      }
    },
    {
      "type": "Feature",
      "properties": {
        "id": "OSM-NODE-2794348661",
        "name": "A.N.N Hospital",
        "resource_type": "hospital",
        "zone_id": "W19038",
        "source": "OpenStreetMap",
        "osm_type": "node",
        "osm_id": 2794348661,
        "emergency_capable": true
      },
      "geometry": {
        "type": "Point",
        "coordinates": [
          80.1784622,
          13.0405941
        ]
      }
    },
    {
      "type": "Feature",
      "properties": {
        "id": "OSM-NODE-3118864398",
        "name": "Kauvery Hospital",
        "resource_type": "hospital",
        "zone_id": "W19009",
        "source": "OpenStreetMap",
        "osm_type": "node",
        "osm_id": 3118864398,
        "emergency_capable": true
      },
      "geometry": {
        "type": "Point",
        "coordinates": [
          80.2573008,
          13.0381705
        ]
      }
    },
    {
      "type": "Feature",
      "properties": {
        "id": "OSM-NODE-3195423909",
        "name": "Chetpet",
        "resource_type": "police_station",
        "zone_id": "W18994",
        "source": "OpenStreetMap",
        "osm_type": "node",
        "osm_id": 3195423909,
        "emergency_capable": null
      },
      "geometry": {
        "type": "Point",
        "coordinates": [
          80.2421194,
          13.0706907
        ]
      }
    },
    {
      "type": "Feature",
      "properties": {
        "id": "OSM-NODE-3372786283",
        "name": "Velachery SABA Hospital",
        "resource_type": "hospital",
        "zone_id": "W19063",
        "source": "OpenStreetMap",
        "osm_type": "node",
        "osm_id": 3372786283,
        "emergency_capable": null
      },
      "geometry": {
        "type": "Point",
        "coordinates": [
          80.2298924,
          12.9862735
        ]
      }
    },
    {
      "type": "Feature",
      "properties": {
        "id": "OSM-NODE-3397750866",
        "name": "Dr. Reddi's Poly Clinic",
        "resource_type": "clinic",
        "zone_id": "W19028",
        "source": "OpenStreetMap",
        "osm_type": "node",
        "osm_id": 3397750866,
        "emergency_capable": null
      },
      "geometry": {
        "type": "Point",
        "coordinates": [
          80.2230108,
          13.022387
        ]
      }
    },
    {
      "type": "Feature",
      "properties": {
        "id": "OSM-NODE-3453302329",
        "name": "Sugam Poly Clinic",
        "resource_type": "clinic",
        "zone_id": "W19028",
        "source": "OpenStreetMap",
        "osm_type": "node",
        "osm_id": 3453302329,
        "emergency_capable": null
      },
      "geometry": {
        "type": "Point",
        "coordinates": [
          80.2208806,
          13.0248543
        ]
      }
    },
    {
      "type": "Feature",
      "properties": {
        "id": "OSM-NODE-3453328189",
        "name": "24 Hours Health care centre",
        "resource_type": "clinic",
        "zone_id": "W19028",
        "source": "OpenStreetMap",
        "osm_type": "node",
        "osm_id": 3453328189,
        "emergency_capable": null
      },
      "geometry": {
        "type": "Point",
        "coordinates": [
          80.2203784,
          13.0248243
        ]
      }
    },
    {
      "type": "Feature",
      "properties": {
        "id": "OSM-NODE-3680482049",
        "name": "Sri Meenakshi Nursing Home, Chennai",
        "resource_type": "clinic",
        "zone_id": "W19020",
        "source": "OpenStreetMap",
        "osm_type": "node",
        "osm_id": 3680482049,
        "emergency_capable": null
      },
      "geometry": {
        "type": "Point",
        "coordinates": [
          80.2285827,
          13.041711
        ]
      }
    },
    {
      "type": "Feature",
      "properties": {
        "id": "OSM-NODE-3687711447",
        "name": "Kaya Skin clinic",
        "resource_type": "hospital",
        "zone_id": "W19063",
        "source": "OpenStreetMap",
        "osm_type": "node",
        "osm_id": 3687711447,
        "emergency_capable": null
      },
      "geometry": {
        "type": "Point",
        "coordinates": [
          80.2223505,
          12.9767775
        ]
      }
    },
    {
      "type": "Feature",
      "properties": {
        "id": "OSM-NODE-3702797921",
        "name": "Madras Medical Mission Hospital - Institute of Cardio Vascular Diseases",
        "resource_type": "hospital",
        "zone_id": "W18978",
        "source": "OpenStreetMap",
        "osm_type": "node",
        "osm_id": 3702797921,
        "emergency_capable": true
      },
      "geometry": {
        "type": "Point",
        "coordinates": [
          80.1870589,
          13.0859961
        ]
      }
    },
    {
      "type": "Feature",
      "properties": {
        "id": "OSM-NODE-3982078512",
        "name": "Pavithra Hospital",
        "resource_type": "hospital",
        "zone_id": "W18921",
        "source": "OpenStreetMap",
        "osm_type": "node",
        "osm_id": 3982078512,
        "emergency_capable": null
      },
      "geometry": {
        "type": "Point",
        "coordinates": [
          80.2488406,
          13.1260907
        ]
      }
    },
    {
      "type": "Feature",
      "properties": {
        "id": "OSM-NODE-4119100489",
        "name": "OSM shelter",
        "resource_type": "shelter",
        "zone_id": "W19011",
        "source": "OpenStreetMap",
        "osm_type": "node",
        "osm_id": 4119100489,
        "emergency_capable": null
      },
      "geometry": {
        "type": "Point",
        "coordinates": [
          80.2742885,
          13.0325324
        ]
      }
    },
    {
      "type": "Feature",
      "properties": {
        "id": "OSM-NODE-4221573903",
        "name": "JKCN Complex (Sankara Nethralaya)",
        "resource_type": "hospital",
        "zone_id": "W18997",
        "source": "OpenStreetMap",
        "osm_type": "node",
        "osm_id": 4221573903,
        "emergency_capable": null
      },
      "geometry": {
        "type": "Point",
        "coordinates": [
          80.2497746,
          13.0642564
        ]
      }
    },
    {
      "type": "Feature",
      "properties": {
        "id": "OSM-NODE-4308319495",
        "name": "R6 KUMARAN NAGAR POLICE STATION ",
        "resource_type": "police_station",
        "zone_id": "W19025",
        "source": "OpenStreetMap",
        "osm_type": "node",
        "osm_id": 4308319495,
        "emergency_capable": null
      },
      "geometry": {
        "type": "Point",
        "coordinates": [
          80.2163105,
          13.0283677
        ]
      }
    },
    {
      "type": "Feature",
      "properties": {
        "id": "OSM-NODE-4329387869",
        "name": "Srinivasan Rajalakshmi Memorial Hospital",
        "resource_type": "hospital",
        "zone_id": "W19053",
        "source": "OpenStreetMap",
        "osm_type": "node",
        "osm_id": 4329387869,
        "emergency_capable": true
      },
      "geometry": {
        "type": "Point",
        "coordinates": [
          80.187599,
          12.9733792
        ]
      }
    },
    {
      "type": "Feature",
      "properties": {
        "id": "OSM-NODE-4411841796",
        "name": "OSM clinic",
        "resource_type": "clinic",
        "zone_id": "W19041",
        "source": "OpenStreetMap",
        "osm_type": "node",
        "osm_id": 4411841796,
        "emergency_capable": null
      },
      "geometry": {
        "type": "Point",
        "coordinates": [
          80.183588,
          13.0286757
        ]
      }
    },
    {
      "type": "Feature",
      "properties": {
        "id": "OSM-NODE-4411853996",
        "name": "OSM clinic",
        "resource_type": "clinic",
        "zone_id": "W19041",
        "source": "OpenStreetMap",
        "osm_type": "node",
        "osm_id": 4411853996,
        "emergency_capable": null
      },
      "geometry": {
        "type": "Point",
        "coordinates": [
          80.1832579,
          13.0278142
        ]
      }
    },
    {
      "type": "Feature",
      "properties": {
        "id": "OSM-NODE-4411855589",
        "name": "OSM hospital",
        "resource_type": "hospital",
        "zone_id": "W19041",
        "source": "OpenStreetMap",
        "osm_type": "node",
        "osm_id": 4411855589,
        "emergency_capable": null
      },
      "geometry": {
        "type": "Point",
        "coordinates": [
          80.1829882,
          13.026489
        ]
      }
    },
    {
      "type": "Feature",
      "properties": {
        "id": "OSM-NODE-4411855591",
        "name": "OSM clinic",
        "resource_type": "clinic",
        "zone_id": "W19062",
        "source": "OpenStreetMap",
        "osm_type": "node",
        "osm_id": 4411855591,
        "emergency_capable": null
      },
      "geometry": {
        "type": "Point",
        "coordinates": [
          80.2201536,
          12.9745585
        ]
      }
    },
    {
      "type": "Feature",
      "properties": {
        "id": "OSM-NODE-4421926391",
        "name": "OSM clinic",
        "resource_type": "clinic",
        "zone_id": "W18997",
        "source": "OpenStreetMap",
        "osm_type": "node",
        "osm_id": 4421926391,
        "emergency_capable": null
      },
      "geometry": {
        "type": "Point",
        "coordinates": [
          80.2496008,
          13.0672454
        ]
      }
    },
    {
      "type": "Feature",
      "properties": {
        "id": "OSM-NODE-4445488162",
        "name": "Otteri Police Station",
        "resource_type": "police_station",
        "zone_id": "W18961",
        "source": "OpenStreetMap",
        "osm_type": "node",
        "osm_id": 4445488162,
        "emergency_capable": null
      },
      "geometry": {
        "type": "Point",
        "coordinates": [
          80.2458786,
          13.0874523
        ]
      }
    },
    {
      "type": "Feature",
      "properties": {
        "id": "OSM-NODE-4449967759",
        "name": "J.J Nagar Police Booth (V3)",
        "resource_type": "police_station",
        "zone_id": "W18975",
        "source": "OpenStreetMap",
        "osm_type": "node",
        "osm_id": 4449967759,
        "emergency_capable": null
      },
      "geometry": {
        "type": "Point",
        "coordinates": [
          80.1878894,
          13.0876952
        ]
      }
    },
    {
      "type": "Feature",
      "properties": {
        "id": "OSM-NODE-4455385690",
        "name": "OSM clinic",
        "resource_type": "clinic",
        "zone_id": "W19033",
        "source": "OpenStreetMap",
        "osm_type": "node",
        "osm_id": 4455385690,
        "emergency_capable": null
      },
      "geometry": {
        "type": "Point",
        "coordinates": [
          80.1694976,
          13.0594837
        ]
      }
    },
    {
      "type": "Feature",
      "properties": {
        "id": "OSM-NODE-4486583996",
        "name": "Chennai Medical Centre Hospital",
        "resource_type": "hospital",
        "zone_id": "W19014",
        "source": "OpenStreetMap",
        "osm_type": "node",
        "osm_id": 4486583996,
        "emergency_capable": null
      },
      "geometry": {
        "type": "Point",
        "coordinates": [
          80.1889685,
          13.0380047
        ]
      }
    },
    {
      "type": "Feature",
      "properties": {
        "id": "OSM-NODE-4488082604",
        "name": "SRM Institutes For Medical Science",
        "resource_type": "hospital",
        "zone_id": "W19016",
        "source": "OpenStreetMap",
        "osm_type": "node",
        "osm_id": 4488082604,
        "emergency_capable": null
      },
      "geometry": {
        "type": "Point",
        "coordinates": [
          80.2114304,
          13.0515961
        ]
      }
    },
    {
      "type": "Feature",
      "properties": {
        "id": "OSM-NODE-4488387389",
        "name": "OSM clinic",
        "resource_type": "clinic",
        "zone_id": "W19008",
        "source": "OpenStreetMap",
        "osm_type": "node",
        "osm_id": 4488387389,
        "emergency_capable": null
      },
      "geometry": {
        "type": "Point",
        "coordinates": [
          80.2526813,
          13.0327786
        ]
      }
    },
    {
      "type": "Feature",
      "properties": {
        "id": "OSM-NODE-4580687657",
        "name": "Siva clinic",
        "resource_type": "clinic",
        "zone_id": "W19026",
        "source": "OpenStreetMap",
        "osm_type": "node",
        "osm_id": 4580687657,
        "emergency_capable": null
      },
      "geometry": {
        "type": "Point",
        "coordinates": [
          80.2247278,
          13.0313209
        ]
      }
    },
    {
      "type": "Feature",
      "properties": {
        "id": "OSM-NODE-4764302980",
        "name": "HEALTH",
        "resource_type": "hospital",
        "zone_id": "W92159",
        "source": "OpenStreetMap",
        "osm_type": "node",
        "osm_id": 4764302980,
        "emergency_capable": null
      },
      "geometry": {
        "type": "Point",
        "coordinates": [
          80.2395364,
          13.0135999
        ]
      }
    },
    {
      "type": "Feature",
      "properties": {
        "id": "OSM-NODE-4813324323",
        "name": "OSM hospital",
        "resource_type": "hospital",
        "zone_id": "W18935",
        "source": "OpenStreetMap",
        "osm_type": "node",
        "osm_id": 4813324323,
        "emergency_capable": null
      },
      "geometry": {
        "type": "Point",
        "coordinates": [
          80.2905249,
          13.1133021
        ]
      }
    },
    {
      "type": "Feature",
      "properties": {
        "id": "OSM-NODE-5079397364",
        "name": "Police Assistance Booth",
        "resource_type": "police_station",
        "zone_id": "W18948",
        "source": "OpenStreetMap",
        "osm_type": "node",
        "osm_id": 5079397364,
        "emergency_capable": null
      },
      "geometry": {
        "type": "Point",
        "coordinates": [
          80.2714181,
          13.0699263
        ]
      }
    },
    {
      "type": "Feature",
      "properties": {
        "id": "OSM-NODE-5226262920",
        "name": "J-10 Semmenchery Police Station",
        "resource_type": "police_station",
        "zone_id": "W19085",
        "source": "OpenStreetMap",
        "osm_type": "node",
        "osm_id": 5226262920,
        "emergency_capable": null
      },
      "geometry": {
        "type": "Point",
        "coordinates": [
          80.2280156,
          12.9008558
        ]
      }
    },
    {
      "type": "Feature",
      "properties": {
        "id": "OSM-NODE-5263563022",
        "name": "OSM hospital",
        "resource_type": "hospital",
        "zone_id": "W18956",
        "source": "OpenStreetMap",
        "osm_type": "node",
        "osm_id": 5263563022,
        "emergency_capable": null
      },
      "geometry": {
        "type": "Point",
        "coordinates": [
          80.2429369,
          13.1131363
        ]
      }
    },
    {
      "type": "Feature",
      "properties": {
        "id": "OSM-NODE-5306596304",
        "name": "Neuro Clinic",
        "resource_type": "clinic",
        "zone_id": "W18990",
        "source": "OpenStreetMap",
        "osm_type": "node",
        "osm_id": 5306596304,
        "emergency_capable": null
      },
      "geometry": {
        "type": "Point",
        "coordinates": [
          80.2048268,
          13.0862108
        ]
      }
    },
    {
      "type": "Feature",
      "properties": {
        "id": "OSM-NODE-5318562365",
        "name": "Dr. Ram's Diabetes & Endocrine Clinic",
        "resource_type": "clinic",
        "zone_id": "W18990",
        "source": "OpenStreetMap",
        "osm_type": "node",
        "osm_id": 5318562365,
        "emergency_capable": null
      },
      "geometry": {
        "type": "Point",
        "coordinates": [
          80.1983714,
          13.0860731
        ]
      }
    },
    {
      "type": "Feature",
      "properties": {
        "id": "OSM-NODE-5318565084",
        "name": "Heart Care Clinic",
        "resource_type": "clinic",
        "zone_id": "W18990",
        "source": "OpenStreetMap",
        "osm_type": "node",
        "osm_id": 5318565084,
        "emergency_capable": null
      },
      "geometry": {
        "type": "Point",
        "coordinates": [
          80.1983243,
          13.0856328
        ]
      }
    },
    {
      "type": "Feature",
      "properties": {
        "id": "OSM-NODE-5336542921",
        "name": "The Cresent Hospital",
        "resource_type": "hospital",
        "zone_id": "W19006",
        "source": "OpenStreetMap",
        "osm_type": "node",
        "osm_id": 5336542921,
        "emergency_capable": null
      },
      "geometry": {
        "type": "Point",
        "coordinates": [
          80.2727336,
          13.0527235
        ]
      }
    },
    {
      "type": "Feature",
      "properties": {
        "id": "OSM-NODE-5338508432",
        "name": "Swami Eye Clinic & Surgi Center",
        "resource_type": "clinic",
        "zone_id": "W18981",
        "source": "OpenStreetMap",
        "osm_type": "node",
        "osm_id": 5338508432,
        "emergency_capable": null
      },
      "geometry": {
        "type": "Point",
        "coordinates": [
          80.2077881,
          13.1058085
        ]
      }
    },
    {
      "type": "Feature",
      "properties": {
        "id": "OSM-NODE-5354315736",
        "name": "Fire service station;Fire Force Service center",
        "resource_type": "fire_station",
        "zone_id": "W19063",
        "source": "OpenStreetMap",
        "osm_type": "node",
        "osm_id": 5354315736,
        "emergency_capable": null
      },
      "geometry": {
        "type": "Point",
        "coordinates": [
          80.2276341,
          12.9768528
        ]
      }
    },
    {
      "type": "Feature",
      "properties": {
        "id": "OSM-NODE-5367536437",
        "name": "Police Booth",
        "resource_type": "police_station",
        "zone_id": "W19043",
        "source": "OpenStreetMap",
        "osm_type": "node",
        "osm_id": 5367536437,
        "emergency_capable": null
      },
      "geometry": {
        "type": "Point",
        "coordinates": [
          80.1816427,
          13.0149758
        ]
      }
    },
    {
      "type": "Feature",
      "properties": {
        "id": "OSM-NODE-5367950021",
        "name": "Biocosmo Healthcare",
        "resource_type": "hospital",
        "zone_id": "W18996",
        "source": "OpenStreetMap",
        "osm_type": "node",
        "osm_id": 5367950021,
        "emergency_capable": null
      },
      "geometry": {
        "type": "Point",
        "coordinates": [
          80.2375326,
          13.0590329
        ]
      }
    },
    {
      "type": "Feature",
      "properties": {
        "id": "OSM-NODE-5372752957",
        "name": "Anbu Dental Implant & Maxillofacial Clinic",
        "resource_type": "clinic",
        "zone_id": "W18976",
        "source": "OpenStreetMap",
        "osm_type": "node",
        "osm_id": 5372752957,
        "emergency_capable": null
      },
      "geometry": {
        "type": "Point",
        "coordinates": [
          80.192537,
          13.0855051
        ]
      }
    },
    {
      "type": "Feature",
      "properties": {
        "id": "OSM-NODE-5492573024",
        "name": "VSR Hospital",
        "resource_type": "hospital",
        "zone_id": "W18978",
        "source": "OpenStreetMap",
        "osm_type": "node",
        "osm_id": 5492573024,
        "emergency_capable": null
      },
      "geometry": {
        "type": "Point",
        "coordinates": [
          80.1805593,
          13.0799682
        ]
      }
    },
    {
      "type": "Feature",
      "properties": {
        "id": "OSM-NODE-5492577281",
        "name": "New Life Family Hospitals",
        "resource_type": "hospital",
        "zone_id": "W18978",
        "source": "OpenStreetMap",
        "osm_type": "node",
        "osm_id": 5492577281,
        "emergency_capable": null
      },
      "geometry": {
        "type": "Point",
        "coordinates": [
          80.1804976,
          13.0800478
        ]
      }
    },
    {
      "type": "Feature",
      "properties": {
        "id": "OSM-NODE-5500158687",
        "name": "Vijaya Group of Hospital",
        "resource_type": "hospital",
        "zone_id": "W19016",
        "source": "OpenStreetMap",
        "osm_type": "node",
        "osm_id": 5500158687,
        "emergency_capable": null
      },
      "geometry": {
        "type": "Point",
        "coordinates": [
          80.2083222,
          13.0497391
        ]
      }
    },
    {
      "type": "Feature",
      "properties": {
        "id": "OSM-NODE-5547728024",
        "name": "ஹிபா சிறப்பு மருத்துவமனை",
        "resource_type": "hospital",
        "zone_id": "W19000",
        "source": "OpenStreetMap",
        "osm_type": "node",
        "osm_id": 5547728024,
        "emergency_capable": null
      },
      "geometry": {
        "type": "Point",
        "coordinates": [
          80.275747,
          13.0615207
        ]
      }
    },
    {
      "type": "Feature",
      "properties": {
        "id": "OSM-NODE-5570522545",
        "name": "ARK Hospital",
        "resource_type": "hospital",
        "zone_id": "W19063",
        "source": "OpenStreetMap",
        "osm_type": "node",
        "osm_id": 5570522545,
        "emergency_capable": null
      },
      "geometry": {
        "type": "Point",
        "coordinates": [
          80.2293536,
          12.9856999
        ]
      }
    },
    {
      "type": "Feature",
      "properties": {
        "id": "OSM-NODE-5631872265",
        "name": "Viji Clinic",
        "resource_type": "clinic",
        "zone_id": "W19026",
        "source": "OpenStreetMap",
        "osm_type": "node",
        "osm_id": 5631872265,
        "emergency_capable": null
      },
      "geometry": {
        "type": "Point",
        "coordinates": [
          80.2217057,
          13.0298741
        ]
      }
    },
    {
      "type": "Feature",
      "properties": {
        "id": "OSM-NODE-5631872266",
        "name": "Annamalai Hospital",
        "resource_type": "hospital",
        "zone_id": "W19026",
        "source": "OpenStreetMap",
        "osm_type": "node",
        "osm_id": 5631872266,
        "emergency_capable": null
      },
      "geometry": {
        "type": "Point",
        "coordinates": [
          80.2228983,
          13.031147
        ]
      }
    },
    {
      "type": "Feature",
      "properties": {
        "id": "OSM-NODE-5631872277",
        "name": "Ezhil Hospital",
        "resource_type": "hospital",
        "zone_id": "W19026",
        "source": "OpenStreetMap",
        "osm_type": "node",
        "osm_id": 5631872277,
        "emergency_capable": true
      },
      "geometry": {
        "type": "Point",
        "coordinates": [
          80.2207913,
          13.0319539
        ]
      }
    },
    {
      "type": "Feature",
      "properties": {
        "id": "OSM-NODE-5672251523",
        "name": "OSM shelter",
        "resource_type": "shelter",
        "zone_id": "W18981",
        "source": "OpenStreetMap",
        "osm_type": "node",
        "osm_id": 5672251523,
        "emergency_capable": null
      },
      "geometry": {
        "type": "Point",
        "coordinates": [
          80.2104803,
          13.1032662
        ]
      }
    },
    {
      "type": "Feature",
      "properties": {
        "id": "OSM-NODE-5792664046",
        "name": "Qure Ortho Clinic, Physiotherapy, X Ray & Pharmacy",
        "resource_type": "hospital",
        "zone_id": "W19051",
        "source": "OpenStreetMap",
        "osm_type": "node",
        "osm_id": 5792664046,
        "emergency_capable": null
      },
      "geometry": {
        "type": "Point",
        "coordinates": [
          80.2043658,
          12.9794
        ]
      }
    },
    {
      "type": "Feature",
      "properties": {
        "id": "OSM-NODE-6036687186",
        "name": "GK Clinic",
        "resource_type": "clinic",
        "zone_id": "W18981",
        "source": "OpenStreetMap",
        "osm_type": "node",
        "osm_id": 6036687186,
        "emergency_capable": null
      },
      "geometry": {
        "type": "Point",
        "coordinates": [
          80.2098688,
          13.1055632
        ]
      }
    },
    {
      "type": "Feature",
      "properties": {
        "id": "OSM-NODE-6057943093",
        "name": "Diabetes and Heart Care Clinic",
        "resource_type": "clinic",
        "zone_id": "W19008",
        "source": "OpenStreetMap",
        "osm_type": "node",
        "osm_id": 6057943093,
        "emergency_capable": null
      },
      "geometry": {
        "type": "Point",
        "coordinates": [
          80.2474284,
          13.0291736
        ]
      }
    },
    {
      "type": "Feature",
      "properties": {
        "id": "OSM-NODE-6131954385",
        "name": "OSM clinic",
        "resource_type": "clinic",
        "zone_id": "W19057",
        "source": "OpenStreetMap",
        "osm_type": "node",
        "osm_id": 6131954385,
        "emergency_capable": null
      },
      "geometry": {
        "type": "Point",
        "coordinates": [
          80.2697182,
          13.0199102
        ]
      }
    },
    {
      "type": "Feature",
      "properties": {
        "id": "OSM-NODE-6167503411",
        "name": "BK ENT care",
        "resource_type": "clinic",
        "zone_id": "W18996",
        "source": "OpenStreetMap",
        "osm_type": "node",
        "osm_id": 6167503411,
        "emergency_capable": null
      },
      "geometry": {
        "type": "Point",
        "coordinates": [
          80.2362823,
          13.057865
        ]
      }
    },
    {
      "type": "Feature",
      "properties": {
        "id": "OSM-NODE-6167503412",
        "name": "Suman Clinic",
        "resource_type": "clinic",
        "zone_id": "W18996",
        "source": "OpenStreetMap",
        "osm_type": "node",
        "osm_id": 6167503412,
        "emergency_capable": null
      },
      "geometry": {
        "type": "Point",
        "coordinates": [
          80.2348714,
          13.055823
        ]
      }
    },
    {
      "type": "Feature",
      "properties": {
        "id": "OSM-NODE-6185882385",
        "name": "Nivas Skin Clinic",
        "resource_type": "hospital",
        "zone_id": "W19024",
        "source": "OpenStreetMap",
        "osm_type": "node",
        "osm_id": 6185882385,
        "emergency_capable": null
      },
      "geometry": {
        "type": "Point",
        "coordinates": [
          80.2085951,
          13.0289663
        ]
      }
    },
    {
      "type": "Feature",
      "properties": {
        "id": "OSM-NODE-6187367787",
        "name": "OSM clinic",
        "resource_type": "clinic",
        "zone_id": "W18947",
        "source": "OpenStreetMap",
        "osm_type": "node",
        "osm_id": 6187367787,
        "emergency_capable": null
      },
      "geometry": {
        "type": "Point",
        "coordinates": [
          80.2530089,
          13.0723143
        ]
      }
    },
    {
      "type": "Feature",
      "properties": {
        "id": "OSM-NODE-6324654184",
        "name": "Aryan Clinic",
        "resource_type": "clinic",
        "zone_id": "W19003",
        "source": "OpenStreetMap",
        "osm_type": "node",
        "osm_id": 6324654184,
        "emergency_capable": null
      },
      "geometry": {
        "type": "Point",
        "coordinates": [
          80.2457288,
          13.0464568
        ]
      }
    },
    {
      "type": "Feature",
      "properties": {
        "id": "OSM-NODE-6681271185",
        "name": "OSM clinic",
        "resource_type": "clinic",
        "zone_id": "W18949",
        "source": "OpenStreetMap",
        "osm_type": "node",
        "osm_id": 6681271185,
        "emergency_capable": null
      },
      "geometry": {
        "type": "Point",
        "coordinates": [
          80.2657441,
          13.0708359
        ]
      }
    },
    {
      "type": "Feature",
      "properties": {
        "id": "OSM-NODE-6780251054",
        "name": "Railway Police",
        "resource_type": "police_station",
        "zone_id": "W19010",
        "source": "OpenStreetMap",
        "osm_type": "node",
        "osm_id": 6780251054,
        "emergency_capable": null
      },
      "geometry": {
        "type": "Point",
        "coordinates": [
          80.2664405,
          13.0341367
        ]
      }
    },
    {
      "type": "Feature",
      "properties": {
        "id": "OSM-NODE-6854765885",
        "name": "OSM police_station",
        "resource_type": "police_station",
        "zone_id": "W19065",
        "source": "OpenStreetMap",
        "osm_type": "node",
        "osm_id": 6854765885,
        "emergency_capable": null
      },
      "geometry": {
        "type": "Point",
        "coordinates": [
          80.2674928,
          12.9931857
        ]
      }
    },
    {
      "type": "Feature",
      "properties": {
        "id": "OSM-NODE-6886285320",
        "name": "Apollo Cancer Centres",
        "resource_type": "hospital",
        "zone_id": "W19008",
        "source": "OpenStreetMap",
        "osm_type": "node",
        "osm_id": 6886285320,
        "emergency_capable": null
      },
      "geometry": {
        "type": "Point",
        "coordinates": [
          80.2451004,
          13.0337515
        ]
      }
    },
    {
      "type": "Feature",
      "properties": {
        "id": "OSM-NODE-6914280086",
        "name": "Raju Hospitals",
        "resource_type": "hospital",
        "zone_id": "W19027",
        "source": "OpenStreetMap",
        "osm_type": "node",
        "osm_id": 6914280086,
        "emergency_capable": null
      },
      "geometry": {
        "type": "Point",
        "coordinates": [
          80.230346,
          13.0329888
        ]
      }
    },
    {
      "type": "Feature",
      "properties": {
        "id": "OSM-NODE-6914280087",
        "name": "Raju Nursing Home, Chennai",
        "resource_type": "clinic",
        "zone_id": "W18954",
        "source": "OpenStreetMap",
        "osm_type": "node",
        "osm_id": 6914280087,
        "emergency_capable": null
      },
      "geometry": {
        "type": "Point",
        "coordinates": [
          80.2254523,
          13.1193228
        ]
      }
    },
    {
      "type": "Feature",
      "properties": {
        "id": "OSM-NODE-6914280093",
        "name": "Rakshith Hospitals",
        "resource_type": "hospital",
        "zone_id": "W19035",
        "source": "OpenStreetMap",
        "osm_type": "node",
        "osm_id": 6914280093,
        "emergency_capable": null
      },
      "geometry": {
        "type": "Point",
        "coordinates": [
          80.177473,
          13.042307
        ]
      }
    },
    {
      "type": "Feature",
      "properties": {
        "id": "OSM-NODE-6914280100",
        "name": "Raj Nursing Home, Tiruvallur",
        "resource_type": "clinic",
        "zone_id": "W18979",
        "source": "OpenStreetMap",
        "osm_type": "node",
        "osm_id": 6914280100,
        "emergency_capable": null
      },
      "geometry": {
        "type": "Point",
        "coordinates": [
          80.1876882,
          13.0844879
        ]
      }
    },
    {
      "type": "Feature",
      "properties": {
        "id": "OSM-NODE-6914764653",
        "name": "Sri Kalyan Hospital",
        "resource_type": "hospital",
        "zone_id": "W19059",
        "source": "OpenStreetMap",
        "osm_type": "node",
        "osm_id": 6914764653,
        "emergency_capable": null
      },
      "geometry": {
        "type": "Point",
        "coordinates": [
          80.2507134,
          13.0063976
        ]
      }
    },
    {
      "type": "Feature",
      "properties": {
        "id": "OSM-NODE-6914767986",
        "name": "Sundaravadanan Nursing Home",
        "resource_type": "clinic",
        "zone_id": "W18944",
        "source": "OpenStreetMap",
        "osm_type": "node",
        "osm_id": 6914767986,
        "emergency_capable": null
      },
      "geometry": {
        "type": "Point",
        "coordinates": [
          80.2560469,
          13.0793555
        ]
      }
    },
    {
      "type": "Feature",
      "properties": {
        "id": "OSM-NODE-6914768001",
        "name": "Sen Hospital",
        "resource_type": "hospital",
        "zone_id": "W18956",
        "source": "OpenStreetMap",
        "osm_type": "node",
        "osm_id": 6914768001,
        "emergency_capable": null
      },
      "geometry": {
        "type": "Point",
        "coordinates": [
          80.2418775,
          13.1105649
        ]
      }
    },
    {
      "type": "Feature",
      "properties": {
        "id": "OSM-NODE-6914768012",
        "name": "Angel Nursing Home, Washermenpet",
        "resource_type": "clinic",
        "zone_id": "W18934",
        "source": "OpenStreetMap",
        "osm_type": "node",
        "osm_id": 6914768012,
        "emergency_capable": null
      },
      "geometry": {
        "type": "Point",
        "coordinates": [
          80.2847452,
          13.1116559
        ]
      }
    },
    {
      "type": "Feature",
      "properties": {
        "id": "OSM-NODE-6914768046",
        "name": "Billroth Hospitals",
        "resource_type": "hospital",
        "zone_id": "W18987",
        "source": "OpenStreetMap",
        "osm_type": "node",
        "osm_id": 6914768046,
        "emergency_capable": null
      },
      "geometry": {
        "type": "Point",
        "coordinates": [
          80.2272588,
          13.0757435
        ]
      }
    },
    {
      "type": "Feature",
      "properties": {
        "id": "OSM-NODE-6914768063",
        "name": "Cauvery Trust Hospital",
        "resource_type": "hospital",
        "zone_id": "W18981",
        "source": "OpenStreetMap",
        "osm_type": "node",
        "osm_id": 6914768063,
        "emergency_capable": null
      },
      "geometry": {
        "type": "Point",
        "coordinates": [
          80.2112943,
          13.1026603
        ]
      }
    },
    {
      "type": "Feature",
      "properties": {
        "id": "OSM-NODE-6914768069",
        "name": "Kedar Hospital",
        "resource_type": "hospital",
        "zone_id": "W19042",
        "source": "OpenStreetMap",
        "osm_type": "node",
        "osm_id": 6914768069,
        "emergency_capable": null
      },
      "geometry": {
        "type": "Point",
        "coordinates": [
          80.1670808,
          13.0229098
        ]
      }
    },
    {
      "type": "Feature",
      "properties": {
        "id": "OSM-NODE-6914768085",
        "name": "Srinivas Eye Hospital",
        "resource_type": "hospital",
        "zone_id": "W18978",
        "source": "OpenStreetMap",
        "osm_type": "node",
        "osm_id": 6914768085,
        "emergency_capable": null
      },
      "geometry": {
        "type": "Point",
        "coordinates": [
          80.1796965,
          13.0829726
        ]
      }
    },
    {
      "type": "Feature",
      "properties": {
        "id": "OSM-NODE-6914768086",
        "name": "Soundarapandian Bone and Joint Hospital Research Institute Pvt. Ltd.",
        "resource_type": "hospital",
        "zone_id": "W18989",
        "source": "OpenStreetMap",
        "osm_type": "node",
        "osm_id": 6914768086,
        "emergency_capable": null
      },
      "geometry": {
        "type": "Point",
        "coordinates": [
          80.2156412,
          13.0838202
        ]
      }
    },
    {
      "type": "Feature",
      "properties": {
        "id": "OSM-NODE-6914768088",
        "name": "Dr. U. Mohan Rau Memorial Hospital - Chennai",
        "resource_type": "hospital",
        "zone_id": "W18944",
        "source": "OpenStreetMap",
        "osm_type": "node",
        "osm_id": 6914768088,
        "emergency_capable": null
      },
      "geometry": {
        "type": "Point",
        "coordinates": [
          80.2572808,
          13.079494
        ]
      }
    },
    {
      "type": "Feature",
      "properties": {
        "id": "OSM-NODE-6914880505",
        "name": "Vijaya Institute Of Trauma and Orthopadics",
        "resource_type": "clinic",
        "zone_id": "W19015",
        "source": "OpenStreetMap",
        "osm_type": "node",
        "osm_id": 6914880505,
        "emergency_capable": null
      },
      "geometry": {
        "type": "Point",
        "coordinates": [
          80.2065495,
          13.0477799
        ]
      }
    },
    {
      "type": "Feature",
      "properties": {
        "id": "OSM-NODE-6914880538",
        "name": "Chennai Cancer Care",
        "resource_type": "hospital",
        "zone_id": "W18986",
        "source": "OpenStreetMap",
        "osm_type": "node",
        "osm_id": 6914880538,
        "emergency_capable": null
      },
      "geometry": {
        "type": "Point",
        "coordinates": [
          80.234026,
          13.0762935
        ]
      }
    },
    {
      "type": "Feature",
      "properties": {
        "id": "OSM-NODE-6914880539",
        "name": "Chennai Eye Care Hospital",
        "resource_type": "hospital",
        "zone_id": "W19063",
        "source": "OpenStreetMap",
        "osm_type": "node",
        "osm_id": 6914880539,
        "emergency_capable": null
      },
      "geometry": {
        "type": "Point",
        "coordinates": [
          80.2246302,
          12.9789449
        ]
      }
    },
    {
      "type": "Feature",
      "properties": {
        "id": "OSM-NODE-6914880540",
        "name": "Chennai Heart Centre",
        "resource_type": "hospital",
        "zone_id": "W18961",
        "source": "OpenStreetMap",
        "osm_type": "node",
        "osm_id": 6914880540,
        "emergency_capable": null
      },
      "geometry": {
        "type": "Point",
        "coordinates": [
          80.2410534,
          13.0917939
        ]
      }
    },
    {
      "type": "Feature",
      "properties": {
        "id": "OSM-NODE-6914880546",
        "name": "Chennai Kaliappa Hospital",
        "resource_type": "hospital",
        "zone_id": "W19009",
        "source": "OpenStreetMap",
        "osm_type": "node",
        "osm_id": 6914880546,
        "emergency_capable": null
      },
      "geometry": {
        "type": "Point",
        "coordinates": [
          80.2558082,
          13.0268492
        ]
      }
    },
    {
      "type": "Feature",
      "properties": {
        "id": "OSM-NODE-6914880552",
        "name": "Mots Hospital",
        "resource_type": "hospital",
        "zone_id": "W18986",
        "source": "OpenStreetMap",
        "osm_type": "node",
        "osm_id": 6914880552,
        "emergency_capable": null
      },
      "geometry": {
        "type": "Point",
        "coordinates": [
          80.2341561,
          13.0833606
        ]
      }
    },
    {
      "type": "Feature",
      "properties": {
        "id": "OSM-NODE-6914880558",
        "name": "Mother and Child Care Clinic, Chennai",
        "resource_type": "clinic",
        "zone_id": "W92158",
        "source": "OpenStreetMap",
        "osm_type": "node",
        "osm_id": 6914880558,
        "emergency_capable": null
      },
      "geometry": {
        "type": "Point",
        "coordinates": [
          80.2042052,
          13.0223545
        ]
      }
    },
    {
      "type": "Feature",
      "properties": {
        "id": "OSM-NODE-6914880574",
        "name": "Mohan Nursing Home, Tiruvallur",
        "resource_type": "clinic",
        "zone_id": "W18981",
        "source": "OpenStreetMap",
        "osm_type": "node",
        "osm_id": 6914880574,
        "emergency_capable": null
      },
      "geometry": {
        "type": "Point",
        "coordinates": [
          80.2090412,
          13.1025336
        ]
      }
    },
    {
      "type": "Feature",
      "properties": {
        "id": "OSM-NODE-6914880584",
        "name": "Vasanthi Orthopaedic Hospital",
        "resource_type": "hospital",
        "zone_id": "W18993",
        "source": "OpenStreetMap",
        "osm_type": "node",
        "osm_id": 6914880584,
        "emergency_capable": null
      },
      "geometry": {
        "type": "Point",
        "coordinates": [
          80.2157642,
          13.0723588
        ]
      }
    },
    {
      "type": "Feature",
      "properties": {
        "id": "OSM-NODE-6914894005",
        "name": "Mina Nursing Home",
        "resource_type": "clinic",
        "zone_id": "W19046",
        "source": "OpenStreetMap",
        "osm_type": "node",
        "osm_id": 6914894005,
        "emergency_capable": null
      },
      "geometry": {
        "type": "Point",
        "coordinates": [
          80.206874,
          13.0074586
        ]
      }
    },
    {
      "type": "Feature",
      "properties": {
        "id": "OSM-NODE-6914896192",
        "name": "R.M.D. Nursing Home",
        "resource_type": "clinic",
        "zone_id": "W19019",
        "source": "OpenStreetMap",
        "osm_type": "node",
        "osm_id": 6914896192,
        "emergency_capable": null
      },
      "geometry": {
        "type": "Point",
        "coordinates": [
          80.2355951,
          13.0440054
        ]
      }
    },
    {
      "type": "Feature",
      "properties": {
        "id": "OSM-NODE-6914896212",
        "name": "R.K. Gynaec And Maternity Hospital",
        "resource_type": "hospital",
        "zone_id": "W18986",
        "source": "OpenStreetMap",
        "osm_type": "node",
        "osm_id": 6914896212,
        "emergency_capable": null
      },
      "geometry": {
        "type": "Point",
        "coordinates": [
          80.2481786,
          13.0788127
        ]
      }
    },
    {
      "type": "Feature",
      "properties": {
        "id": "OSM-NODE-6914896214",
        "name": "R.G. Stone Urological Research Institute",
        "resource_type": "hospital",
        "zone_id": "W19028",
        "source": "OpenStreetMap",
        "osm_type": "node",
        "osm_id": 6914896214,
        "emergency_capable": null
      },
      "geometry": {
        "type": "Point",
        "coordinates": [
          80.2278288,
          13.0240792
        ]
      }
    },
    {
      "type": "Feature",
      "properties": {
        "id": "OSM-NODE-6914896215",
        "name": "R. K. Eye Centre",
        "resource_type": "hospital",
        "zone_id": "W18999",
        "source": "OpenStreetMap",
        "osm_type": "node",
        "osm_id": 6914896215,
        "emergency_capable": null
      },
      "geometry": {
        "type": "Point",
        "coordinates": [
          80.2311788,
          13.0485912
        ]
      }
    },
    {
      "type": "Feature",
      "properties": {
        "id": "OSM-NODE-6914896269",
        "name": "Psymed Hospiyal",
        "resource_type": "hospital",
        "zone_id": "W18994",
        "source": "OpenStreetMap",
        "osm_type": "node",
        "osm_id": 6914896269,
        "emergency_capable": null
      },
      "geometry": {
        "type": "Point",
        "coordinates": [
          80.2317998,
          13.0714757
        ]
      }
    },
    {
      "type": "Feature",
      "properties": {
        "id": "OSM-NODE-6914896280",
        "name": "Priya Nursing Home, Perambur",
        "resource_type": "clinic",
        "zone_id": "W18957",
        "source": "OpenStreetMap",
        "osm_type": "node",
        "osm_id": 6914896280,
        "emergency_capable": null
      },
      "geometry": {
        "type": "Point",
        "coordinates": [
          80.2496512,
          13.1122071
        ]
      }
    },
    {
      "type": "Feature",
      "properties": {
        "id": "OSM-NODE-6914896281",
        "name": "Priya Nursing Home, Chennai",
        "resource_type": "clinic",
        "zone_id": "W18935",
        "source": "OpenStreetMap",
        "osm_type": "node",
        "osm_id": 6914896281,
        "emergency_capable": null
      },
      "geometry": {
        "type": "Point",
        "coordinates": [
          80.2889456,
          13.1192888
        ]
      }
    },
    {
      "type": "Feature",
      "properties": {
        "id": "OSM-NODE-6914911764",
        "name": "Vasanthram Hospital (P) Ltd.,",
        "resource_type": "hospital",
        "zone_id": "W19017",
        "source": "OpenStreetMap",
        "osm_type": "node",
        "osm_id": 6914911764,
        "emergency_capable": null
      },
      "geometry": {
        "type": "Point",
        "coordinates": [
          80.2187696,
          13.0433091
        ]
      }
    },
    {
      "type": "Feature",
      "properties": {
        "id": "OSM-NODE-6914927162",
        "name": "Vadapalani Multispeciality Hospital",
        "resource_type": "hospital",
        "zone_id": "W19016",
        "source": "OpenStreetMap",
        "osm_type": "node",
        "osm_id": 6914927162,
        "emergency_capable": null
      },
      "geometry": {
        "type": "Point",
        "coordinates": [
          80.2133146,
          13.0516559
        ]
      }
    },
    {
      "type": "Feature",
      "properties": {
        "id": "OSM-NODE-6914937645",
        "name": "Sri Ramana Eye Center",
        "resource_type": "clinic",
        "zone_id": "W19019",
        "source": "OpenStreetMap",
        "osm_type": "node",
        "osm_id": 6914937645,
        "emergency_capable": null
      },
      "geometry": {
        "type": "Point",
        "coordinates": [
          80.2430315,
          13.0425395
        ]
      }
    },
    {
      "type": "Feature",
      "properties": {
        "id": "OSM-NODE-6914937661",
        "name": "Sri Sai Sankara Dental Clinic And Orthodontic Cent",
        "resource_type": "clinic",
        "zone_id": "W18954",
        "source": "OpenStreetMap",
        "osm_type": "node",
        "osm_id": 6914937661,
        "emergency_capable": null
      },
      "geometry": {
        "type": "Point",
        "coordinates": [
          80.2315973,
          13.1173689
        ]
      }
    },
    {
      "type": "Feature",
      "properties": {
        "id": "OSM-NODE-6914937681",
        "name": "Sri Sayee Poly Clinic",
        "resource_type": "clinic",
        "zone_id": "W19007",
        "source": "OpenStreetMap",
        "osm_type": "node",
        "osm_id": 6914937681,
        "emergency_capable": null
      },
      "geometry": {
        "type": "Point",
        "coordinates": [
          80.2665116,
          13.0422887
        ]
      }
    },
    {
      "type": "Feature",
      "properties": {
        "id": "OSM-NODE-6914981225",
        "name": "Prakriti Ayurvedic Center",
        "resource_type": "clinic",
        "zone_id": "W19057",
        "source": "OpenStreetMap",
        "osm_type": "node",
        "osm_id": 6914981225,
        "emergency_capable": null
      },
      "geometry": {
        "type": "Point",
        "coordinates": [
          80.2639461,
          13.0224512
        ]
      }
    },
    {
      "type": "Feature",
      "properties": {
        "id": "OSM-NODE-6915117046",
        "name": "M N Eye Hospital Private Limited, Tondiarpet",
        "resource_type": "hospital",
        "zone_id": "W18935",
        "source": "OpenStreetMap",
        "osm_type": "node",
        "osm_id": 6915117046,
        "emergency_capable": null
      },
      "geometry": {
        "type": "Point",
        "coordinates": [
          80.2876528,
          13.1232306
        ]
      }
    },
    {
      "type": "Feature",
      "properties": {
        "id": "OSM-NODE-6915134068",
        "name": "Doctor Rexs Hospitals",
        "resource_type": "hospital",
        "zone_id": "W18985",
        "source": "OpenStreetMap",
        "osm_type": "node",
        "osm_id": 6915134068,
        "emergency_capable": null
      },
      "geometry": {
        "type": "Point",
        "coordinates": [
          80.2502386,
          13.0838812
        ]
      }
    },
    {
      "type": "Feature",
      "properties": {
        "id": "OSM-NODE-6915201226",
        "name": "Helios Hospital Pvt Ltd",
        "resource_type": "hospital",
        "zone_id": "W19063",
        "source": "OpenStreetMap",
        "osm_type": "node",
        "osm_id": 6915201226,
        "emergency_capable": null
      },
      "geometry": {
        "type": "Point",
        "coordinates": [
          80.2189144,
          12.9855882
        ]
      }
    },
    {
      "type": "Feature",
      "properties": {
        "id": "OSM-NODE-6915211726",
        "name": "Sriram Dental Clinic and Orthodontic Centre",
        "resource_type": "clinic",
        "zone_id": "W19050",
        "source": "OpenStreetMap",
        "osm_type": "node",
        "osm_id": 6915211726,
        "emergency_capable": null
      },
      "geometry": {
        "type": "Point",
        "coordinates": [
          80.1891057,
          12.9850289
        ]
      }
    },
    {
      "type": "Feature",
      "properties": {
        "id": "OSM-NODE-6915218991",
        "name": "Deepam Muthu Hospital",
        "resource_type": "hospital",
        "zone_id": "W18959",
        "source": "OpenStreetMap",
        "osm_type": "node",
        "osm_id": 6915218991,
        "emergency_capable": null
      },
      "geometry": {
        "type": "Point",
        "coordinates": [
          80.2605303,
          13.0995855
        ]
      }
    },
    {
      "type": "Feature",
      "properties": {
        "id": "OSM-NODE-6915222815",
        "name": "M.K. Nursing Home",
        "resource_type": "clinic",
        "zone_id": "W18928",
        "source": "OpenStreetMap",
        "osm_type": "node",
        "osm_id": 6915222815,
        "emergency_capable": null
      },
      "geometry": {
        "type": "Point",
        "coordinates": [
          80.2858047,
          13.1217763
        ]
      }
    },
    {
      "type": "Feature",
      "properties": {
        "id": "OSM-NODE-6915323752",
        "name": "Padmini Nursing Home",
        "resource_type": "clinic",
        "zone_id": "W18994",
        "source": "OpenStreetMap",
        "osm_type": "node",
        "osm_id": 6915323752,
        "emergency_capable": null
      },
      "geometry": {
        "type": "Point",
        "coordinates": [
          80.2343653,
          13.0727703
        ]
      }
    },
    {
      "type": "Feature",
      "properties": {
        "id": "OSM-NODE-6915463333",
        "name": "Malligai Hospital",
        "resource_type": "hospital",
        "zone_id": "W18929",
        "source": "OpenStreetMap",
        "osm_type": "node",
        "osm_id": 6915463333,
        "emergency_capable": null
      },
      "geometry": {
        "type": "Point",
        "coordinates": [
          80.2899749,
          13.1238765
        ]
      }
    },
    {
      "type": "Feature",
      "properties": {
        "id": "OSM-NODE-6915804195",
        "name": "Raja Annamalai Puram Dispensary No.6",
        "resource_type": "clinic",
        "zone_id": "W19057",
        "source": "OpenStreetMap",
        "osm_type": "node",
        "osm_id": 6915804195,
        "emergency_capable": null
      },
      "geometry": {
        "type": "Point",
        "coordinates": [
          80.2596237,
          13.0213249
        ]
      }
    },
    {
      "type": "Feature",
      "properties": {
        "id": "OSM-NODE-6915813496",
        "name": "Joseph Eye Clinic",
        "resource_type": "clinic",
        "zone_id": "W18944",
        "source": "OpenStreetMap",
        "osm_type": "node",
        "osm_id": 6915813496,
        "emergency_capable": null
      },
      "geometry": {
        "type": "Point",
        "coordinates": [
          80.2588713,
          13.0813437
        ]
      }
    },
    {
      "type": "Feature",
      "properties": {
        "id": "OSM-NODE-6915836812",
        "name": "Huma Specialists Hospital and Research Centre Pvt Ltd",
        "resource_type": "hospital",
        "zone_id": "W92159",
        "source": "OpenStreetMap",
        "osm_type": "node",
        "osm_id": 6915836812,
        "emergency_capable": null
      },
      "geometry": {
        "type": "Point",
        "coordinates": [
          80.235353,
          13.0282655
        ]
      }
    },
    {
      "type": "Feature",
      "properties": {
        "id": "OSM-NODE-6915842017",
        "name": "Dr Radha Rajendran Nursing Home Pvt Ltd",
        "resource_type": "clinic",
        "zone_id": "W19046",
        "source": "OpenStreetMap",
        "osm_type": "node",
        "osm_id": 6915842017,
        "emergency_capable": null
      },
      "geometry": {
        "type": "Point",
        "coordinates": [
          80.2044077,
          13.0057455
        ]
      }
    },
    {
      "type": "Feature",
      "properties": {
        "id": "OSM-NODE-6915850074",
        "name": "Regina Nursing Home",
        "resource_type": "clinic",
        "zone_id": "W18987",
        "source": "OpenStreetMap",
        "osm_type": "node",
        "osm_id": 6915850074,
        "emergency_capable": null
      },
      "geometry": {
        "type": "Point",
        "coordinates": [
          80.2339844,
          13.0863886
        ]
      }
    },
    {
      "type": "Feature",
      "properties": {
        "id": "OSM-NODE-6916036301",
        "name": "The Surgical Clinic and Nursing Home",
        "resource_type": "clinic",
        "zone_id": "W19012",
        "source": "OpenStreetMap",
        "osm_type": "node",
        "osm_id": 6916036301,
        "emergency_capable": null
      },
      "geometry": {
        "type": "Point",
        "coordinates": [
          80.2681853,
          13.028161
        ]
      }
    },
    {
      "type": "Feature",
      "properties": {
        "id": "OSM-NODE-6916164281",
        "name": "Balaji Nursing Home - Chennai",
        "resource_type": "clinic",
        "zone_id": "W19065",
        "source": "OpenStreetMap",
        "osm_type": "node",
        "osm_id": 6916164281,
        "emergency_capable": null
      },
      "geometry": {
        "type": "Point",
        "coordinates": [
          80.2586031,
          12.9959072
        ]
      }
    },
    {
      "type": "Feature",
      "properties": {
        "id": "OSM-NODE-6916178396",
        "name": "Noor`S Hospital",
        "resource_type": "hospital",
        "zone_id": "W18920",
        "source": "OpenStreetMap",
        "osm_type": "node",
        "osm_id": 6916178396,
        "emergency_capable": null
      },
      "geometry": {
        "type": "Point",
        "coordinates": [
          80.2485046,
          13.1418442
        ]
      }
    },
    {
      "type": "Feature",
      "properties": {
        "id": "OSM-NODE-6916205172",
        "name": "Vasan Eye Care Hospital, Perambur",
        "resource_type": "hospital",
        "zone_id": "W18954",
        "source": "OpenStreetMap",
        "osm_type": "node",
        "osm_id": 6916205172,
        "emergency_capable": null
      },
      "geometry": {
        "type": "Point",
        "coordinates": [
          80.2287099,
          13.1177888
        ]
      }
    },
    {
      "type": "Feature",
      "properties": {
        "id": "OSM-NODE-6925987220",
        "name": "Getwel Dental Clinic",
        "resource_type": "clinic",
        "zone_id": "W19042",
        "source": "OpenStreetMap",
        "osm_type": "node",
        "osm_id": 6925987220,
        "emergency_capable": null
      },
      "geometry": {
        "type": "Point",
        "coordinates": [
          80.1493795,
          13.0247168
        ]
      }
    },
    {
      "type": "Feature",
      "properties": {
        "id": "OSM-NODE-6926045316",
        "name": "Ramana Clinic And Nursing Home",
        "resource_type": "clinic",
        "zone_id": "W19063",
        "source": "OpenStreetMap",
        "osm_type": "node",
        "osm_id": 6926045316,
        "emergency_capable": null
      },
      "geometry": {
        "type": "Point",
        "coordinates": [
          80.2207484,
          12.9815305
        ]
      }
    },
    {
      "type": "Feature",
      "properties": {
        "id": "OSM-NODE-6926045326",
        "name": "Sri Sai Krs Hospital",
        "resource_type": "hospital",
        "zone_id": "W19021",
        "source": "OpenStreetMap",
        "osm_type": "node",
        "osm_id": 6926045326,
        "emergency_capable": null
      },
      "geometry": {
        "type": "Point",
        "coordinates": [
          80.2162984,
          13.0379757
        ]
      }
    },
    {
      "type": "Feature",
      "properties": {
        "id": "OSM-NODE-6926049961",
        "name": "Gowri Nursing Home, Kanchipuram",
        "resource_type": "hospital",
        "zone_id": "W19053",
        "source": "OpenStreetMap",
        "osm_type": "node",
        "osm_id": 6926049961,
        "emergency_capable": null
      },
      "geometry": {
        "type": "Point",
        "coordinates": [
          80.1883923,
          12.9779713
        ]
      }
    },
    {
      "type": "Feature",
      "properties": {
        "id": "OSM-NODE-6926049968",
        "name": "Gopalapuram Dispensary",
        "resource_type": "clinic",
        "zone_id": "W19004",
        "source": "OpenStreetMap",
        "osm_type": "node",
        "osm_id": 6926049968,
        "emergency_capable": null
      },
      "geometry": {
        "type": "Point",
        "coordinates": [
          80.2576214,
          13.0490968
        ]
      }
    },
    {
      "type": "Feature",
      "properties": {
        "id": "OSM-NODE-6926055600",
        "name": "Satish Eye Hospital",
        "resource_type": "hospital",
        "zone_id": "W18986",
        "source": "OpenStreetMap",
        "osm_type": "node",
        "osm_id": 6926055600,
        "emergency_capable": null
      },
      "geometry": {
        "type": "Point",
        "coordinates": [
          80.2469972,
          13.0813959
        ]
      }
    },
    {
      "type": "Feature",
      "properties": {
        "id": "OSM-NODE-6926055919",
        "name": "Uma Eye Clinic Pvt.Ltd",
        "resource_type": "clinic",
        "zone_id": "W18990",
        "source": "OpenStreetMap",
        "osm_type": "node",
        "osm_id": 6926055919,
        "emergency_capable": null
      },
      "geometry": {
        "type": "Point",
        "coordinates": [
          80.2034474,
          13.0854776
        ]
      }
    },
    {
      "type": "Feature",
      "properties": {
        "id": "OSM-NODE-6926055920",
        "name": "A.K. Hospital, Chennai",
        "resource_type": "hospital",
        "zone_id": "W18993",
        "source": "OpenStreetMap",
        "osm_type": "node",
        "osm_id": 6926055920,
        "emergency_capable": null
      },
      "geometry": {
        "type": "Point",
        "coordinates": [
          80.220515,
          13.0741442
        ]
      }
    },
    {
      "type": "Feature",
      "properties": {
        "id": "OSM-NODE-6926055922",
        "name": "Ammayi Eye Hospital",
        "resource_type": "hospital",
        "zone_id": "W19021",
        "source": "OpenStreetMap",
        "osm_type": "node",
        "osm_id": 6926055922,
        "emergency_capable": null
      },
      "geometry": {
        "type": "Point",
        "coordinates": [
          80.2159045,
          13.0331935
        ]
      }
    },
    {
      "type": "Feature",
      "properties": {
        "id": "OSM-NODE-6926055923",
        "name": "K.M. Speciality Hospital",
        "resource_type": "hospital",
        "zone_id": "W19022",
        "source": "OpenStreetMap",
        "osm_type": "node",
        "osm_id": 6926055923,
        "emergency_capable": null
      },
      "geometry": {
        "type": "Point",
        "coordinates": [
          80.2013517,
          13.0379671
        ]
      }
    },
    {
      "type": "Feature",
      "properties": {
        "id": "OSM-NODE-6926060954",
        "name": "Subha Hospital",
        "resource_type": "hospital",
        "zone_id": "W18936",
        "source": "OpenStreetMap",
        "osm_type": "node",
        "osm_id": 6926060954,
        "emergency_capable": null
      },
      "geometry": {
        "type": "Point",
        "coordinates": [
          80.2923493,
          13.1113868
        ]
      }
    },
    {
      "type": "Feature",
      "properties": {
        "id": "OSM-NODE-6926072169",
        "name": "Apollo Cosmetic Clinic",
        "resource_type": "clinic",
        "zone_id": "W19057",
        "source": "OpenStreetMap",
        "osm_type": "node",
        "osm_id": 6926072169,
        "emergency_capable": null
      },
      "geometry": {
        "type": "Point",
        "coordinates": [
          80.2712363,
          13.0177421
        ]
      }
    },
    {
      "type": "Feature",
      "properties": {
        "id": "OSM-NODE-6926107781",
        "name": "Radhatri Nethralaya",
        "resource_type": "hospital",
        "zone_id": "W19003",
        "source": "OpenStreetMap",
        "osm_type": "node",
        "osm_id": 6926107781,
        "emergency_capable": null
      },
      "geometry": {
        "type": "Point",
        "coordinates": [
          80.2394965,
          13.0339283
        ]
      }
    },
    {
      "type": "Feature",
      "properties": {
        "id": "OSM-NODE-6926118208",
        "name": "S M Hospital, Chennai",
        "resource_type": "hospital",
        "zone_id": "W19022",
        "source": "OpenStreetMap",
        "osm_type": "node",
        "osm_id": 6926118208,
        "emergency_capable": null
      },
      "geometry": {
        "type": "Point",
        "coordinates": [
          80.2044211,
          13.0400969
        ]
      }
    },
    {
      "type": "Feature",
      "properties": {
        "id": "OSM-NODE-6926176409",
        "name": "Subiksha Nursing Home",
        "resource_type": "clinic",
        "zone_id": "W18956",
        "source": "OpenStreetMap",
        "osm_type": "node",
        "osm_id": 6926176409,
        "emergency_capable": null
      },
      "geometry": {
        "type": "Point",
        "coordinates": [
          80.2419198,
          13.1118191
        ]
      }
    },
    {
      "type": "Feature",
      "properties": {
        "id": "OSM-NODE-6926280322",
        "name": "Aashiana Hospital",
        "resource_type": "hospital",
        "zone_id": "W18990",
        "source": "OpenStreetMap",
        "osm_type": "node",
        "osm_id": 6926280322,
        "emergency_capable": null
      },
      "geometry": {
        "type": "Point",
        "coordinates": [
          80.2090184,
          13.0924039
        ]
      }
    },
    {
      "type": "Feature",
      "properties": {
        "id": "OSM-NODE-6926368877",
        "name": "SMV Nursing Home",
        "resource_type": "clinic",
        "zone_id": "W19016",
        "source": "OpenStreetMap",
        "osm_type": "node",
        "osm_id": 6926368877,
        "emergency_capable": null
      },
      "geometry": {
        "type": "Point",
        "coordinates": [
          80.2127641,
          13.0473231
        ]
      }
    },
    {
      "type": "Feature",
      "properties": {
        "id": "OSM-NODE-6926411928",
        "name": "Ayesha Hospital, Kilpauk",
        "resource_type": "hospital",
        "zone_id": "W18986",
        "source": "OpenStreetMap",
        "osm_type": "node",
        "osm_id": 6926411928,
        "emergency_capable": null
      },
      "geometry": {
        "type": "Point",
        "coordinates": [
          80.2498054,
          13.0847009
        ]
      }
    },
    {
      "type": "Feature",
      "properties": {
        "id": "OSM-NODE-6926421019",
        "name": "Fathima Nursing Home",
        "resource_type": "clinic",
        "zone_id": "W18921",
        "source": "OpenStreetMap",
        "osm_type": "node",
        "osm_id": 6926421019,
        "emergency_capable": null
      },
      "geometry": {
        "type": "Point",
        "coordinates": [
          80.2461,
          13.1272912
        ]
      }
    },
    {
      "type": "Feature",
      "properties": {
        "id": "OSM-NODE-6926437405",
        "name": "Frontline Eye Hospital",
        "resource_type": "hospital",
        "zone_id": "W19008",
        "source": "OpenStreetMap",
        "osm_type": "node",
        "osm_id": 6926437405,
        "emergency_capable": null
      },
      "geometry": {
        "type": "Point",
        "coordinates": [
          80.2517212,
          13.0323531
        ]
      }
    },
    {
      "type": "Feature",
      "properties": {
        "id": "OSM-NODE-6926437416",
        "name": "Fousiya Hospital",
        "resource_type": "hospital",
        "zone_id": "W19007",
        "source": "OpenStreetMap",
        "osm_type": "node",
        "osm_id": 6926437416,
        "emergency_capable": null
      },
      "geometry": {
        "type": "Point",
        "coordinates": [
          80.2744473,
          13.0477722
        ]
      }
    },
    {
      "type": "Feature",
      "properties": {
        "id": "OSM-NODE-6926437428",
        "name": "Hande Hospital",
        "resource_type": "hospital",
        "zone_id": "W18987",
        "source": "OpenStreetMap",
        "osm_type": "node",
        "osm_id": 6926437428,
        "emergency_capable": null
      },
      "geometry": {
        "type": "Point",
        "coordinates": [
          80.2274586,
          13.0764653
        ]
      }
    },
    {
      "type": "Feature",
      "properties": {
        "id": "OSM-NODE-6926437438",
        "name": "Halsted Surgical Clinic",
        "resource_type": "clinic",
        "zone_id": "W18986",
        "source": "OpenStreetMap",
        "osm_type": "node",
        "osm_id": 6926437438,
        "emergency_capable": null
      },
      "geometry": {
        "type": "Point",
        "coordinates": [
          80.2415872,
          13.0780413
        ]
      }
    },
    {
      "type": "Feature",
      "properties": {
        "id": "OSM-NODE-6926437454",
        "name": "Dr Gurusekaran Hospital Pvt Ltd",
        "resource_type": "hospital",
        "zone_id": "W19019",
        "source": "OpenStreetMap",
        "osm_type": "node",
        "osm_id": 6926437454,
        "emergency_capable": null
      },
      "geometry": {
        "type": "Point",
        "coordinates": [
          80.2381137,
          13.0374924
        ]
      }
    },
    {
      "type": "Feature",
      "properties": {
        "id": "OSM-NODE-6926437460",
        "name": "Guindy Dispensary",
        "resource_type": "clinic",
        "zone_id": "W19058",
        "source": "OpenStreetMap",
        "osm_type": "node",
        "osm_id": 6926437460,
        "emergency_capable": null
      },
      "geometry": {
        "type": "Point",
        "coordinates": [
          80.2217737,
          13.010217
        ]
      }
    },
    {
      "type": "Feature",
      "properties": {
        "id": "OSM-NODE-6926494055",
        "name": "G. R. Hospital & Fertility Centre",
        "resource_type": "hospital",
        "zone_id": "W19061",
        "source": "OpenStreetMap",
        "osm_type": "node",
        "osm_id": 6926494055,
        "emergency_capable": null
      },
      "geometry": {
        "type": "Point",
        "coordinates": [
          80.2068955,
          12.9952982
        ]
      }
    },
    {
      "type": "Feature",
      "properties": {
        "id": "OSM-NODE-6926494067",
        "name": "G K M Hospital Pvt Ltd",
        "resource_type": "hospital",
        "zone_id": "W18944",
        "source": "OpenStreetMap",
        "osm_type": "node",
        "osm_id": 6926494067,
        "emergency_capable": null
      },
      "geometry": {
        "type": "Point",
        "coordinates": [
          80.2585199,
          13.0899919
        ]
      }
    },
    {
      "type": "Feature",
      "properties": {
        "id": "OSM-NODE-6926808792",
        "name": "Starlight Hospitals Pvt Ltd",
        "resource_type": "hospital",
        "zone_id": "W19065",
        "source": "OpenStreetMap",
        "osm_type": "node",
        "osm_id": 6926808792,
        "emergency_capable": null
      },
      "geometry": {
        "type": "Point",
        "coordinates": [
          80.2601581,
          12.9864526
        ]
      }
    },
    {
      "type": "Feature",
      "properties": {
        "id": "OSM-NODE-6926953017",
        "name": "Kaliappa Renal Center",
        "resource_type": "hospital",
        "zone_id": "W19009",
        "source": "OpenStreetMap",
        "osm_type": "node",
        "osm_id": 6926953017,
        "emergency_capable": null
      },
      "geometry": {
        "type": "Point",
        "coordinates": [
          80.2566481,
          13.0274616
        ]
      }
    },
    {
      "type": "Feature",
      "properties": {
        "id": "OSM-NODE-6926953024",
        "name": "K P Childrens Hospital And Neuro Centre",
        "resource_type": "hospital",
        "zone_id": "W19049",
        "source": "OpenStreetMap",
        "osm_type": "node",
        "osm_id": 6926953024,
        "emergency_capable": null
      },
      "geometry": {
        "type": "Point",
        "coordinates": [
          80.1986745,
          12.9911179
        ]
      }
    },
    {
      "type": "Feature",
      "properties": {
        "id": "OSM-NODE-6927267098",
        "name": "Ayur Kshetra ( A Unit Of Institute Of Ayurvedic Research Pvt Ltd)",
        "resource_type": "hospital",
        "zone_id": "W18991",
        "source": "OpenStreetMap",
        "osm_type": "node",
        "osm_id": 6927267098,
        "emergency_capable": null
      },
      "geometry": {
        "type": "Point",
        "coordinates": [
          80.2107431,
          13.0760812
        ]
      }
    },
    {
      "type": "Feature",
      "properties": {
        "id": "OSM-NODE-6927292449",
        "name": "Krishna Eye And Ent Hospitals",
        "resource_type": "hospital",
        "zone_id": "W19027",
        "source": "OpenStreetMap",
        "osm_type": "node",
        "osm_id": 6927292449,
        "emergency_capable": null
      },
      "geometry": {
        "type": "Point",
        "coordinates": [
          80.2339764,
          13.0343985
        ]
      }
    },
    {
      "type": "Feature",
      "properties": {
        "id": "OSM-NODE-6927308315",
        "name": "Vishnu Eye Clinic and Laser Foundation",
        "resource_type": "hospital",
        "zone_id": "W18988",
        "source": "OpenStreetMap",
        "osm_type": "node",
        "osm_id": 6927308315,
        "emergency_capable": null
      },
      "geometry": {
        "type": "Point",
        "coordinates": [
          80.2230605,
          13.0842894
        ]
      }
    },
    {
      "type": "Feature",
      "properties": {
        "id": "OSM-NODE-6927326555",
        "name": "Fathimah Eye Clinic",
        "resource_type": "clinic",
        "zone_id": "W19011",
        "source": "OpenStreetMap",
        "osm_type": "node",
        "osm_id": 6927326555,
        "emergency_capable": null
      },
      "geometry": {
        "type": "Point",
        "coordinates": [
          80.2775791,
          13.0290932
        ]
      }
    },
    {
      "type": "Feature",
      "properties": {
        "id": "OSM-NODE-6927380447",
        "name": "Santhigiri Ayurveda and Siddha Hospital, Chennai",
        "resource_type": "hospital",
        "zone_id": "W19005",
        "source": "OpenStreetMap",
        "osm_type": "node",
        "osm_id": 6927380447,
        "emergency_capable": null
      },
      "geometry": {
        "type": "Point",
        "coordinates": [
          80.2646568,
          13.0476871
        ]
      }
    },
    {
      "type": "Feature",
      "properties": {
        "id": "OSM-NODE-6927647007",
        "name": "Vijaya Heart Foundation - Vijaya Hospital",
        "resource_type": "hospital",
        "zone_id": "W19016",
        "source": "OpenStreetMap",
        "osm_type": "node",
        "osm_id": 6927647007,
        "emergency_capable": null
      },
      "geometry": {
        "type": "Point",
        "coordinates": [
          80.2110462,
          13.054729
        ]
      }
    },
    {
      "type": "Feature",
      "properties": {
        "id": "OSM-NODE-6927769046",
        "name": "Santosh Hospital Pvt Ltd",
        "resource_type": "hospital",
        "zone_id": "W19065",
        "source": "OpenStreetMap",
        "osm_type": "node",
        "osm_id": 6927769046,
        "emergency_capable": null
      },
      "geometry": {
        "type": "Point",
        "coordinates": [
          80.2691898,
          12.995229
        ]
      }
    },
    {
      "type": "Feature",
      "properties": {
        "id": "OSM-NODE-6928042666",
        "name": "Dr.Agarwal's Eye Hospital Ltd., Anna Nagar",
        "resource_type": "hospital",
        "zone_id": "W18988",
        "source": "OpenStreetMap",
        "osm_type": "node",
        "osm_id": 6928042666,
        "emergency_capable": null
      },
      "geometry": {
        "type": "Point",
        "coordinates": [
          80.2219681,
          13.0847414
        ]
      }
    },
    {
      "type": "Feature",
      "properties": {
        "id": "OSM-NODE-6928094720",
        "name": "Athipathi Hospital and Research Centre",
        "resource_type": "hospital",
        "zone_id": "W19063",
        "source": "OpenStreetMap",
        "osm_type": "node",
        "osm_id": 6928094720,
        "emergency_capable": null
      },
      "geometry": {
        "type": "Point",
        "coordinates": [
          80.2222002,
          12.9762711
        ]
      }
    },
    {
      "type": "Feature",
      "properties": {
        "id": "OSM-NODE-6928167787",
        "name": "Girishwari Hospital Pvt Ltd",
        "resource_type": "hospital",
        "zone_id": "W19008",
        "source": "OpenStreetMap",
        "osm_type": "node",
        "osm_id": 6928167787,
        "emergency_capable": null
      },
      "geometry": {
        "type": "Point",
        "coordinates": [
          80.2519137,
          13.0349787
        ]
      }
    },
    {
      "type": "Feature",
      "properties": {
        "id": "OSM-NODE-6928327073",
        "name": "Sri Kumaran Multi Speciality Hospital",
        "resource_type": "hospital",
        "zone_id": "W18935",
        "source": "OpenStreetMap",
        "osm_type": "node",
        "osm_id": 6928327073,
        "emergency_capable": null
      },
      "geometry": {
        "type": "Point",
        "coordinates": [
          80.2923614,
          13.1152895
        ]
      }
    },
    {
      "type": "Feature",
      "properties": {
        "id": "OSM-NODE-6928330859",
        "name": "Dr. Arvind Vision Care",
        "resource_type": "hospital",
        "zone_id": "W18977",
        "source": "OpenStreetMap",
        "osm_type": "node",
        "osm_id": 6928330859,
        "emergency_capable": null
      },
      "geometry": {
        "type": "Point",
        "coordinates": [
          80.1691809,
          13.0840124
        ]
      }
    },
    {
      "type": "Feature",
      "properties": {
        "id": "OSM-NODE-6928384708",
        "name": "Dr. K Ravi Eye Care",
        "resource_type": "hospital",
        "zone_id": "W19005",
        "source": "OpenStreetMap",
        "osm_type": "node",
        "osm_id": 6928384708,
        "emergency_capable": null
      },
      "geometry": {
        "type": "Point",
        "coordinates": [
          80.2618016,
          13.0407013
        ]
      }
    },
    {
      "type": "Feature",
      "properties": {
        "id": "OSM-NODE-6928444701",
        "name": "SKS Hospital, Chennai",
        "resource_type": "hospital",
        "zone_id": "W18975",
        "source": "OpenStreetMap",
        "osm_type": "node",
        "osm_id": 6928444701,
        "emergency_capable": null
      },
      "geometry": {
        "type": "Point",
        "coordinates": [
          80.1877418,
          13.0896987
        ]
      }
    },
    {
      "type": "Feature",
      "properties": {
        "id": "OSM-NODE-6928727073",
        "name": "Madras Ent Research Foundation",
        "resource_type": "hospital",
        "zone_id": "W19009",
        "source": "OpenStreetMap",
        "osm_type": "node",
        "osm_id": 6928727073,
        "emergency_capable": null
      },
      "geometry": {
        "type": "Point",
        "coordinates": [
          80.2541439,
          13.0268688
        ]
      }
    },
    {
      "type": "Feature",
      "properties": {
        "id": "OSM-NODE-6928752799",
        "name": "Dr. Mohans Mv Diabetes Specialities Centre - Chennai",
        "resource_type": "hospital",
        "zone_id": "W18997",
        "source": "OpenStreetMap",
        "osm_type": "node",
        "osm_id": 6928752799,
        "emergency_capable": null
      },
      "geometry": {
        "type": "Point",
        "coordinates": [
          80.257671,
          13.0541946
        ]
      }
    },
    {
      "type": "Feature",
      "properties": {
        "id": "OSM-NODE-6928752800",
        "name": "Dr. Meera Nursing Home",
        "resource_type": "clinic",
        "zone_id": "W18986",
        "source": "OpenStreetMap",
        "osm_type": "node",
        "osm_id": 6928752800,
        "emergency_capable": null
      },
      "geometry": {
        "type": "Point",
        "coordinates": [
          80.2468979,
          13.086608
        ]
      }
    },
    {
      "type": "Feature",
      "properties": {
        "id": "OSM-NODE-6928779096",
        "name": "Chettinad Super Speciality Hospital",
        "resource_type": "hospital",
        "zone_id": "W19084",
        "source": "OpenStreetMap",
        "osm_type": "node",
        "osm_id": 6928779096,
        "emergency_capable": null
      },
      "geometry": {
        "type": "Point",
        "coordinates": [
          80.228211,
          12.9109406
        ]
      }
    },
    {
      "type": "Feature",
      "properties": {
        "id": "OSM-NODE-6928800365",
        "name": "Dr.Bhats Eye Hospital",
        "resource_type": "hospital",
        "zone_id": "W18967",
        "source": "OpenStreetMap",
        "osm_type": "node",
        "osm_id": 6928800365,
        "emergency_capable": null
      },
      "geometry": {
        "type": "Point",
        "coordinates": [
          80.1523131,
          13.1185204
        ]
      }
    },
    {
      "type": "Feature",
      "properties": {
        "id": "OSM-NODE-6928859584",
        "name": "Nivaren Maternity Clinic",
        "resource_type": "clinic",
        "zone_id": "W18978",
        "source": "OpenStreetMap",
        "osm_type": "node",
        "osm_id": 6928859584,
        "emergency_capable": null
      },
      "geometry": {
        "type": "Point",
        "coordinates": [
          80.1800171,
          13.0828407
        ]
      }
    },
    {
      "type": "Feature",
      "properties": {
        "id": "OSM-NODE-6928878284",
        "name": "Lifeline Rigid Hospital",
        "resource_type": "hospital",
        "zone_id": "W18986",
        "source": "OpenStreetMap",
        "osm_type": "node",
        "osm_id": 6928878284,
        "emergency_capable": null
      },
      "geometry": {
        "type": "Point",
        "coordinates": [
          80.2336988,
          13.0780204
        ]
      }
    },
    {
      "type": "Feature",
      "properties": {
        "id": "OSM-NODE-6928899364",
        "name": "Dr. Seshiah Diabetes Research Institute and Dr. Balaji Diabetes Care Centre",
        "resource_type": "hospital",
        "zone_id": "W18987",
        "source": "OpenStreetMap",
        "osm_type": "node",
        "osm_id": 6928899364,
        "emergency_capable": null
      },
      "geometry": {
        "type": "Point",
        "coordinates": [
          80.2299839,
          13.0748591
        ]
      }
    },
    {
      "type": "Feature",
      "properties": {
        "id": "OSM-NODE-6928920472",
        "name": "Dr.Kamakshi Memorial Hospital",
        "resource_type": "hospital",
        "zone_id": "W19059",
        "source": "OpenStreetMap",
        "osm_type": "node",
        "osm_id": 6928920472,
        "emergency_capable": null
      },
      "geometry": {
        "type": "Point",
        "coordinates": [
          80.2520867,
          13.0022187
        ]
      }
    },
    {
      "type": "Feature",
      "properties": {
        "id": "OSM-NODE-6928920473",
        "name": "Dr.Duraiswami Eye Hospital",
        "resource_type": "hospital",
        "zone_id": "W19027",
        "source": "OpenStreetMap",
        "osm_type": "node",
        "osm_id": 6928920473,
        "emergency_capable": null
      },
      "geometry": {
        "type": "Point",
        "coordinates": [
          80.2279374,
          13.034051
        ]
      }
    },
    {
      "type": "Feature",
      "properties": {
        "id": "OSM-NODE-6928936148",
        "name": "Dr.Agarwals Eye Hospital",
        "resource_type": "hospital",
        "zone_id": "W19062",
        "source": "OpenStreetMap",
        "osm_type": "node",
        "osm_id": 6928936148,
        "emergency_capable": null
      },
      "geometry": {
        "type": "Point",
        "coordinates": [
          80.2176077,
          12.9832681
        ]
      }
    },
    {
      "type": "Feature",
      "properties": {
        "id": "OSM-NODE-6928936149",
        "name": "Dr.Agarwal's Eye Hospital Ltd, Nanganallur",
        "resource_type": "hospital",
        "zone_id": "W19050",
        "source": "OpenStreetMap",
        "osm_type": "node",
        "osm_id": 6928936149,
        "emergency_capable": null
      },
      "geometry": {
        "type": "Point",
        "coordinates": [
          80.1891661,
          12.9827844
        ]
      }
    },
    {
      "type": "Feature",
      "properties": {
        "id": "OSM-NODE-6928936160",
        "name": "Dr. Udhaya Rajas Dental Centre",
        "resource_type": "hospital",
        "zone_id": "W19003",
        "source": "OpenStreetMap",
        "osm_type": "node",
        "osm_id": 6928936160,
        "emergency_capable": null
      },
      "geometry": {
        "type": "Point",
        "coordinates": [
          80.2422899,
          13.0465492
        ]
      }
    },
    {
      "type": "Feature",
      "properties": {
        "id": "OSM-NODE-6929234791",
        "name": "Voluntary Health Services Medical Centre",
        "resource_type": "clinic",
        "zone_id": "W19056",
        "source": "OpenStreetMap",
        "osm_type": "node",
        "osm_id": 6929234791,
        "emergency_capable": null
      },
      "geometry": {
        "type": "Point",
        "coordinates": [
          80.2469087,
          13.0027257
        ]
      }
    },
    {
      "type": "Feature",
      "properties": {
        "id": "OSM-NODE-6929250392",
        "name": "Dhanvantari Eye Care",
        "resource_type": "hospital",
        "zone_id": "W18974",
        "source": "OpenStreetMap",
        "osm_type": "node",
        "osm_id": 6929250392,
        "emergency_capable": null
      },
      "geometry": {
        "type": "Point",
        "coordinates": [
          80.1942193,
          13.0973284
        ]
      }
    },
    {
      "type": "Feature",
      "properties": {
        "id": "OSM-NODE-6929255218",
        "name": "Sri Bala Nursing Home",
        "resource_type": "hospital",
        "zone_id": "W18954",
        "source": "OpenStreetMap",
        "osm_type": "node",
        "osm_id": 6929255218,
        "emergency_capable": null
      },
      "geometry": {
        "type": "Point",
        "coordinates": [
          80.2318051,
          13.1183119
        ]
      }
    },
    {
      "type": "Feature",
      "properties": {
        "id": "OSM-NODE-6929257550",
        "name": "Anand Hospital, Chennai",
        "resource_type": "hospital",
        "zone_id": "W18907",
        "source": "OpenStreetMap",
        "osm_type": "node",
        "osm_id": 6929257550,
        "emergency_capable": null
      },
      "geometry": {
        "type": "Point",
        "coordinates": [
          80.2581659,
          13.1638346
        ]
      }
    },
    {
      "type": "Feature",
      "properties": {
        "id": "OSM-NODE-6929259906",
        "name": "Lakshmi Hospital",
        "resource_type": "hospital",
        "zone_id": "W19026",
        "source": "OpenStreetMap",
        "osm_type": "node",
        "osm_id": 6929259906,
        "emergency_capable": null
      },
      "geometry": {
        "type": "Point",
        "coordinates": [
          80.2218689,
          13.0314888
        ]
      }
    },
    {
      "type": "Feature",
      "properties": {
        "id": "OSM-NODE-6929264393",
        "name": "Aarthi Priyas Tooth Care Clinic",
        "resource_type": "clinic",
        "zone_id": "W19062",
        "source": "OpenStreetMap",
        "osm_type": "node",
        "osm_id": 6929264393,
        "emergency_capable": null
      },
      "geometry": {
        "type": "Point",
        "coordinates": [
          80.2200463,
          12.9743958
        ]
      }
    },
    {
      "type": "Feature",
      "properties": {
        "id": "OSM-NODE-6929266356",
        "name": "நந்தினி மருத்துவமனை",
        "resource_type": "hospital",
        "zone_id": "W19081",
        "source": "OpenStreetMap",
        "osm_type": "node",
        "osm_id": 6929266356,
        "emergency_capable": true
      },
      "geometry": {
        "type": "Point",
        "coordinates": [
          80.2315475,
          12.9327959
        ]
      }
    },
    {
      "type": "Feature",
      "properties": {
        "id": "OSM-NODE-6929359057",
        "name": "Bharathirajaa Hospital and Research centre",
        "resource_type": "hospital",
        "zone_id": "W19003",
        "source": "OpenStreetMap",
        "osm_type": "node",
        "osm_id": 6929359057,
        "emergency_capable": null
      },
      "geometry": {
        "type": "Point",
        "coordinates": [
          80.245015,
          13.0480981
        ]
      }
    },
    {
      "type": "Feature",
      "properties": {
        "id": "OSM-NODE-6929359073",
        "name": "Bethany Health Care Centre",
        "resource_type": "hospital",
        "zone_id": "W18994",
        "source": "OpenStreetMap",
        "osm_type": "node",
        "osm_id": 6929359073,
        "emergency_capable": null
      },
      "geometry": {
        "type": "Point",
        "coordinates": [
          80.2444142,
          13.0699812
        ]
      }
    },
    {
      "type": "Feature",
      "properties": {
        "id": "OSM-NODE-6929359084",
        "name": "Bhagwan Mahaveer Eye Hospital",
        "resource_type": "hospital",
        "zone_id": "W18938",
        "source": "OpenStreetMap",
        "osm_type": "node",
        "osm_id": 6929359084,
        "emergency_capable": null
      },
      "geometry": {
        "type": "Point",
        "coordinates": [
          80.2917197,
          13.1105084
        ]
      }
    },
    {
      "type": "Feature",
      "properties": {
        "id": "OSM-NODE-6929372894",
        "name": "Bharani Nursing Home",
        "resource_type": "clinic",
        "zone_id": "W18956",
        "source": "OpenStreetMap",
        "osm_type": "node",
        "osm_id": 6929372894,
        "emergency_capable": null
      },
      "geometry": {
        "type": "Point",
        "coordinates": [
          80.2376792,
          13.1102609
        ]
      }
    },
    {
      "type": "Feature",
      "properties": {
        "id": "OSM-NODE-6929372896",
        "name": "Bharath Hospital",
        "resource_type": "hospital",
        "zone_id": "W19051",
        "source": "OpenStreetMap",
        "osm_type": "node",
        "osm_id": 6929372896,
        "emergency_capable": null
      },
      "geometry": {
        "type": "Point",
        "coordinates": [
          80.1937835,
          12.9823277
        ]
      }
    },
    {
      "type": "Feature",
      "properties": {
        "id": "OSM-NODE-6929398895",
        "name": "Trinity Acute Care Hospital - Chennai",
        "resource_type": "hospital",
        "zone_id": "W19009",
        "source": "OpenStreetMap",
        "osm_type": "node",
        "osm_id": 6929398895,
        "emergency_capable": null
      },
      "geometry": {
        "type": "Point",
        "coordinates": [
          80.2582785,
          13.0382607
        ]
      }
    },
    {
      "type": "Feature",
      "properties": {
        "id": "OSM-NODE-6929592168",
        "name": "Balakrishna Eye Hospital",
        "resource_type": "hospital",
        "zone_id": "W92159",
        "source": "OpenStreetMap",
        "osm_type": "node",
        "osm_id": 6929592168,
        "emergency_capable": null
      },
      "geometry": {
        "type": "Point",
        "coordinates": [
          80.2269866,
          13.0274436
        ]
      }
    },
    {
      "type": "Feature",
      "properties": {
        "id": "OSM-NODE-6929592183",
        "name": "Balagandhara Varma Nursing Home and Research Center",
        "resource_type": "clinic",
        "zone_id": "W19075",
        "source": "OpenStreetMap",
        "osm_type": "node",
        "osm_id": 6929592183,
        "emergency_capable": null
      },
      "geometry": {
        "type": "Point",
        "coordinates": [
          80.2082151,
          12.9378832
        ]
      }
    },
    {
      "type": "Feature",
      "properties": {
        "id": "OSM-NODE-6929592184",
        "name": "Bagdi Nursing Home",
        "resource_type": "clinic",
        "zone_id": "W18996",
        "source": "OpenStreetMap",
        "osm_type": "node",
        "osm_id": 6929592184,
        "emergency_capable": null
      },
      "geometry": {
        "type": "Point",
        "coordinates": [
          80.2374941,
          13.0533846
        ]
      }
    },
    {
      "type": "Feature",
      "properties": {
        "id": "OSM-NODE-6929599461",
        "name": "Dr Rabindran's Health Care Center",
        "resource_type": "hospital",
        "zone_id": "W18967",
        "source": "OpenStreetMap",
        "osm_type": "node",
        "osm_id": 6929599461,
        "emergency_capable": null
      },
      "geometry": {
        "type": "Point",
        "coordinates": [
          80.1504859,
          13.1190773
        ]
      }
    },
    {
      "type": "Feature",
      "properties": {
        "id": "OSM-NODE-6929625895",
        "name": "B.S.S. Hospital",
        "resource_type": "hospital",
        "zone_id": "W19012",
        "source": "OpenStreetMap",
        "osm_type": "node",
        "osm_id": 6929625895,
        "emergency_capable": true
      },
      "geometry": {
        "type": "Point",
        "coordinates": [
          80.2655232,
          13.026013
        ]
      }
    },
    {
      "type": "Feature",
      "properties": {
        "id": "OSM-NODE-6929625901",
        "name": "B.R.S. Hospital Pvt. Ltd.",
        "resource_type": "hospital",
        "zone_id": "W18999",
        "source": "OpenStreetMap",
        "osm_type": "node",
        "osm_id": 6929625901,
        "emergency_capable": null
      },
      "geometry": {
        "type": "Point",
        "coordinates": [
          80.2454831,
          13.0519442
        ]
      }
    },
    {
      "type": "Feature",
      "properties": {
        "id": "OSM-NODE-6929731466",
        "name": "Harvey Healthcare Limited",
        "resource_type": "hospital",
        "zone_id": "W19009",
        "source": "OpenStreetMap",
        "osm_type": "node",
        "osm_id": 6929731466,
        "emergency_capable": null
      },
      "geometry": {
        "type": "Point",
        "coordinates": [
          80.2558136,
          13.037303
        ]
      }
    },
    {
      "type": "Feature",
      "properties": {
        "id": "OSM-NODE-6929737121",
        "name": "Chitra's Ent Laser Hospital",
        "resource_type": "hospital",
        "zone_id": "W18999",
        "source": "OpenStreetMap",
        "osm_type": "node",
        "osm_id": 6929737121,
        "emergency_capable": null
      },
      "geometry": {
        "type": "Point",
        "coordinates": [
          80.2476483,
          13.0518247
        ]
      }
    },
    {
      "type": "Feature",
      "properties": {
        "id": "OSM-NODE-6929969774",
        "name": "Kottakkal Arya Vaidya Sala",
        "resource_type": "hospital",
        "zone_id": "W19019",
        "source": "OpenStreetMap",
        "osm_type": "node",
        "osm_id": 6929969774,
        "emergency_capable": null
      },
      "geometry": {
        "type": "Point",
        "coordinates": [
          80.2313016,
          13.0395483
        ]
      }
    },
    {
      "type": "Feature",
      "properties": {
        "id": "OSM-NODE-6930010121",
        "name": "C.U. Shah Clinic And Diagnostic Center",
        "resource_type": "clinic",
        "zone_id": "W18944",
        "source": "OpenStreetMap",
        "osm_type": "node",
        "osm_id": 6930010121,
        "emergency_capable": null
      },
      "geometry": {
        "type": "Point",
        "coordinates": [
          80.2583543,
          13.0863304
        ]
      }
    },
    {
      "type": "Feature",
      "properties": {
        "id": "OSM-NODE-6930080547",
        "name": "Rohit Hospital, Tiruvallur",
        "resource_type": "hospital",
        "zone_id": "W18900",
        "source": "OpenStreetMap",
        "osm_type": "node",
        "osm_id": 6930080547,
        "emergency_capable": null
      },
      "geometry": {
        "type": "Point",
        "coordinates": [
          80.2998984,
          13.1512288
        ]
      }
    },
    {
      "type": "Feature",
      "properties": {
        "id": "OSM-NODE-6930163091",
        "name": "Je Nesam Hospital",
        "resource_type": "hospital",
        "zone_id": "W19021",
        "source": "OpenStreetMap",
        "osm_type": "node",
        "osm_id": 6930163091,
        "emergency_capable": null
      },
      "geometry": {
        "type": "Point",
        "coordinates": [
          80.2146873,
          13.0405732
        ]
      }
    },
    {
      "type": "Feature",
      "properties": {
        "id": "OSM-NODE-6930163175",
        "name": "Chennai Meenakshi Multispeciality Hospital Ltd",
        "resource_type": "hospital",
        "zone_id": "W19009",
        "source": "OpenStreetMap",
        "osm_type": "node",
        "osm_id": 6930163175,
        "emergency_capable": null
      },
      "geometry": {
        "type": "Point",
        "coordinates": [
          80.2619625,
          13.0376198
        ]
      }
    },
    {
      "type": "Feature",
      "properties": {
        "id": "OSM-NODE-6930188138",
        "name": "Chennai Skin Foundation and Yesudian Research Institute",
        "resource_type": "hospital",
        "zone_id": "W19057",
        "source": "OpenStreetMap",
        "osm_type": "node",
        "osm_id": 6930188138,
        "emergency_capable": null
      },
      "geometry": {
        "type": "Point",
        "coordinates": [
          80.2592924,
          13.0210394
        ]
      }
    },
    {
      "type": "Feature",
      "properties": {
        "id": "OSM-NODE-6930467954",
        "name": "Dr.Mu.Va.Hospital",
        "resource_type": "hospital",
        "zone_id": "W18987",
        "source": "OpenStreetMap",
        "osm_type": "node",
        "osm_id": 6930467954,
        "emergency_capable": null
      },
      "geometry": {
        "type": "Point",
        "coordinates": [
          80.228278,
          13.0743327
        ]
      }
    },
    {
      "type": "Feature",
      "properties": {
        "id": "OSM-NODE-6930489015",
        "name": "Cholayil Sanjeevanam Ayurveda",
        "resource_type": "hospital",
        "zone_id": "W18978",
        "source": "OpenStreetMap",
        "osm_type": "node",
        "osm_id": 6930489015,
        "emergency_capable": null
      },
      "geometry": {
        "type": "Point",
        "coordinates": [
          80.1798642,
          13.0844527
        ]
      }
    },
    {
      "type": "Feature",
      "properties": {
        "id": "OSM-NODE-6931010523",
        "name": "Vandana Hospital, Tiruvallur",
        "resource_type": "hospital",
        "zone_id": "W18899",
        "source": "OpenStreetMap",
        "osm_type": "node",
        "osm_id": 6931010523,
        "emergency_capable": null
      },
      "geometry": {
        "type": "Point",
        "coordinates": [
          80.2927141,
          13.1456863
        ]
      }
    },
    {
      "type": "Feature",
      "properties": {
        "id": "OSM-NODE-6931566251",
        "name": "Mysaan Hospital",
        "resource_type": "hospital",
        "zone_id": "W18945",
        "source": "OpenStreetMap",
        "osm_type": "node",
        "osm_id": 6931566251,
        "emergency_capable": null
      },
      "geometry": {
        "type": "Point",
        "coordinates": [
          80.2705644,
          13.0641326
        ]
      }
    },
    {
      "type": "Feature",
      "properties": {
        "id": "OSM-NODE-6931658649",
        "name": "V H M Hospitals Pvt Ltd",
        "resource_type": "hospital",
        "zone_id": "W19022",
        "source": "OpenStreetMap",
        "osm_type": "node",
        "osm_id": 6931658649,
        "emergency_capable": null
      },
      "geometry": {
        "type": "Point",
        "coordinates": [
          80.1979979,
          13.0462892
        ]
      }
    },
    {
      "type": "Feature",
      "properties": {
        "id": "OSM-NODE-6931772821",
        "name": "Ritherdon Nursing Home",
        "resource_type": "clinic",
        "zone_id": "W18944",
        "source": "OpenStreetMap",
        "osm_type": "node",
        "osm_id": 6931772821,
        "emergency_capable": null
      },
      "geometry": {
        "type": "Point",
        "coordinates": [
          80.2587748,
          13.0815684
        ]
      }
    },
    {
      "type": "Feature",
      "properties": {
        "id": "OSM-NODE-6931772941",
        "name": "Robin and Robin Health Care",
        "resource_type": "hospital",
        "zone_id": "W18990",
        "source": "OpenStreetMap",
        "osm_type": "node",
        "osm_id": 6931772941,
        "emergency_capable": null
      },
      "geometry": {
        "type": "Point",
        "coordinates": [
          80.1989025,
          13.0807741
        ]
      }
    },
    {
      "type": "Feature",
      "properties": {
        "id": "OSM-NODE-6932068862",
        "name": "West Madras Medical Centre",
        "resource_type": "hospital",
        "zone_id": "W18988",
        "source": "OpenStreetMap",
        "osm_type": "node",
        "osm_id": 6932068862,
        "emergency_capable": null
      },
      "geometry": {
        "type": "Point",
        "coordinates": [
          80.215956,
          13.0850496
        ]
      }
    },
    {
      "type": "Feature",
      "properties": {
        "id": "OSM-NODE-6932077905",
        "name": "Rathina Clinic",
        "resource_type": "clinic",
        "zone_id": "W18938",
        "source": "OpenStreetMap",
        "osm_type": "node",
        "osm_id": 6932077905,
        "emergency_capable": null
      },
      "geometry": {
        "type": "Point",
        "coordinates": [
          80.2909854,
          13.1098612
        ]
      }
    },
    {
      "type": "Feature",
      "properties": {
        "id": "OSM-NODE-6932103990",
        "name": "Kauvery Hospital, Chennai",
        "resource_type": "hospital",
        "zone_id": "W19004",
        "source": "OpenStreetMap",
        "osm_type": "node",
        "osm_id": 6932103990,
        "emergency_capable": null
      },
      "geometry": {
        "type": "Point",
        "coordinates": [
          80.2568208,
          13.0390564
        ]
      }
    },
    {
      "type": "Feature",
      "properties": {
        "id": "OSM-NODE-6932138889",
        "name": "Rathi Med Speciality Hospital",
        "resource_type": "hospital",
        "zone_id": "W18988",
        "source": "OpenStreetMap",
        "osm_type": "node",
        "osm_id": 6932138889,
        "emergency_capable": null
      },
      "geometry": {
        "type": "Point",
        "coordinates": [
          80.2179844,
          13.0916495
        ]
      }
    },
    {
      "type": "Feature",
      "properties": {
        "id": "OSM-NODE-6932142269",
        "name": "Rathenam Nursing Home",
        "resource_type": "clinic",
        "zone_id": "W18937",
        "source": "OpenStreetMap",
        "osm_type": "node",
        "osm_id": 6932142269,
        "emergency_capable": null
      },
      "geometry": {
        "type": "Point",
        "coordinates": [
          80.284929,
          13.1113476
        ]
      }
    },
    {
      "type": "Feature",
      "properties": {
        "id": "OSM-NODE-6932203729",
        "name": "Santhi Hospital",
        "resource_type": "hospital",
        "zone_id": "W19078",
        "source": "OpenStreetMap",
        "osm_type": "node",
        "osm_id": 6932203729,
        "emergency_capable": true
      },
      "geometry": {
        "type": "Point",
        "coordinates": [
          80.255186,
          12.9507835
        ]
      }
    },
    {
      "type": "Feature",
      "properties": {
        "id": "OSM-NODE-6932706544",
        "name": "Suraksha Ent Care Centre",
        "resource_type": "clinic",
        "zone_id": "W19009",
        "source": "OpenStreetMap",
        "osm_type": "node",
        "osm_id": 6932706544,
        "emergency_capable": null
      },
      "geometry": {
        "type": "Point",
        "coordinates": [
          80.258056,
          13.0331886
        ]
      }
    },
    {
      "type": "Feature",
      "properties": {
        "id": "OSM-NODE-6932740110",
        "name": "Sunder Eye Hospital",
        "resource_type": "hospital",
        "zone_id": "W18988",
        "source": "OpenStreetMap",
        "osm_type": "node",
        "osm_id": 6932740110,
        "emergency_capable": null
      },
      "geometry": {
        "type": "Point",
        "coordinates": [
          80.2159721,
          13.08497
        ]
      }
    },
    {
      "type": "Feature",
      "properties": {
        "id": "OSM-NODE-6932938089",
        "name": "Laksha Hospital",
        "resource_type": "hospital",
        "zone_id": "W19007",
        "source": "OpenStreetMap",
        "osm_type": "node",
        "osm_id": 6932938089,
        "emergency_capable": null
      },
      "geometry": {
        "type": "Point",
        "coordinates": [
          80.2636349,
          13.0435469
        ]
      }
    },
    {
      "type": "Feature",
      "properties": {
        "id": "OSM-NODE-6932938090",
        "name": "Lake View Hospital, Tiruvallur",
        "resource_type": "hospital",
        "zone_id": "W18916",
        "source": "OpenStreetMap",
        "osm_type": "node",
        "osm_id": 6932938090,
        "emergency_capable": null
      },
      "geometry": {
        "type": "Point",
        "coordinates": [
          80.2087516,
          13.1368213
        ]
      }
    },
    {
      "type": "Feature",
      "properties": {
        "id": "OSM-NODE-6932966221",
        "name": "Narayanaa Hospital",
        "resource_type": "hospital",
        "zone_id": "W18964",
        "source": "OpenStreetMap",
        "osm_type": "node",
        "osm_id": 6932966221,
        "emergency_capable": null
      },
      "geometry": {
        "type": "Point",
        "coordinates": [
          80.2547595,
          13.0893773
        ]
      }
    },
    {
      "type": "Feature",
      "properties": {
        "id": "OSM-NODE-6933010451",
        "name": "Janamma Hospital",
        "resource_type": "hospital",
        "zone_id": "W19012",
        "source": "OpenStreetMap",
        "osm_type": "node",
        "osm_id": 6933010451,
        "emergency_capable": null
      },
      "geometry": {
        "type": "Point",
        "coordinates": [
          80.2623196,
          13.0269457
        ]
      }
    },
    {
      "type": "Feature",
      "properties": {
        "id": "OSM-NODE-6933010456",
        "name": "Janaki E.N.T. Nursing Home",
        "resource_type": "clinic",
        "zone_id": "W18941",
        "source": "OpenStreetMap",
        "osm_type": "node",
        "osm_id": 6933010456,
        "emergency_capable": null
      },
      "geometry": {
        "type": "Point",
        "coordinates": [
          80.2821958,
          13.0970567
        ]
      }
    },
    {
      "type": "Feature",
      "properties": {
        "id": "OSM-NODE-6933016136",
        "name": "Noble Hospital, Chennai",
        "resource_type": "hospital",
        "zone_id": "W18985",
        "source": "OpenStreetMap",
        "osm_type": "node",
        "osm_id": 6933016136,
        "emergency_capable": null
      },
      "geometry": {
        "type": "Point",
        "coordinates": [
          80.253244,
          13.0821536
        ]
      }
    },
    {
      "type": "Feature",
      "properties": {
        "id": "OSM-NODE-6933038486",
        "name": "J.K. Hospital, Chennai",
        "resource_type": "hospital",
        "zone_id": "W18925",
        "source": "OpenStreetMap",
        "osm_type": "node",
        "osm_id": 6933038486,
        "emergency_capable": null
      },
      "geometry": {
        "type": "Point",
        "coordinates": [
          80.2934799,
          13.1354513
        ]
      }
    },
    {
      "type": "Feature",
      "properties": {
        "id": "OSM-NODE-6933038519",
        "name": "Ishwarya Nursing Home",
        "resource_type": "clinic",
        "zone_id": "W18934",
        "source": "OpenStreetMap",
        "osm_type": "node",
        "osm_id": 6933038519,
        "emergency_capable": null
      },
      "geometry": {
        "type": "Point",
        "coordinates": [
          80.2822602,
          13.1129411
        ]
      }
    },
    {
      "type": "Feature",
      "properties": {
        "id": "OSM-NODE-6933038566",
        "name": "Indira Eye Hospital",
        "resource_type": "hospital",
        "zone_id": "W19057",
        "source": "OpenStreetMap",
        "osm_type": "node",
        "osm_id": 6933038566,
        "emergency_capable": null
      },
      "geometry": {
        "type": "Point",
        "coordinates": [
          80.2622388,
          13.0222055
        ]
      }
    },
    {
      "type": "Feature",
      "properties": {
        "id": "OSM-NODE-6933038567",
        "name": "Indian Hospitals",
        "resource_type": "hospital",
        "zone_id": "W18991",
        "source": "OpenStreetMap",
        "osm_type": "node",
        "osm_id": 6933038567,
        "emergency_capable": null
      },
      "geometry": {
        "type": "Point",
        "coordinates": [
          80.2057502,
          13.0766658
        ]
      }
    },
    {
      "type": "Feature",
      "properties": {
        "id": "OSM-NODE-6933105884",
        "name": "Sheeba Multi Speciality Clinic",
        "resource_type": "clinic",
        "zone_id": "W18954",
        "source": "OpenStreetMap",
        "osm_type": "node",
        "osm_id": 6933105884,
        "emergency_capable": null
      },
      "geometry": {
        "type": "Point",
        "coordinates": [
          80.2279428,
          13.1168517
        ]
      }
    },
    {
      "type": "Feature",
      "properties": {
        "id": "OSM-NODE-6933130958",
        "name": "Diabetes Research Centre and M.V.Hospital For Diabetes",
        "resource_type": "hospital",
        "zone_id": "W18936",
        "source": "OpenStreetMap",
        "osm_type": "node",
        "osm_id": 6933130958,
        "emergency_capable": null
      },
      "geometry": {
        "type": "Point",
        "coordinates": [
          80.2952072,
          13.1119458
        ]
      }
    },
    {
      "type": "Feature",
      "properties": {
        "id": "OSM-NODE-6933279103",
        "name": "Vasan Eye Care Hospital, Neelankarai",
        "resource_type": "hospital",
        "zone_id": "W19078",
        "source": "OpenStreetMap",
        "osm_type": "node",
        "osm_id": 6933279103,
        "emergency_capable": null
      },
      "geometry": {
        "type": "Point",
        "coordinates": [
          80.2551001,
          12.9504267
        ]
      }
    },
    {
      "type": "Feature",
      "properties": {
        "id": "OSM-NODE-6933334832",
        "name": "Sarathy Nursing Home",
        "resource_type": "clinic",
        "zone_id": "W19049",
        "source": "OpenStreetMap",
        "osm_type": "node",
        "osm_id": 6933334832,
        "emergency_capable": null
      },
      "geometry": {
        "type": "Point",
        "coordinates": [
          80.20008,
          12.9926586
        ]
      }
    },
    {
      "type": "Feature",
      "properties": {
        "id": "OSM-NODE-6933370913",
        "name": "Apollo First Medical Foundation",
        "resource_type": "hospital",
        "zone_id": "W18985",
        "source": "OpenStreetMap",
        "osm_type": "node",
        "osm_id": 6933370913,
        "emergency_capable": null
      },
      "geometry": {
        "type": "Point",
        "coordinates": [
          80.2459216,
          13.0776912
        ]
      }
    },
    {
      "type": "Feature",
      "properties": {
        "id": "OSM-NODE-6933510845",
        "name": "Julian Nursing Home",
        "resource_type": "clinic",
        "zone_id": "W18957",
        "source": "OpenStreetMap",
        "osm_type": "node",
        "osm_id": 6933510845,
        "emergency_capable": null
      },
      "geometry": {
        "type": "Point",
        "coordinates": [
          80.2506946,
          13.1063124
        ]
      }
    },
    {
      "type": "Feature",
      "properties": {
        "id": "OSM-NODE-6933510851",
        "name": "Josephs Nursing Home",
        "resource_type": "hospital",
        "zone_id": "W18994",
        "source": "OpenStreetMap",
        "osm_type": "node",
        "osm_id": 6933510851,
        "emergency_capable": null
      },
      "geometry": {
        "type": "Point",
        "coordinates": [
          80.2357346,
          13.0739408
        ]
      }
    },
    {
      "type": "Feature",
      "properties": {
        "id": "OSM-NODE-6933510877",
        "name": "Jayam Polyclinc",
        "resource_type": "hospital",
        "zone_id": "W19065",
        "source": "OpenStreetMap",
        "osm_type": "node",
        "osm_id": 6933510877,
        "emergency_capable": null
      },
      "geometry": {
        "type": "Point",
        "coordinates": [
          80.2603345,
          12.9958562
        ]
      }
    },
    {
      "type": "Feature",
      "properties": {
        "id": "OSM-NODE-6933510882",
        "name": "Jayam Nursing Home",
        "resource_type": "clinic",
        "zone_id": "W18935",
        "source": "OpenStreetMap",
        "osm_type": "node",
        "osm_id": 6933510882,
        "emergency_capable": null
      },
      "geometry": {
        "type": "Point",
        "coordinates": [
          80.2894968,
          13.122272
        ]
      }
    },
    {
      "type": "Feature",
      "properties": {
        "id": "OSM-NODE-6933514287",
        "name": "Jayadev Polyclinic Hospital",
        "resource_type": "hospital",
        "zone_id": "W18986",
        "source": "OpenStreetMap",
        "osm_type": "node",
        "osm_id": 6933514287,
        "emergency_capable": null
      },
      "geometry": {
        "type": "Point",
        "coordinates": [
          80.2415295,
          13.0778545
        ]
      }
    },
    {
      "type": "Feature",
      "properties": {
        "id": "OSM-NODE-6933514307",
        "name": "Jaya Eye Clinic",
        "resource_type": "clinic",
        "zone_id": "W19012",
        "source": "OpenStreetMap",
        "osm_type": "node",
        "osm_id": 6933514307,
        "emergency_capable": null
      },
      "geometry": {
        "type": "Point",
        "coordinates": [
          80.2699743,
          13.0265892
        ]
      }
    },
    {
      "type": "Feature",
      "properties": {
        "id": "OSM-NODE-6933522070",
        "name": "Kummaran Eye Speciality Centre",
        "resource_type": "hospital",
        "zone_id": "W18998",
        "source": "OpenStreetMap",
        "osm_type": "node",
        "osm_id": 6933522070,
        "emergency_capable": null
      },
      "geometry": {
        "type": "Point",
        "coordinates": [
          80.2302911,
          13.0600349
        ]
      }
    },
    {
      "type": "Feature",
      "properties": {
        "id": "OSM-NODE-6933523232",
        "name": "Kvt Health Centre",
        "resource_type": "hospital",
        "zone_id": "W18921",
        "source": "OpenStreetMap",
        "osm_type": "node",
        "osm_id": 6933523232,
        "emergency_capable": null
      },
      "geometry": {
        "type": "Point",
        "coordinates": [
          80.2421558,
          13.1282303
        ]
      }
    },
    {
      "type": "Feature",
      "properties": {
        "id": "OSM-NODE-6933621323",
        "name": "Maya Nursing Home Pvt Ltd",
        "resource_type": "clinic",
        "zone_id": "W19021",
        "source": "OpenStreetMap",
        "osm_type": "node",
        "osm_id": 6933621323,
        "emergency_capable": null
      },
      "geometry": {
        "type": "Point",
        "coordinates": [
          80.2097064,
          13.0313072
        ]
      }
    },
    {
      "type": "Feature",
      "properties": {
        "id": "OSM-NODE-6933737012",
        "name": "Ezhil Hospital",
        "resource_type": "hospital",
        "zone_id": "W18929",
        "source": "OpenStreetMap",
        "osm_type": "node",
        "osm_id": 6933737012,
        "emergency_capable": null
      },
      "geometry": {
        "type": "Point",
        "coordinates": [
          80.2916855,
          13.1302259
        ]
      }
    },
    {
      "type": "Feature",
      "properties": {
        "id": "OSM-NODE-6933746497",
        "name": "Eswari Nursing Home",
        "resource_type": "clinic",
        "zone_id": "W18954",
        "source": "OpenStreetMap",
        "osm_type": "node",
        "osm_id": 6933746497,
        "emergency_capable": null
      },
      "geometry": {
        "type": "Point",
        "coordinates": [
          80.2263898,
          13.1165682
        ]
      }
    },
    {
      "type": "Feature",
      "properties": {
        "id": "OSM-NODE-6933757130",
        "name": "Premier Health Center",
        "resource_type": "hospital",
        "zone_id": "W18988",
        "source": "OpenStreetMap",
        "osm_type": "node",
        "osm_id": 6933757130,
        "emergency_capable": null
      },
      "geometry": {
        "type": "Point",
        "coordinates": [
          80.220851,
          13.0842489
        ]
      }
    },
    {
      "type": "Feature",
      "properties": {
        "id": "OSM-NODE-6933794368",
        "name": "Vasantha Subramanian Hospitals Pvt Ltd",
        "resource_type": "hospital",
        "zone_id": "W18947",
        "source": "OpenStreetMap",
        "osm_type": "node",
        "osm_id": 6933794368,
        "emergency_capable": null
      },
      "geometry": {
        "type": "Point",
        "coordinates": [
          80.2527237,
          13.0731975
        ]
      }
    },
    {
      "type": "Feature",
      "properties": {
        "id": "OSM-NODE-6933802716",
        "name": "Vasan Eye Care Hospital, Tondiarpet",
        "resource_type": "hospital",
        "zone_id": "W18938",
        "source": "OpenStreetMap",
        "osm_type": "node",
        "osm_id": 6933802716,
        "emergency_capable": null
      },
      "geometry": {
        "type": "Point",
        "coordinates": [
          80.2812195,
          13.1109009
        ]
      }
    },
    {
      "type": "Feature",
      "properties": {
        "id": "OSM-NODE-6933828333",
        "name": "Madras Poly Clinic and R.R. Scan",
        "resource_type": "hospital",
        "zone_id": "W19017",
        "source": "OpenStreetMap",
        "osm_type": "node",
        "osm_id": 6933828333,
        "emergency_capable": null
      },
      "geometry": {
        "type": "Point",
        "coordinates": [
          80.2220044,
          13.0461063
        ]
      }
    },
    {
      "type": "Feature",
      "properties": {
        "id": "OSM-NODE-6933831617",
        "name": "Vasan Eye Care Hospital, Valasaravakkam",
        "resource_type": "hospital",
        "zone_id": "W19038",
        "source": "OpenStreetMap",
        "osm_type": "node",
        "osm_id": 6933831617,
        "emergency_capable": null
      },
      "geometry": {
        "type": "Point",
        "coordinates": [
          80.1747546,
          13.0411063
        ]
      }
    },
    {
      "type": "Feature",
      "properties": {
        "id": "OSM-NODE-6933833912",
        "name": "Lister Nursing Home",
        "resource_type": "clinic",
        "zone_id": "W19000",
        "source": "OpenStreetMap",
        "osm_type": "node",
        "osm_id": 6933833912,
        "emergency_capable": null
      },
      "geometry": {
        "type": "Point",
        "coordinates": [
          80.2730508,
          13.0644964
        ]
      }
    },
    {
      "type": "Feature",
      "properties": {
        "id": "OSM-NODE-6933833922",
        "name": "Lifeline Cliniq , Adyar",
        "resource_type": "clinic",
        "zone_id": "W19060",
        "source": "OpenStreetMap",
        "osm_type": "node",
        "osm_id": 6933833922,
        "emergency_capable": null
      },
      "geometry": {
        "type": "Point",
        "coordinates": [
          80.2575208,
          13.0007709
        ]
      }
    },
    {
      "type": "Feature",
      "properties": {
        "id": "OSM-NODE-6933833923",
        "name": "Life Medhospital",
        "resource_type": "hospital",
        "zone_id": "W18997",
        "source": "OpenStreetMap",
        "osm_type": "node",
        "osm_id": 6933833923,
        "emergency_capable": null
      },
      "geometry": {
        "type": "Point",
        "coordinates": [
          80.2576911,
          13.0535505
        ]
      }
    },
    {
      "type": "Feature",
      "properties": {
        "id": "OSM-NODE-6933869777",
        "name": "K.M. Hospitals, Chennai",
        "resource_type": "hospital",
        "zone_id": "W18961",
        "source": "OpenStreetMap",
        "osm_type": "node",
        "osm_id": 6933869777,
        "emergency_capable": null
      },
      "geometry": {
        "type": "Point",
        "coordinates": [
          80.2421169,
          13.0884107
        ]
      }
    },
    {
      "type": "Feature",
      "properties": {
        "id": "OSM-NODE-6933875088",
        "name": "Zubeda Hospitals Ltd.",
        "resource_type": "hospital",
        "zone_id": "W18994",
        "source": "OpenStreetMap",
        "osm_type": "node",
        "osm_id": 6933875088,
        "emergency_capable": null
      },
      "geometry": {
        "type": "Point",
        "coordinates": [
          80.2357775,
          13.0741955
        ]
      }
    },
    {
      "type": "Feature",
      "properties": {
        "id": "OSM-NODE-6933881025",
        "name": "Sree Narayana Nursing Home",
        "resource_type": "clinic",
        "zone_id": "W18957",
        "source": "OpenStreetMap",
        "osm_type": "node",
        "osm_id": 6933881025,
        "emergency_capable": null
      },
      "geometry": {
        "type": "Point",
        "coordinates": [
          80.2481371,
          13.1089757
        ]
      }
    },
    {
      "type": "Feature",
      "properties": {
        "id": "OSM-NODE-6933910999",
        "name": "RR Multispeciality Hospital",
        "resource_type": "hospital",
        "zone_id": "W19001",
        "source": "OpenStreetMap",
        "osm_type": "node",
        "osm_id": 6933910999,
        "emergency_capable": null
      },
      "geometry": {
        "type": "Point",
        "coordinates": [
          80.2740124,
          13.0584745
        ]
      }
    },
    {
      "type": "Feature",
      "properties": {
        "id": "OSM-NODE-6933998001",
        "name": "Dr.Manju Kulkarni Hospital",
        "resource_type": "hospital",
        "zone_id": "W18994",
        "source": "OpenStreetMap",
        "osm_type": "node",
        "osm_id": 6933998001,
        "emergency_capable": null
      },
      "geometry": {
        "type": "Point",
        "coordinates": [
          80.2367672,
          13.0743836
        ]
      }
    },
    {
      "type": "Feature",
      "properties": {
        "id": "OSM-NODE-6934017797",
        "name": "Sri Hanu Nursing Home",
        "resource_type": "clinic",
        "zone_id": "W19037",
        "source": "OpenStreetMap",
        "osm_type": "node",
        "osm_id": 6934017797,
        "emergency_capable": null
      },
      "geometry": {
        "type": "Point",
        "coordinates": [
          80.1712127,
          13.0395058
        ]
      }
    },
    {
      "type": "Feature",
      "properties": {
        "id": "OSM-NODE-6934018732",
        "name": "Sri Ganesa Eye Clinic",
        "resource_type": "clinic",
        "zone_id": "W19035",
        "source": "OpenStreetMap",
        "osm_type": "node",
        "osm_id": 6934018732,
        "emergency_capable": null
      },
      "geometry": {
        "type": "Point",
        "coordinates": [
          80.1854472,
          13.0455758
        ]
      }
    },
    {
      "type": "Feature",
      "properties": {
        "id": "OSM-NODE-6934018827",
        "name": "Vaman Clinic Eye and Ent Care",
        "resource_type": "clinic",
        "zone_id": "W19021",
        "source": "OpenStreetMap",
        "osm_type": "node",
        "osm_id": 6934018827,
        "emergency_capable": null
      },
      "geometry": {
        "type": "Point",
        "coordinates": [
          80.2137016,
          13.0388943
        ]
      }
    },
    {
      "type": "Feature",
      "properties": {
        "id": "OSM-NODE-6934018868",
        "name": "S.V. Bone And Joint Hospital",
        "resource_type": "hospital",
        "zone_id": "W19018",
        "source": "OpenStreetMap",
        "osm_type": "node",
        "osm_id": 6934018868,
        "emergency_capable": null
      },
      "geometry": {
        "type": "Point",
        "coordinates": [
          80.2241461,
          13.0473239
        ]
      }
    },
    {
      "type": "Feature",
      "properties": {
        "id": "OSM-NODE-6934018874",
        "name": "S.S Nursing Home",
        "resource_type": "clinic",
        "zone_id": "W92160",
        "source": "OpenStreetMap",
        "osm_type": "node",
        "osm_id": 6934018874,
        "emergency_capable": null
      },
      "geometry": {
        "type": "Point",
        "coordinates": [
          80.2573344,
          12.969346
        ]
      }
    },
    {
      "type": "Feature",
      "properties": {
        "id": "OSM-NODE-6934031649",
        "name": "Sri G.M. Hospital",
        "resource_type": "hospital",
        "zone_id": "W19073",
        "source": "OpenStreetMap",
        "osm_type": "node",
        "osm_id": 6934031649,
        "emergency_capable": null
      },
      "geometry": {
        "type": "Point",
        "coordinates": [
          80.1927643,
          12.9652266
        ]
      }
    },
    {
      "type": "Feature",
      "properties": {
        "id": "OSM-NODE-6934036697",
        "name": "Sri Eshodha Hospital",
        "resource_type": "hospital",
        "zone_id": "W18984",
        "source": "OpenStreetMap",
        "osm_type": "node",
        "osm_id": 6934036697,
        "emergency_capable": null
      },
      "geometry": {
        "type": "Point",
        "coordinates": [
          80.2362643,
          13.0981213
        ]
      }
    },
    {
      "type": "Feature",
      "properties": {
        "id": "OSM-NODE-6934061609",
        "name": "Srichakara Multispeciality Hospital",
        "resource_type": "hospital",
        "zone_id": "W19053",
        "source": "OpenStreetMap",
        "osm_type": "node",
        "osm_id": 6934061609,
        "emergency_capable": null
      },
      "geometry": {
        "type": "Point",
        "coordinates": [
          80.1851381,
          12.97853
        ]
      }
    },
    {
      "type": "Feature",
      "properties": {
        "id": "OSM-NODE-6934089837",
        "name": "Peoples Nursing Home, Chennai",
        "resource_type": "clinic",
        "zone_id": "W18993",
        "source": "OpenStreetMap",
        "osm_type": "node",
        "osm_id": 6934089837,
        "emergency_capable": null
      },
      "geometry": {
        "type": "Point",
        "coordinates": [
          80.2159499,
          13.0696298
        ]
      }
    },
    {
      "type": "Feature",
      "properties": {
        "id": "OSM-NODE-6934098007",
        "name": "Abhijay Hospital",
        "resource_type": "hospital",
        "zone_id": "W18953",
        "source": "OpenStreetMap",
        "osm_type": "node",
        "osm_id": 6934098007,
        "emergency_capable": null
      },
      "geometry": {
        "type": "Point",
        "coordinates": [
          80.2328438,
          13.1160177
        ]
      }
    },
    {
      "type": "Feature",
      "properties": {
        "id": "OSM-NODE-6934146446",
        "name": "Sinus And Nose Hospital - Mylapore, Chennai",
        "resource_type": "hospital",
        "zone_id": "W19011",
        "source": "OpenStreetMap",
        "osm_type": "node",
        "osm_id": 6934146446,
        "emergency_capable": null
      },
      "geometry": {
        "type": "Point",
        "coordinates": [
          80.2778479,
          13.0350623
        ]
      }
    },
    {
      "type": "Feature",
      "properties": {
        "id": "OSM-NODE-6934163318",
        "name": "Sibi Hospital",
        "resource_type": "hospital",
        "zone_id": "W19072",
        "source": "OpenStreetMap",
        "osm_type": "node",
        "osm_id": 6934163318,
        "emergency_capable": null
      },
      "geometry": {
        "type": "Point",
        "coordinates": [
          80.1904562,
          12.9697917
        ]
      }
    },
    {
      "type": "Feature",
      "properties": {
        "id": "OSM-NODE-6934172291",
        "name": "Shyamala Nursing Home, Chennai",
        "resource_type": "clinic",
        "zone_id": "W18938",
        "source": "OpenStreetMap",
        "osm_type": "node",
        "osm_id": 6934172291,
        "emergency_capable": null
      },
      "geometry": {
        "type": "Point",
        "coordinates": [
          80.2819745,
          13.1101185
        ]
      }
    },
    {
      "type": "Feature",
      "properties": {
        "id": "OSM-NODE-6934186203",
        "name": "Sri Venkateshwara`s C.M. Hospital",
        "resource_type": "hospital",
        "zone_id": "W19050",
        "source": "OpenStreetMap",
        "osm_type": "node",
        "osm_id": 6934186203,
        "emergency_capable": null
      },
      "geometry": {
        "type": "Point",
        "coordinates": [
          80.185987,
          12.9857914
        ]
      }
    },
    {
      "type": "Feature",
      "properties": {
        "id": "OSM-NODE-6934246102",
        "name": "Srinivas Priya Hospital (P) Ltd",
        "resource_type": "hospital",
        "zone_id": "W18957",
        "source": "OpenStreetMap",
        "osm_type": "node",
        "osm_id": 6934246102,
        "emergency_capable": null
      },
      "geometry": {
        "type": "Point",
        "coordinates": [
          80.2466847,
          13.1100467
        ]
      }
    },
    {
      "type": "Feature",
      "properties": {
        "id": "OSM-NODE-6934271069",
        "name": "M.R. Hospital, Chennai",
        "resource_type": "hospital",
        "zone_id": "W18993",
        "source": "OpenStreetMap",
        "osm_type": "node",
        "osm_id": 6934271069,
        "emergency_capable": null
      },
      "geometry": {
        "type": "Point",
        "coordinates": [
          80.2195783,
          13.0725279
        ]
      }
    },
    {
      "type": "Feature",
      "properties": {
        "id": "OSM-NODE-6934271075",
        "name": "M. N. Orthopaedic Hospital",
        "resource_type": "hospital",
        "zone_id": "W18986",
        "source": "OpenStreetMap",
        "osm_type": "node",
        "osm_id": 6934271075,
        "emergency_capable": true
      },
      "geometry": {
        "type": "Point",
        "coordinates": [
          80.2336653,
          13.0810328
        ]
      }
    },
    {
      "type": "Feature",
      "properties": {
        "id": "OSM-NODE-6934271086",
        "name": "M.L Dental Clinic",
        "resource_type": "clinic",
        "zone_id": "W19035",
        "source": "OpenStreetMap",
        "osm_type": "node",
        "osm_id": 6934271086,
        "emergency_capable": null
      },
      "geometry": {
        "type": "Point",
        "coordinates": [
          80.1861023,
          13.0452205
        ]
      }
    },
    {
      "type": "Feature",
      "properties": {
        "id": "OSM-NODE-6934271106",
        "name": "M V Hospital For Diabetes Pvt Ltd",
        "resource_type": "hospital",
        "zone_id": "W18936",
        "source": "OpenStreetMap",
        "osm_type": "node",
        "osm_id": 6934271106,
        "emergency_capable": null
      },
      "geometry": {
        "type": "Point",
        "coordinates": [
          80.2956927,
          13.1121574
        ]
      }
    },
    {
      "type": "Feature",
      "properties": {
        "id": "OSM-NODE-6934271111",
        "name": "M N Eye Hospital",
        "resource_type": "hospital",
        "zone_id": "W19060",
        "source": "OpenStreetMap",
        "osm_type": "node",
        "osm_id": 6934271111,
        "emergency_capable": null
      },
      "geometry": {
        "type": "Point",
        "coordinates": [
          80.2603599,
          12.996767
        ]
      }
    },
    {
      "type": "Feature",
      "properties": {
        "id": "OSM-NODE-6934301423",
        "name": "A.V. Hospital, Chennai",
        "resource_type": "hospital",
        "zone_id": "W18934",
        "source": "OpenStreetMap",
        "osm_type": "node",
        "osm_id": 6934301423,
        "emergency_capable": null
      },
      "geometry": {
        "type": "Point",
        "coordinates": [
          80.2864189,
          13.1170802
        ]
      }
    },
    {
      "type": "Feature",
      "properties": {
        "id": "OSM-NODE-6934325847",
        "name": "N.K Clinic",
        "resource_type": "clinic",
        "zone_id": "W19058",
        "source": "OpenStreetMap",
        "osm_type": "node",
        "osm_id": 6934325847,
        "emergency_capable": null
      },
      "geometry": {
        "type": "Point",
        "coordinates": [
          80.2079885,
          12.998194
        ]
      }
    },
    {
      "type": "Feature",
      "properties": {
        "id": "OSM-NODE-6934325848",
        "name": "N.R. Hospital",
        "resource_type": "hospital",
        "zone_id": "W18954",
        "source": "OpenStreetMap",
        "osm_type": "node",
        "osm_id": 6934325848,
        "emergency_capable": null
      },
      "geometry": {
        "type": "Point",
        "coordinates": [
          80.2309737,
          13.1122162
        ]
      }
    },
    {
      "type": "Feature",
      "properties": {
        "id": "OSM-NODE-6934325849",
        "name": "N.R. Medical Home Private Limited",
        "resource_type": "hospital",
        "zone_id": "W18962",
        "source": "OpenStreetMap",
        "osm_type": "node",
        "osm_id": 6934325849,
        "emergency_capable": null
      },
      "geometry": {
        "type": "Point",
        "coordinates": [
          80.2597135,
          13.0965878
        ]
      }
    },
    {
      "type": "Feature",
      "properties": {
        "id": "OSM-NODE-6934325866",
        "name": "Nagamani Hospitals Private Limited",
        "resource_type": "hospital",
        "zone_id": "W18935",
        "source": "OpenStreetMap",
        "osm_type": "node",
        "osm_id": 6934325866,
        "emergency_capable": null
      },
      "geometry": {
        "type": "Point",
        "coordinates": [
          80.289427,
          13.117412
        ]
      }
    },
    {
      "type": "Feature",
      "properties": {
        "id": "OSM-NODE-6934325876",
        "name": "Nalamm Hospital Pvt Ltd",
        "resource_type": "hospital",
        "zone_id": "W18923",
        "source": "OpenStreetMap",
        "osm_type": "node",
        "osm_id": 6934325876,
        "emergency_capable": null
      },
      "geometry": {
        "type": "Point",
        "coordinates": [
          80.2610184,
          13.1184216
        ]
      }
    },
    {
      "type": "Feature",
      "properties": {
        "id": "OSM-NODE-6934325881",
        "name": "Nambi Nursing Home and Research Centre",
        "resource_type": "clinic",
        "zone_id": "W19001",
        "source": "OpenStreetMap",
        "osm_type": "node",
        "osm_id": 6934325881,
        "emergency_capable": null
      },
      "geometry": {
        "type": "Point",
        "coordinates": [
          80.2723642,
          13.0576423
        ]
      }
    },
    {
      "type": "Feature",
      "properties": {
        "id": "OSM-NODE-6934325882",
        "name": "Nandalala Medical Foundation",
        "resource_type": "hospital",
        "zone_id": "W19009",
        "source": "OpenStreetMap",
        "osm_type": "node",
        "osm_id": 6934325882,
        "emergency_capable": null
      },
      "geometry": {
        "type": "Point",
        "coordinates": [
          80.2615173,
          13.0328516
        ]
      }
    },
    {
      "type": "Feature",
      "properties": {
        "id": "OSM-NODE-6934326572",
        "name": "Sri Kumaran Health Centre",
        "resource_type": "hospital",
        "zone_id": "W18916",
        "source": "OpenStreetMap",
        "osm_type": "node",
        "osm_id": 6934326572,
        "emergency_capable": null
      },
      "geometry": {
        "type": "Point",
        "coordinates": [
          80.2138799,
          13.1308907
        ]
      }
    },
    {
      "type": "Feature",
      "properties": {
        "id": "OSM-NODE-6934340601",
        "name": "Nandhini Hospital",
        "resource_type": "hospital",
        "zone_id": "W19063",
        "source": "OpenStreetMap",
        "osm_type": "node",
        "osm_id": 6934340601,
        "emergency_capable": null
      },
      "geometry": {
        "type": "Point",
        "coordinates": [
          80.2247932,
          12.9784706
        ]
      }
    },
    {
      "type": "Feature",
      "properties": {
        "id": "OSM-NODE-6934340623",
        "name": "Navasuja Sankara Nethralaya",
        "resource_type": "hospital",
        "zone_id": "W19012",
        "source": "OpenStreetMap",
        "osm_type": "node",
        "osm_id": 6934340623,
        "emergency_capable": null
      },
      "geometry": {
        "type": "Point",
        "coordinates": [
          80.2607878,
          13.0265108
        ]
      }
    },
    {
      "type": "Feature",
      "properties": {
        "id": "OSM-NODE-6934340638",
        "name": "Neomed Hospital - Chennai",
        "resource_type": "hospital",
        "zone_id": "W18990",
        "source": "OpenStreetMap",
        "osm_type": "node",
        "osm_id": 6934340638,
        "emergency_capable": null
      },
      "geometry": {
        "type": "Point",
        "coordinates": [
          80.2030747,
          13.083452
        ]
      }
    },
    {
      "type": "Feature",
      "properties": {
        "id": "OSM-NODE-6934340658",
        "name": "New Balaji Hospital, Chennai",
        "resource_type": "hospital",
        "zone_id": "W19027",
        "source": "OpenStreetMap",
        "osm_type": "node",
        "osm_id": 6934340658,
        "emergency_capable": null
      },
      "geometry": {
        "type": "Point",
        "coordinates": [
          80.2311185,
          13.0316469
        ]
      }
    },
    {
      "type": "Feature",
      "properties": {
        "id": "OSM-NODE-6934340659",
        "name": "New Hope Indian Specilaity Hospital",
        "resource_type": "hospital",
        "zone_id": "W18986",
        "source": "OpenStreetMap",
        "osm_type": "node",
        "osm_id": 6934340659,
        "emergency_capable": null
      },
      "geometry": {
        "type": "Point",
        "coordinates": [
          80.2414826,
          13.0777579
        ]
      }
    },
    {
      "type": "Feature",
      "properties": {
        "id": "OSM-NODE-6934340664",
        "name": "New Hope Medical Centre Pvt. Ltd",
        "resource_type": "hospital",
        "zone_id": "W18986",
        "source": "OpenStreetMap",
        "osm_type": "node",
        "osm_id": 6934340664,
        "emergency_capable": null
      },
      "geometry": {
        "type": "Point",
        "coordinates": [
          80.2415201,
          13.0776821
        ]
      }
    },
    {
      "type": "Feature",
      "properties": {
        "id": "OSM-NODE-6934340665",
        "name": "Nichani Health Centre",
        "resource_type": "hospital",
        "zone_id": "W18936",
        "source": "OpenStreetMap",
        "osm_type": "node",
        "osm_id": 6934340665,
        "emergency_capable": null
      },
      "geometry": {
        "type": "Point",
        "coordinates": [
          80.2940284,
          13.111251
        ]
      }
    },
    {
      "type": "Feature",
      "properties": {
        "id": "OSM-NODE-6934340684",
        "name": "Nungambakkam Dispensary CandB Block",
        "resource_type": "clinic",
        "zone_id": "W18997",
        "source": "OpenStreetMap",
        "osm_type": "node",
        "osm_id": 6934340684,
        "emergency_capable": null
      },
      "geometry": {
        "type": "Point",
        "coordinates": [
          80.2481747,
          13.0666173
        ]
      }
    },
    {
      "type": "Feature",
      "properties": {
        "id": "OSM-NODE-6934340710",
        "name": "Om Shakthi Hospital",
        "resource_type": "hospital",
        "zone_id": "W18967",
        "source": "OpenStreetMap",
        "osm_type": "node",
        "osm_id": 6934340710,
        "emergency_capable": null
      },
      "geometry": {
        "type": "Point",
        "coordinates": [
          80.1507749,
          13.1184222
        ]
      }
    },
    {
      "type": "Feature",
      "properties": {
        "id": "OSM-NODE-6934340749",
        "name": "Orthopedic and Specialities Hospital",
        "resource_type": "hospital",
        "zone_id": "W19021",
        "source": "OpenStreetMap",
        "osm_type": "node",
        "osm_id": 6934340749,
        "emergency_capable": null
      },
      "geometry": {
        "type": "Point",
        "coordinates": [
          80.2086724,
          13.0390564
        ]
      }
    },
    {
      "type": "Feature",
      "properties": {
        "id": "OSM-NODE-6934340750",
        "name": "Padma Clinic And Nursing Home",
        "resource_type": "clinic",
        "zone_id": "W18986",
        "source": "OpenStreetMap",
        "osm_type": "node",
        "osm_id": 6934340750,
        "emergency_capable": null
      },
      "geometry": {
        "type": "Point",
        "coordinates": [
          80.2351539,
          13.0768865
        ]
      }
    },
    {
      "type": "Feature",
      "properties": {
        "id": "OSM-NODE-6934340766",
        "name": "Padmapriya Hospital Pvt. Ltd.",
        "resource_type": "hospital",
        "zone_id": "W19059",
        "source": "OpenStreetMap",
        "osm_type": "node",
        "osm_id": 6934340766,
        "emergency_capable": null
      },
      "geometry": {
        "type": "Point",
        "coordinates": [
          80.2537027,
          12.9996223
        ]
      }
    },
    {
      "type": "Feature",
      "properties": {
        "id": "OSM-NODE-6934340781",
        "name": "Palani Balaji Fertility Centre",
        "resource_type": "hospital",
        "zone_id": "W92159",
        "source": "OpenStreetMap",
        "osm_type": "node",
        "osm_id": 6934340781,
        "emergency_capable": null
      },
      "geometry": {
        "type": "Point",
        "coordinates": [
          80.2235084,
          13.0122123
        ]
      }
    },
    {
      "type": "Feature",
      "properties": {
        "id": "OSM-NODE-6934340782",
        "name": "Pallava Hospital",
        "resource_type": "hospital",
        "zone_id": "W19021",
        "source": "OpenStreetMap",
        "osm_type": "node",
        "osm_id": 6934340782,
        "emergency_capable": null
      },
      "geometry": {
        "type": "Point",
        "coordinates": [
          80.2126005,
          13.0420391
        ]
      }
    },
    {
      "type": "Feature",
      "properties": {
        "id": "OSM-NODE-6934340783",
        "name": "P&G Nursing Home",
        "resource_type": "clinic",
        "zone_id": "W19016",
        "source": "OpenStreetMap",
        "osm_type": "node",
        "osm_id": 6934340783,
        "emergency_capable": null
      },
      "geometry": {
        "type": "Point",
        "coordinates": [
          80.2124181,
          13.0479576
        ]
      }
    },
    {
      "type": "Feature",
      "properties": {
        "id": "OSM-NODE-6934340789",
        "name": "Pankajam Memorial Hospital",
        "resource_type": "hospital",
        "zone_id": "W19053",
        "source": "OpenStreetMap",
        "osm_type": "node",
        "osm_id": 6934340789,
        "emergency_capable": null
      },
      "geometry": {
        "type": "Point",
        "coordinates": [
          80.1835965,
          12.9801472
        ]
      }
    },
    {
      "type": "Feature",
      "properties": {
        "id": "OSM-NODE-6934347087",
        "name": "Apollo Childrens Hospital",
        "resource_type": "hospital",
        "zone_id": "W18997",
        "source": "OpenStreetMap",
        "osm_type": "node",
        "osm_id": 6934347087,
        "emergency_capable": null
      },
      "geometry": {
        "type": "Point",
        "coordinates": [
          80.2523656,
          13.060131
        ]
      }
    },
    {
      "type": "Feature",
      "properties": {
        "id": "OSM-NODE-6934347093",
        "name": "Anuradha Maternity Centre",
        "resource_type": "hospital",
        "zone_id": "W19019",
        "source": "OpenStreetMap",
        "osm_type": "node",
        "osm_id": 6934347093,
        "emergency_capable": null
      },
      "geometry": {
        "type": "Point",
        "coordinates": [
          80.2337551,
          13.0356881
        ]
      }
    },
    {
      "type": "Feature",
      "properties": {
        "id": "OSM-NODE-6934407803",
        "name": "Shri Balaji Hospital - Chennai",
        "resource_type": "hospital",
        "zone_id": "W18962",
        "source": "OpenStreetMap",
        "osm_type": "node",
        "osm_id": 6934407803,
        "emergency_capable": null
      },
      "geometry": {
        "type": "Point",
        "coordinates": [
          80.2511633,
          13.0919709
        ]
      }
    },
    {
      "type": "Feature",
      "properties": {
        "id": "OSM-NODE-6934477070",
        "name": "Shivas Eye Care",
        "resource_type": "clinic",
        "zone_id": "W18990",
        "source": "OpenStreetMap",
        "osm_type": "node",
        "osm_id": 6934477070,
        "emergency_capable": null
      },
      "geometry": {
        "type": "Point",
        "coordinates": [
          80.2008538,
          13.0939374
        ]
      }
    },
    {
      "type": "Feature",
      "properties": {
        "id": "OSM-NODE-6934610015",
        "name": "Shepherd Nursing Home",
        "resource_type": "clinic",
        "zone_id": "W18952",
        "source": "OpenStreetMap",
        "osm_type": "node",
        "osm_id": 6934610015,
        "emergency_capable": null
      },
      "geometry": {
        "type": "Point",
        "coordinates": [
          80.2260934,
          13.1255776
        ]
      }
    },
    {
      "type": "Feature",
      "properties": {
        "id": "OSM-NODE-6934689509",
        "name": "Perambur Dispensary",
        "resource_type": "clinic",
        "zone_id": "W18959",
        "source": "OpenStreetMap",
        "osm_type": "node",
        "osm_id": 6934689509,
        "emergency_capable": null
      },
      "geometry": {
        "type": "Point",
        "coordinates": [
          80.2594614,
          13.0976393
        ]
      }
    },
    {
      "type": "Feature",
      "properties": {
        "id": "OSM-NODE-6934897845",
        "name": "Tamil Nadu Urological Research Centre",
        "resource_type": "hospital",
        "zone_id": "W18993",
        "source": "OpenStreetMap",
        "osm_type": "node",
        "osm_id": 6934897845,
        "emergency_capable": null
      },
      "geometry": {
        "type": "Point",
        "coordinates": [
          80.222632,
          13.0710341
        ]
      }
    },
    {
      "type": "Feature",
      "properties": {
        "id": "OSM-NODE-6934903332",
        "name": "Sss Hospital",
        "resource_type": "hospital",
        "zone_id": "W18897",
        "source": "OpenStreetMap",
        "osm_type": "node",
        "osm_id": 6934903332,
        "emergency_capable": null
      },
      "geometry": {
        "type": "Point",
        "coordinates": [
          80.3018933,
          13.1577727
        ]
      }
    },
    {
      "type": "Feature",
      "properties": {
        "id": "OSM-NODE-6934912413",
        "name": "Vhs Diabeted Research Centre",
        "resource_type": "clinic",
        "zone_id": "W19056",
        "source": "OpenStreetMap",
        "osm_type": "node",
        "osm_id": 6934912413,
        "emergency_capable": null
      },
      "geometry": {
        "type": "Point",
        "coordinates": [
          80.2463347,
          13.0029165
        ]
      }
    },
    {
      "type": "Feature",
      "properties": {
        "id": "OSM-NODE-6935067323",
        "name": "Ponraj Eye Clinic",
        "resource_type": "clinic",
        "zone_id": "W19059",
        "source": "OpenStreetMap",
        "osm_type": "node",
        "osm_id": 6935067323,
        "emergency_capable": null
      },
      "geometry": {
        "type": "Point",
        "coordinates": [
          80.2554783,
          12.9892035
        ]
      }
    },
    {
      "type": "Feature",
      "properties": {
        "id": "OSM-NODE-6935224404",
        "name": "Thulasi Krishna Nursing Home, Kodambakkam",
        "resource_type": "hospital",
        "zone_id": "W19018",
        "source": "OpenStreetMap",
        "osm_type": "node",
        "osm_id": 6935224404,
        "emergency_capable": null
      },
      "geometry": {
        "type": "Point",
        "coordinates": [
          80.2300054,
          13.0517176
        ]
      }
    },
    {
      "type": "Feature",
      "properties": {
        "id": "OSM-NODE-6935224405",
        "name": "Sugam Hospital, Tiruvallur",
        "resource_type": "hospital",
        "zone_id": "W18894",
        "source": "OpenStreetMap",
        "osm_type": "node",
        "osm_id": 6935224405,
        "emergency_capable": null
      },
      "geometry": {
        "type": "Point",
        "coordinates": [
          80.3032967,
          13.1652175
        ]
      }
    },
    {
      "type": "Feature",
      "properties": {
        "id": "OSM-NODE-6935248992",
        "name": "Star Bone Joint Center",
        "resource_type": "clinic",
        "zone_id": "W19000",
        "source": "OpenStreetMap",
        "osm_type": "node",
        "osm_id": 6935248992,
        "emergency_capable": null
      },
      "geometry": {
        "type": "Point",
        "coordinates": [
          80.2743041,
          13.0633102
        ]
      }
    },
    {
      "type": "Feature",
      "properties": {
        "id": "OSM-NODE-6935272552",
        "name": "Dr. Agarwal's Eye Hospital",
        "resource_type": "hospital",
        "zone_id": "W18994",
        "source": "OpenStreetMap",
        "osm_type": "node",
        "osm_id": 6935272552,
        "emergency_capable": null
      },
      "geometry": {
        "type": "Point",
        "coordinates": [
          80.2382156,
          13.074266
        ]
      }
    },
    {
      "type": "Feature",
      "properties": {
        "id": "OSM-NODE-6935274089",
        "name": "Selvarangam Hospital",
        "resource_type": "hospital",
        "zone_id": "W18987",
        "source": "OpenStreetMap",
        "osm_type": "node",
        "osm_id": 6935274089,
        "emergency_capable": null
      },
      "geometry": {
        "type": "Point",
        "coordinates": [
          80.2244673,
          13.0850183
        ]
      }
    },
    {
      "type": "Feature",
      "properties": {
        "id": "OSM-NODE-6936134771",
        "name": "Sankara Nethralaya, Chennai",
        "resource_type": "hospital",
        "zone_id": "W18997",
        "source": "OpenStreetMap",
        "osm_type": "node",
        "osm_id": 6936134771,
        "emergency_capable": null
      },
      "geometry": {
        "type": "Point",
        "coordinates": [
          80.2505444,
          13.0670837
        ]
      }
    },
    {
      "type": "Feature",
      "properties": {
        "id": "OSM-NODE-6936147552",
        "name": "Akn Nursing Home",
        "resource_type": "clinic",
        "zone_id": "W18986",
        "source": "OpenStreetMap",
        "osm_type": "node",
        "osm_id": 6936147552,
        "emergency_capable": null
      },
      "geometry": {
        "type": "Point",
        "coordinates": [
          80.2462569,
          13.0836428
        ]
      }
    },
    {
      "type": "Feature",
      "properties": {
        "id": "OSM-NODE-6936147848",
        "name": "Sampat Nursing Home",
        "resource_type": "clinic",
        "zone_id": "W19010",
        "source": "OpenStreetMap",
        "osm_type": "node",
        "osm_id": 6936147848,
        "emergency_capable": null
      },
      "geometry": {
        "type": "Point",
        "coordinates": [
          80.2728282,
          13.0365779
        ]
      }
    },
    {
      "type": "Feature",
      "properties": {
        "id": "OSM-NODE-6936244762",
        "name": "Royal Hospital - Chennai",
        "resource_type": "hospital",
        "zone_id": "W19035",
        "source": "OpenStreetMap",
        "osm_type": "node",
        "osm_id": 6936244762,
        "emergency_capable": null
      },
      "geometry": {
        "type": "Point",
        "coordinates": [
          80.1846506,
          13.0449677
        ]
      }
    },
    {
      "type": "Feature",
      "properties": {
        "id": "OSM-NODE-6936264375",
        "name": "Viganesh Hospital",
        "resource_type": "hospital",
        "zone_id": "W19040",
        "source": "OpenStreetMap",
        "osm_type": "node",
        "osm_id": 6936264375,
        "emergency_capable": null
      },
      "geometry": {
        "type": "Point",
        "coordinates": [
          80.1715896,
          13.0309126
        ]
      }
    },
    {
      "type": "Feature",
      "properties": {
        "id": "OSM-NODE-6936271569",
        "name": "Sri Lakshmi Multi Speciality Hospital Pvt Ltd",
        "resource_type": "hospital",
        "zone_id": "W92161",
        "source": "OpenStreetMap",
        "osm_type": "node",
        "osm_id": 6936271569,
        "emergency_capable": null
      },
      "geometry": {
        "type": "Point",
        "coordinates": [
          80.2461429,
          12.9640779
        ]
      }
    },
    {
      "type": "Feature",
      "properties": {
        "id": "OSM-NODE-6936275517",
        "name": "Dr Agarwal Eye Hospital Ltd",
        "resource_type": "hospital",
        "zone_id": "W18954",
        "source": "OpenStreetMap",
        "osm_type": "node",
        "osm_id": 6936275517,
        "emergency_capable": null
      },
      "geometry": {
        "type": "Point",
        "coordinates": [
          80.2270764,
          13.1135903
        ]
      }
    },
    {
      "type": "Feature",
      "properties": {
        "id": "OSM-NODE-6936294078",
        "name": "Karthik Hospital",
        "resource_type": "hospital",
        "zone_id": "W18894",
        "source": "OpenStreetMap",
        "osm_type": "node",
        "osm_id": 6936294078,
        "emergency_capable": null
      },
      "geometry": {
        "type": "Point",
        "coordinates": [
          80.3043053,
          13.1665521
        ]
      }
    },
    {
      "type": "Feature",
      "properties": {
        "id": "OSM-NODE-6936315219",
        "name": "Spandana Surgical Centre",
        "resource_type": "hospital",
        "zone_id": "W18977",
        "source": "OpenStreetMap",
        "osm_type": "node",
        "osm_id": 6936315219,
        "emergency_capable": null
      },
      "geometry": {
        "type": "Point",
        "coordinates": [
          80.1749497,
          13.0834455
        ]
      }
    },
    {
      "type": "Feature",
      "properties": {
        "id": "OSM-NODE-6936316468",
        "name": "Tosh Hospitals Private Limited",
        "resource_type": "hospital",
        "zone_id": "W18986",
        "source": "OpenStreetMap",
        "osm_type": "node",
        "osm_id": 6936316468,
        "emergency_capable": null
      },
      "geometry": {
        "type": "Point",
        "coordinates": [
          80.2424652,
          13.0827016
        ]
      }
    },
    {
      "type": "Feature",
      "properties": {
        "id": "OSM-NODE-6936324681",
        "name": "Dr Vas Dental Clinic",
        "resource_type": "clinic",
        "zone_id": "W19027",
        "source": "OpenStreetMap",
        "osm_type": "node",
        "osm_id": 6936324681,
        "emergency_capable": null
      },
      "geometry": {
        "type": "Point",
        "coordinates": [
          80.2325615,
          13.0341895
        ]
      }
    },
    {
      "type": "Feature",
      "properties": {
        "id": "OSM-NODE-6936328118",
        "name": "Sri Vaishnavi Nursing Home",
        "resource_type": "clinic",
        "zone_id": "W18967",
        "source": "OpenStreetMap",
        "osm_type": "node",
        "osm_id": 6936328118,
        "emergency_capable": null
      },
      "geometry": {
        "type": "Point",
        "coordinates": [
          80.146014,
          13.1164154
        ]
      }
    },
    {
      "type": "Feature",
      "properties": {
        "id": "OSM-NODE-6936339695",
        "name": "Sundaram Cancer Centre",
        "resource_type": "hospital",
        "zone_id": "W18994",
        "source": "OpenStreetMap",
        "osm_type": "node",
        "osm_id": 6936339695,
        "emergency_capable": null
      },
      "geometry": {
        "type": "Point",
        "coordinates": [
          80.2366224,
          13.07604
        ]
      }
    },
    {
      "type": "Feature",
      "properties": {
        "id": "OSM-NODE-6936339711",
        "name": "R.R. Eye Instutute and Laser Foundation",
        "resource_type": "hospital",
        "zone_id": "W19015",
        "source": "OpenStreetMap",
        "osm_type": "node",
        "osm_id": 6936339711,
        "emergency_capable": null
      },
      "geometry": {
        "type": "Point",
        "coordinates": [
          80.2040416,
          13.0483992
        ]
      }
    },
    {
      "type": "Feature",
      "properties": {
        "id": "OSM-NODE-6936339747",
        "name": "Rajalakshmi Nursing Home",
        "resource_type": "clinic",
        "zone_id": "W18987",
        "source": "OpenStreetMap",
        "osm_type": "node",
        "osm_id": 6936339747,
        "emergency_capable": null
      },
      "geometry": {
        "type": "Point",
        "coordinates": [
          80.2247456,
          13.084629
        ]
      }
    },
    {
      "type": "Feature",
      "properties": {
        "id": "OSM-NODE-6936339822",
        "name": "Avm Medical Ent Research Foundation Pvt Ltd",
        "resource_type": "hospital",
        "zone_id": "W19007",
        "source": "OpenStreetMap",
        "osm_type": "node",
        "osm_id": 6936339822,
        "emergency_capable": null
      },
      "geometry": {
        "type": "Point",
        "coordinates": [
          80.2637114,
          13.0441485
        ]
      }
    },
    {
      "type": "Feature",
      "properties": {
        "id": "OSM-NODE-6936356289",
        "name": "Aditya Hospital, Chennai",
        "resource_type": "hospital",
        "zone_id": "W18986",
        "source": "OpenStreetMap",
        "osm_type": "node",
        "osm_id": 6936356289,
        "emergency_capable": null
      },
      "geometry": {
        "type": "Point",
        "coordinates": [
          80.2486159,
          13.0806801
        ]
      }
    },
    {
      "type": "Feature",
      "properties": {
        "id": "OSM-NODE-6936359923",
        "name": "Laser and Laparascopic Hospital",
        "resource_type": "hospital",
        "zone_id": "W19019",
        "source": "OpenStreetMap",
        "osm_type": "node",
        "osm_id": 6936359923,
        "emergency_capable": null
      },
      "geometry": {
        "type": "Point",
        "coordinates": [
          80.2371521,
          13.0430125
        ]
      }
    },
    {
      "type": "Feature",
      "properties": {
        "id": "OSM-NODE-6936359934",
        "name": "Lalitha Nurshing Home",
        "resource_type": "clinic",
        "zone_id": "W19035",
        "source": "OpenStreetMap",
        "osm_type": "node",
        "osm_id": 6936359934,
        "emergency_capable": null
      },
      "geometry": {
        "type": "Point",
        "coordinates": [
          80.185183,
          13.0477067
        ]
      }
    },
    {
      "type": "Feature",
      "properties": {
        "id": "OSM-NODE-6936359940",
        "name": "Lakshmi Maternity Hospital",
        "resource_type": "hospital",
        "zone_id": "W19059",
        "source": "OpenStreetMap",
        "osm_type": "node",
        "osm_id": 6936359940,
        "emergency_capable": null
      },
      "geometry": {
        "type": "Point",
        "coordinates": [
          80.2528444,
          12.9938673
        ]
      }
    },
    {
      "type": "Feature",
      "properties": {
        "id": "OSM-NODE-6936359972",
        "name": "Kumaran Hospital Pvt.Ltd.",
        "resource_type": "hospital",
        "zone_id": "W18986",
        "source": "OpenStreetMap",
        "osm_type": "node",
        "osm_id": 6936359972,
        "emergency_capable": null
      },
      "geometry": {
        "type": "Point",
        "coordinates": [
          80.2490893,
          13.0790289
        ]
      }
    },
    {
      "type": "Feature",
      "properties": {
        "id": "OSM-NODE-6936359992",
        "name": "Kts Nursing Home",
        "resource_type": "clinic",
        "zone_id": "W18952",
        "source": "OpenStreetMap",
        "osm_type": "node",
        "osm_id": 6936359992,
        "emergency_capable": null
      },
      "geometry": {
        "type": "Point",
        "coordinates": [
          80.224244,
          13.1225671
        ]
      }
    },
    {
      "type": "Feature",
      "properties": {
        "id": "OSM-NODE-6936369001",
        "name": "D R J Hospital P. Ltd.",
        "resource_type": "hospital",
        "zone_id": "W18969",
        "source": "OpenStreetMap",
        "osm_type": "node",
        "osm_id": 6936369001,
        "emergency_capable": null
      },
      "geometry": {
        "type": "Point",
        "coordinates": [
          80.1996361,
          13.1217887
        ]
      }
    },
    {
      "type": "Feature",
      "properties": {
        "id": "OSM-NODE-6936386662",
        "name": "Dr Agarwals Eye Hospital Ltd, Chennai",
        "resource_type": "hospital",
        "zone_id": "W19036",
        "source": "OpenStreetMap",
        "osm_type": "node",
        "osm_id": 6936386662,
        "emergency_capable": null
      },
      "geometry": {
        "type": "Point",
        "coordinates": [
          80.1619336,
          13.0381353
        ]
      }
    },
    {
      "type": "Feature",
      "properties": {
        "id": "OSM-NODE-6936391765",
        "name": "Apollo Specialty Hospitals Private Limited",
        "resource_type": "hospital",
        "zone_id": "W19057",
        "source": "OpenStreetMap",
        "osm_type": "node",
        "osm_id": 6936391765,
        "emergency_capable": null
      },
      "geometry": {
        "type": "Point",
        "coordinates": [
          80.2711008,
          13.0177957
        ]
      }
    },
    {
      "type": "Feature",
      "properties": {
        "id": "OSM-NODE-6936395127",
        "name": "Darshan Eye Clinic",
        "resource_type": "clinic",
        "zone_id": "W18988",
        "source": "OpenStreetMap",
        "osm_type": "node",
        "osm_id": 6936395127,
        "emergency_capable": null
      },
      "geometry": {
        "type": "Point",
        "coordinates": [
          80.2162363,
          13.0883153
        ]
      }
    },
    {
      "type": "Feature",
      "properties": {
        "id": "OSM-NODE-6936411410",
        "name": "Amalya Eye Hospital",
        "resource_type": "hospital",
        "zone_id": "W18984",
        "source": "OpenStreetMap",
        "osm_type": "node",
        "osm_id": 6936411410,
        "emergency_capable": null
      },
      "geometry": {
        "type": "Point",
        "coordinates": [
          80.2423476,
          13.0877615
        ]
      }
    },
    {
      "type": "Feature",
      "properties": {
        "id": "OSM-NODE-6936415699",
        "name": "Dr. A. Ramachandran's Diabetes Hospital",
        "resource_type": "hospital",
        "zone_id": "W18947",
        "source": "OpenStreetMap",
        "osm_type": "node",
        "osm_id": 6936415699,
        "emergency_capable": null
      },
      "geometry": {
        "type": "Point",
        "coordinates": [
          80.2579902,
          13.0685338
        ]
      }
    },
    {
      "type": "Feature",
      "properties": {
        "id": "OSM-NODE-6936434314",
        "name": "Srushti Hospital, Ramapuram",
        "resource_type": "hospital",
        "zone_id": "W19041",
        "source": "OpenStreetMap",
        "osm_type": "node",
        "osm_id": 6936434314,
        "emergency_capable": null
      },
      "geometry": {
        "type": "Point",
        "coordinates": [
          80.1822808,
          13.0353484
        ]
      }
    },
    {
      "type": "Feature",
      "properties": {
        "id": "OSM-NODE-6936469837",
        "name": "Veecare Eye Hospital",
        "resource_type": "hospital",
        "zone_id": "W18988",
        "source": "OpenStreetMap",
        "osm_type": "node",
        "osm_id": 6936469837,
        "emergency_capable": null
      },
      "geometry": {
        "type": "Point",
        "coordinates": [
          80.2182426,
          13.0843952
        ]
      }
    },
    {
      "type": "Feature",
      "properties": {
        "id": "OSM-NODE-6936488132",
        "name": "Sanjeevini Nursing Home",
        "resource_type": "clinic",
        "zone_id": "W18935",
        "source": "OpenStreetMap",
        "osm_type": "node",
        "osm_id": 6936488132,
        "emergency_capable": null
      },
      "geometry": {
        "type": "Point",
        "coordinates": [
          80.2883984,
          13.1169712
        ]
      }
    },
    {
      "type": "Feature",
      "properties": {
        "id": "OSM-NODE-6936663153",
        "name": "Velachery K S Hospital",
        "resource_type": "hospital",
        "zone_id": "W19062",
        "source": "OpenStreetMap",
        "osm_type": "node",
        "osm_id": 6936663153,
        "emergency_capable": null
      },
      "geometry": {
        "type": "Point",
        "coordinates": [
          80.2114016,
          12.9763914
        ]
      }
    },
    {
      "type": "Feature",
      "properties": {
        "id": "OSM-NODE-6936663164",
        "name": "Vasantha Nursing Home",
        "resource_type": "clinic",
        "zone_id": "W18935",
        "source": "OpenStreetMap",
        "osm_type": "node",
        "osm_id": 6936663164,
        "emergency_capable": null
      },
      "geometry": {
        "type": "Point",
        "coordinates": [
          80.2876957,
          13.1168268
        ]
      }
    },
    {
      "type": "Feature",
      "properties": {
        "id": "OSM-NODE-6936669886",
        "name": "K.J. Hospital",
        "resource_type": "hospital",
        "zone_id": "W18985",
        "source": "OpenStreetMap",
        "osm_type": "node",
        "osm_id": 6936669886,
        "emergency_capable": null
      },
      "geometry": {
        "type": "Point",
        "coordinates": [
          80.25267,
          13.0790015
        ]
      }
    },
    {
      "type": "Feature",
      "properties": {
        "id": "OSM-NODE-6936681265",
        "name": "Sathya Physiotherapy Centre",
        "resource_type": "hospital",
        "zone_id": "W19019",
        "source": "OpenStreetMap",
        "osm_type": "node",
        "osm_id": 6936681265,
        "emergency_capable": null
      },
      "geometry": {
        "type": "Point",
        "coordinates": [
          80.2336198,
          13.0440365
        ]
      }
    },
    {
      "type": "Feature",
      "properties": {
        "id": "OSM-NODE-6936681271",
        "name": "Sri Balaji Ent And Maternity Clinic",
        "resource_type": "clinic",
        "zone_id": "W19026",
        "source": "OpenStreetMap",
        "osm_type": "node",
        "osm_id": 6936681271,
        "emergency_capable": null
      },
      "geometry": {
        "type": "Point",
        "coordinates": [
          80.2227634,
          13.0257935
        ]
      }
    },
    {
      "type": "Feature",
      "properties": {
        "id": "OSM-NODE-6936684311",
        "name": "Kensington Hospital",
        "resource_type": "hospital",
        "zone_id": "W18986",
        "source": "OpenStreetMap",
        "osm_type": "node",
        "osm_id": 6936684311,
        "emergency_capable": null
      },
      "geometry": {
        "type": "Point",
        "coordinates": [
          80.2469368,
          13.0788382
        ]
      }
    },
    {
      "type": "Feature",
      "properties": {
        "id": "OSM-NODE-6936684328",
        "name": "Ponmalligai Hospital Pvt Ltd",
        "resource_type": "hospital",
        "zone_id": "W19061",
        "source": "OpenStreetMap",
        "osm_type": "node",
        "osm_id": 6936684328,
        "emergency_capable": null
      },
      "geometry": {
        "type": "Point",
        "coordinates": [
          80.2061465,
          12.9925116
        ]
      }
    },
    {
      "type": "Feature",
      "properties": {
        "id": "OSM-NODE-6936684391",
        "name": "Pdr Othopaedic Hospital",
        "resource_type": "hospital",
        "zone_id": "W19019",
        "source": "OpenStreetMap",
        "osm_type": "node",
        "osm_id": 6936684391,
        "emergency_capable": null
      },
      "geometry": {
        "type": "Point",
        "coordinates": [
          80.2290894,
          13.0389519
        ]
      }
    },
    {
      "type": "Feature",
      "properties": {
        "id": "OSM-NODE-6936695126",
        "name": "E V Kalyani Medical Centre",
        "resource_type": "hospital",
        "zone_id": "W19007",
        "source": "OpenStreetMap",
        "osm_type": "node",
        "osm_id": 6936695126,
        "emergency_capable": null
      },
      "geometry": {
        "type": "Point",
        "coordinates": [
          80.2706811,
          13.0427786
        ]
      }
    },
    {
      "type": "Feature",
      "properties": {
        "id": "OSM-NODE-6936695137",
        "name": "Vijay's Nursing Home",
        "resource_type": "clinic",
        "zone_id": "W92159",
        "source": "OpenStreetMap",
        "osm_type": "node",
        "osm_id": 6936695137,
        "emergency_capable": null
      },
      "geometry": {
        "type": "Point",
        "coordinates": [
          80.2283525,
          13.0266147
        ]
      }
    },
    {
      "type": "Feature",
      "properties": {
        "id": "OSM-NODE-6936695143",
        "name": "Vinayak Clinic",
        "resource_type": "clinic",
        "zone_id": "W18896",
        "source": "OpenStreetMap",
        "osm_type": "node",
        "osm_id": 6936695143,
        "emergency_capable": null
      },
      "geometry": {
        "type": "Point",
        "coordinates": [
          80.301336,
          13.1584009
        ]
      }
    },
    {
      "type": "Feature",
      "properties": {
        "id": "OSM-NODE-6936695172",
        "name": "Yogi Vedha Kumari Hospital",
        "resource_type": "hospital",
        "zone_id": "W19012",
        "source": "OpenStreetMap",
        "osm_type": "node",
        "osm_id": 6936695172,
        "emergency_capable": null
      },
      "geometry": {
        "type": "Point",
        "coordinates": [
          80.2631588,
          13.0269877
        ]
      }
    },
    {
      "type": "Feature",
      "properties": {
        "id": "OSM-NODE-6936695177",
        "name": "Xcellent Care Superspeciality Hospital",
        "resource_type": "hospital",
        "zone_id": "W19063",
        "source": "OpenStreetMap",
        "osm_type": "node",
        "osm_id": 6936695177,
        "emergency_capable": null
      },
      "geometry": {
        "type": "Point",
        "coordinates": [
          80.2181782,
          12.9833895
        ]
      }
    },
    {
      "type": "Feature",
      "properties": {
        "id": "OSM-NODE-6936695178",
        "name": "Women and Children Foundation",
        "resource_type": "hospital",
        "zone_id": "W18999",
        "source": "OpenStreetMap",
        "osm_type": "node",
        "osm_id": 6936695178,
        "emergency_capable": null
      },
      "geometry": {
        "type": "Point",
        "coordinates": [
          80.2329075,
          13.0478465
        ]
      }
    },
    {
      "type": "Feature",
      "properties": {
        "id": "OSM-NODE-6936695225",
        "name": "Sucha Eye Cure",
        "resource_type": "clinic",
        "zone_id": "W19023",
        "source": "OpenStreetMap",
        "osm_type": "node",
        "osm_id": 6936695225,
        "emergency_capable": null
      },
      "geometry": {
        "type": "Point",
        "coordinates": [
          80.1931438,
          13.0390577
        ]
      }
    },
    {
      "type": "Feature",
      "properties": {
        "id": "OSM-NODE-6936695226",
        "name": "Sudha Hospital, Chennai",
        "resource_type": "hospital",
        "zone_id": "W18985",
        "source": "OpenStreetMap",
        "osm_type": "node",
        "osm_id": 6936695226,
        "emergency_capable": null
      },
      "geometry": {
        "type": "Point",
        "coordinates": [
          80.2541493,
          13.0791504
        ]
      }
    },
    {
      "type": "Feature",
      "properties": {
        "id": "OSM-NODE-6936696196",
        "name": "V.K. Hospital",
        "resource_type": "hospital",
        "zone_id": "W18985",
        "source": "OpenStreetMap",
        "osm_type": "node",
        "osm_id": 6936696196,
        "emergency_capable": null
      },
      "geometry": {
        "type": "Point",
        "coordinates": [
          80.2522811,
          13.0816938
        ]
      }
    },
    {
      "type": "Feature",
      "properties": {
        "id": "OSM-NODE-6936696229",
        "name": "U.K. Hospitals Pvt. Ltd.",
        "resource_type": "hospital",
        "zone_id": "W18987",
        "source": "OpenStreetMap",
        "osm_type": "node",
        "osm_id": 6936696229,
        "emergency_capable": null
      },
      "geometry": {
        "type": "Point",
        "coordinates": [
          80.2252632,
          13.0838857
        ]
      }
    },
    {
      "type": "Feature",
      "properties": {
        "id": "OSM-NODE-6936696239",
        "name": "Trust Hospital, Chennai",
        "resource_type": "hospital",
        "zone_id": "W18961",
        "source": "OpenStreetMap",
        "osm_type": "node",
        "osm_id": 6936696239,
        "emergency_capable": null
      },
      "geometry": {
        "type": "Point",
        "coordinates": [
          80.2415402,
          13.0892193
        ]
      }
    },
    {
      "type": "Feature",
      "properties": {
        "id": "OSM-NODE-6936696240",
        "name": "Titan Eye",
        "resource_type": "hospital",
        "zone_id": "W18989",
        "source": "OpenStreetMap",
        "osm_type": "node",
        "osm_id": 6936696240,
        "emergency_capable": null
      },
      "geometry": {
        "type": "Point",
        "coordinates": [
          80.2076291,
          13.082343
        ]
      }
    },
    {
      "type": "Feature",
      "properties": {
        "id": "OSM-NODE-6936708005",
        "name": "Sai Ortho Care Hospital",
        "resource_type": "hospital",
        "zone_id": "W19027",
        "source": "OpenStreetMap",
        "osm_type": "node",
        "osm_id": 6936708005,
        "emergency_capable": null
      },
      "geometry": {
        "type": "Point",
        "coordinates": [
          80.2371645,
          13.0332775
        ]
      }
    },
    {
      "type": "Feature",
      "properties": {
        "id": "OSM-NODE-6936708989",
        "name": "Sooriya Hospital",
        "resource_type": "hospital",
        "zone_id": "W19015",
        "source": "OpenStreetMap",
        "osm_type": "node",
        "osm_id": 6936708989,
        "emergency_capable": null
      },
      "geometry": {
        "type": "Point",
        "coordinates": [
          80.2035199,
          13.0481888
        ]
      }
    },
    {
      "type": "Feature",
      "properties": {
        "id": "OSM-NODE-6936709005",
        "name": "Amruth Siddha and Ayurvedic Clinic",
        "resource_type": "clinic",
        "zone_id": "W18956",
        "source": "OpenStreetMap",
        "osm_type": "node",
        "osm_id": 6936709005,
        "emergency_capable": null
      },
      "geometry": {
        "type": "Point",
        "coordinates": [
          80.2415751,
          13.097668
        ]
      }
    },
    {
      "type": "Feature",
      "properties": {
        "id": "OSM-NODE-6936709049",
        "name": "Siva Sakthi Nursing Home",
        "resource_type": "clinic",
        "zone_id": "W18995",
        "source": "OpenStreetMap",
        "osm_type": "node",
        "osm_id": 6936709049,
        "emergency_capable": null
      },
      "geometry": {
        "type": "Point",
        "coordinates": [
          80.2217676,
          13.0607823
        ]
      }
    },
    {
      "type": "Feature",
      "properties": {
        "id": "OSM-NODE-6936709086",
        "name": "Centre For Blood Disorders",
        "resource_type": "hospital",
        "zone_id": "W19003",
        "source": "OpenStreetMap",
        "osm_type": "node",
        "osm_id": 6936709086,
        "emergency_capable": null
      },
      "geometry": {
        "type": "Point",
        "coordinates": [
          80.2410582,
          13.0496502
        ]
      }
    },
    {
      "type": "Feature",
      "properties": {
        "id": "OSM-NODE-6936709093",
        "name": "Csm Nursing Home",
        "resource_type": "clinic",
        "zone_id": "W19017",
        "source": "OpenStreetMap",
        "osm_type": "node",
        "osm_id": 6936709093,
        "emergency_capable": null
      },
      "geometry": {
        "type": "Point",
        "coordinates": [
          80.2170509,
          13.037934
        ]
      }
    },
    {
      "type": "Feature",
      "properties": {
        "id": "OSM-NODE-6936738654",
        "name": "Roselin Gandhi Hospital",
        "resource_type": "hospital",
        "zone_id": "W18934",
        "source": "OpenStreetMap",
        "osm_type": "node",
        "osm_id": 6936738654,
        "emergency_capable": null
      },
      "geometry": {
        "type": "Point",
        "coordinates": [
          80.2803303,
          13.1166714
        ]
      }
    },
    {
      "type": "Feature",
      "properties": {
        "id": "OSM-NODE-6936854953",
        "name": "Sree Sai Krishna Poly Clinic Hospital",
        "resource_type": "clinic",
        "zone_id": "W18986",
        "source": "OpenStreetMap",
        "osm_type": "node",
        "osm_id": 6936854953,
        "emergency_capable": null
      },
      "geometry": {
        "type": "Point",
        "coordinates": [
          80.236031,
          13.0838165
        ]
      }
    },
    {
      "type": "Feature",
      "properties": {
        "id": "OSM-NODE-6936874933",
        "name": "Paterson Cancer Center / Vijaya Health Centre Premises",
        "resource_type": "hospital",
        "zone_id": "W19015",
        "source": "OpenStreetMap",
        "osm_type": "node",
        "osm_id": 6936874933,
        "emergency_capable": null
      },
      "geometry": {
        "type": "Point",
        "coordinates": [
          80.2069719,
          13.0475826
        ]
      }
    },
    {
      "type": "Feature",
      "properties": {
        "id": "OSM-NODE-6936891601",
        "name": "Aarthi Scans",
        "resource_type": "clinic",
        "zone_id": "W19009",
        "source": "OpenStreetMap",
        "osm_type": "node",
        "osm_id": 6936891601,
        "emergency_capable": null
      },
      "geometry": {
        "type": "Point",
        "coordinates": [
          80.2576784,
          13.0346684
        ]
      }
    },
    {
      "type": "Feature",
      "properties": {
        "id": "OSM-NODE-6936953154",
        "name": "Fertility Research Centre",
        "resource_type": "hospital",
        "zone_id": "W18999",
        "source": "OpenStreetMap",
        "osm_type": "node",
        "osm_id": 6936953154,
        "emergency_capable": null
      },
      "geometry": {
        "type": "Point",
        "coordinates": [
          80.2481343,
          13.0558855
        ]
      }
    },
    {
      "type": "Feature",
      "properties": {
        "id": "OSM-NODE-6936976871",
        "name": "Spot Hospital",
        "resource_type": "hospital",
        "zone_id": "W19017",
        "source": "OpenStreetMap",
        "osm_type": "node",
        "osm_id": 6936976871,
        "emergency_capable": null
      },
      "geometry": {
        "type": "Point",
        "coordinates": [
          80.2187347,
          13.047269
        ]
      }
    },
    {
      "type": "Feature",
      "properties": {
        "id": "OSM-NODE-6936994823",
        "name": "B B Hospital",
        "resource_type": "hospital",
        "zone_id": "W18980",
        "source": "OpenStreetMap",
        "osm_type": "node",
        "osm_id": 6936994823,
        "emergency_capable": null
      },
      "geometry": {
        "type": "Point",
        "coordinates": [
          80.204346,
          13.1184203
        ]
      }
    },
    {
      "type": "Feature",
      "properties": {
        "id": "OSM-NODE-6937025938",
        "name": "Sri Visa Clinic",
        "resource_type": "clinic",
        "zone_id": "W19027",
        "source": "OpenStreetMap",
        "osm_type": "node",
        "osm_id": 6937025938,
        "emergency_capable": null
      },
      "geometry": {
        "type": "Point",
        "coordinates": [
          80.2321847,
          13.0312145
        ]
      }
    },
    {
      "type": "Feature",
      "properties": {
        "id": "OSM-NODE-6937055902",
        "name": "Appasamy Krishna Hospital and Medical Research Centre",
        "resource_type": "hospital",
        "zone_id": "W19063",
        "source": "OpenStreetMap",
        "osm_type": "node",
        "osm_id": 6937055902,
        "emergency_capable": null
      },
      "geometry": {
        "type": "Point",
        "coordinates": [
          80.2205016,
          12.9758647
        ]
      }
    },
    {
      "type": "Feature",
      "properties": {
        "id": "OSM-NODE-6937067452",
        "name": "Medindia Hospitals, Chennai",
        "resource_type": "hospital",
        "zone_id": "W18996",
        "source": "OpenStreetMap",
        "osm_type": "node",
        "osm_id": 6937067452,
        "emergency_capable": null
      },
      "geometry": {
        "type": "Point",
        "coordinates": [
          80.2432201,
          13.0606718
        ]
      }
    },
    {
      "type": "Feature",
      "properties": {
        "id": "OSM-NODE-6937109075",
        "name": "Aakash Hospital, Tiruvallur",
        "resource_type": "hospital",
        "zone_id": "W18894",
        "source": "OpenStreetMap",
        "osm_type": "node",
        "osm_id": 6937109075,
        "emergency_capable": null
      },
      "geometry": {
        "type": "Point",
        "coordinates": [
          80.304324,
          13.1694824
        ]
      }
    },
    {
      "type": "Feature",
      "properties": {
        "id": "OSM-NODE-6937111102",
        "name": "K.M. Multi Speciality Hospital",
        "resource_type": "hospital",
        "zone_id": "W18920",
        "source": "OpenStreetMap",
        "osm_type": "node",
        "osm_id": 6937111102,
        "emergency_capable": null
      },
      "geometry": {
        "type": "Point",
        "coordinates": [
          80.2398249,
          13.1450072
        ]
      }
    },
    {
      "type": "Feature",
      "properties": {
        "id": "OSM-NODE-6937320470",
        "name": "Rudhra-Chella Clinicare`N`Cure Services",
        "resource_type": "hospital",
        "zone_id": "W18929",
        "source": "OpenStreetMap",
        "osm_type": "node",
        "osm_id": 6937320470,
        "emergency_capable": null
      },
      "geometry": {
        "type": "Point",
        "coordinates": [
          80.293498,
          13.1228878
        ]
      }
    },
    {
      "type": "Feature",
      "properties": {
        "id": "OSM-NODE-6937351599",
        "name": "K.K.R. ENT Hospital and Research Institute(P) Ltd",
        "resource_type": "hospital",
        "zone_id": "W18986",
        "source": "OpenStreetMap",
        "osm_type": "node",
        "osm_id": 6937351599,
        "emergency_capable": null
      },
      "geometry": {
        "type": "Point",
        "coordinates": [
          80.2452886,
          13.0781955
        ]
      }
    },
    {
      "type": "Feature",
      "properties": {
        "id": "OSM-NODE-6937390213",
        "name": "Sri Hari Clinic",
        "resource_type": "clinic",
        "zone_id": "W19017",
        "source": "OpenStreetMap",
        "osm_type": "node",
        "osm_id": 6937390213,
        "emergency_capable": null
      },
      "geometry": {
        "type": "Point",
        "coordinates": [
          80.2164307,
          13.0352086
        ]
      }
    },
    {
      "type": "Feature",
      "properties": {
        "id": "OSM-NODE-6937398987",
        "name": "Roy's Heart Foundation",
        "resource_type": "hospital",
        "zone_id": "W19041",
        "source": "OpenStreetMap",
        "osm_type": "node",
        "osm_id": 6937398987,
        "emergency_capable": null
      },
      "geometry": {
        "type": "Point",
        "coordinates": [
          80.1836944,
          13.0345893
        ]
      }
    },
    {
      "type": "Feature",
      "properties": {
        "id": "OSM-NODE-6937434309",
        "name": "Srinivasa Hospital P P N, Chennai",
        "resource_type": "hospital",
        "zone_id": "W19018",
        "source": "OpenStreetMap",
        "osm_type": "node",
        "osm_id": 6937434309,
        "emergency_capable": null
      },
      "geometry": {
        "type": "Point",
        "coordinates": [
          80.2299377,
          13.0503377
        ]
      }
    },
    {
      "type": "Feature",
      "properties": {
        "id": "OSM-NODE-6937467152",
        "name": "Gastro Cre Hospital",
        "resource_type": "hospital",
        "zone_id": "W19004",
        "source": "OpenStreetMap",
        "osm_type": "node",
        "osm_id": 6937467152,
        "emergency_capable": null
      },
      "geometry": {
        "type": "Point",
        "coordinates": [
          80.2507684,
          13.0394065
        ]
      }
    },
    {
      "type": "Feature",
      "properties": {
        "id": "OSM-NODE-6937478253",
        "name": "Dr. A.G. Arumugam Nursing Home",
        "resource_type": "clinic",
        "zone_id": "W18986",
        "source": "OpenStreetMap",
        "osm_type": "node",
        "osm_id": 6937478253,
        "emergency_capable": null
      },
      "geometry": {
        "type": "Point",
        "coordinates": [
          80.2354315,
          13.0768382
        ]
      }
    },
    {
      "type": "Feature",
      "properties": {
        "id": "OSM-NODE-6937497904",
        "name": "Aaditya Kamaraja Eye Hospital",
        "resource_type": "hospital",
        "zone_id": "W19035",
        "source": "OpenStreetMap",
        "osm_type": "node",
        "osm_id": 6937497904,
        "emergency_capable": null
      },
      "geometry": {
        "type": "Point",
        "coordinates": [
          80.1865241,
          13.0463676
        ]
      }
    },
    {
      "type": "Feature",
      "properties": {
        "id": "OSM-NODE-6937570093",
        "name": "Dr Ravishankars Eye Clinic and Nursing Home",
        "resource_type": "clinic",
        "zone_id": "W18944",
        "source": "OpenStreetMap",
        "osm_type": "node",
        "osm_id": 6937570093,
        "emergency_capable": null
      },
      "geometry": {
        "type": "Point",
        "coordinates": [
          80.2596062,
          13.0872141
        ]
      }
    },
    {
      "type": "Feature",
      "properties": {
        "id": "OSM-NODE-6937594692",
        "name": "Seethapathy Nursing Home",
        "resource_type": "clinic",
        "zone_id": "W19005",
        "source": "OpenStreetMap",
        "osm_type": "node",
        "osm_id": 6937594692,
        "emergency_capable": null
      },
      "geometry": {
        "type": "Point",
        "coordinates": [
          80.2645898,
          13.0489087
        ]
      }
    },
    {
      "type": "Feature",
      "properties": {
        "id": "OSM-NODE-6950288001",
        "name": "Sahishnatha Indtitute Of Maternal And Child Health",
        "resource_type": "hospital",
        "zone_id": "W19078",
        "source": "OpenStreetMap",
        "osm_type": "node",
        "osm_id": 6950288001,
        "emergency_capable": null
      },
      "geometry": {
        "type": "Point",
        "coordinates": [
          80.2541614,
          12.9531897
        ]
      }
    },
    {
      "type": "Feature",
      "properties": {
        "id": "OSM-NODE-7060019586",
        "name": "OSM police_station",
        "resource_type": "police_station",
        "zone_id": "W18936",
        "source": "OpenStreetMap",
        "osm_type": "node",
        "osm_id": 7060019586,
        "emergency_capable": null
      },
      "geometry": {
        "type": "Point",
        "coordinates": [
          80.2974617,
          13.1188229
        ]
      }
    },
    {
      "type": "Feature",
      "properties": {
        "id": "OSM-NODE-7060026186",
        "name": "OSM police_station",
        "resource_type": "police_station",
        "zone_id": "W18945",
        "source": "OpenStreetMap",
        "osm_type": "node",
        "osm_id": 7060026186,
        "emergency_capable": null
      },
      "geometry": {
        "type": "Point",
        "coordinates": [
          80.2775929,
          13.0757377
        ]
      }
    },
    {
      "type": "Feature",
      "properties": {
        "id": "OSM-NODE-7181579342",
        "name": "Adyar Dispensary",
        "resource_type": "clinic",
        "zone_id": "W19059",
        "source": "OpenStreetMap",
        "osm_type": "node",
        "osm_id": 7181579342,
        "emergency_capable": null
      },
      "geometry": {
        "type": "Point",
        "coordinates": [
          80.2533312,
          12.991685
        ]
      }
    },
    {
      "type": "Feature",
      "properties": {
        "id": "OSM-NODE-7181684162",
        "name": "Siva E N T Hospital",
        "resource_type": "hospital",
        "zone_id": "W19000",
        "source": "OpenStreetMap",
        "osm_type": "node",
        "osm_id": 7181684162,
        "emergency_capable": null
      },
      "geometry": {
        "type": "Point",
        "coordinates": [
          80.2741693,
          13.0619796
        ]
      }
    },
    {
      "type": "Feature",
      "properties": {
        "id": "OSM-NODE-7181711080",
        "name": "Vinayagam Laser Hospital, Chennai",
        "resource_type": "hospital",
        "zone_id": "W19005",
        "source": "OpenStreetMap",
        "osm_type": "node",
        "osm_id": 7181711080,
        "emergency_capable": null
      },
      "geometry": {
        "type": "Point",
        "coordinates": [
          80.2650954,
          13.0476113
        ]
      }
    },
    {
      "type": "Feature",
      "properties": {
        "id": "OSM-NODE-7181721033",
        "name": "Dr Agarwals Eye Hospital, Triplicane",
        "resource_type": "hospital",
        "zone_id": "W19006",
        "source": "OpenStreetMap",
        "osm_type": "node",
        "osm_id": 7181721033,
        "emergency_capable": null
      },
      "geometry": {
        "type": "Point",
        "coordinates": [
          80.2736449,
          13.0524884
        ]
      }
    },
    {
      "type": "Feature",
      "properties": {
        "id": "OSM-NODE-7181722911",
        "name": "Dr.Agarwal's Eye Hospital Ltd., Gopala Puram",
        "resource_type": "hospital",
        "zone_id": "W19004",
        "source": "OpenStreetMap",
        "osm_type": "node",
        "osm_id": 7181722911,
        "emergency_capable": null
      },
      "geometry": {
        "type": "Point",
        "coordinates": [
          80.259169,
          13.0432085
        ]
      }
    },
    {
      "type": "Feature",
      "properties": {
        "id": "OSM-NODE-7181734862",
        "name": "Dr. M. Mohamed Meeran Clinic",
        "resource_type": "clinic",
        "zone_id": "W18956",
        "source": "OpenStreetMap",
        "osm_type": "node",
        "osm_id": 7181734862,
        "emergency_capable": null
      },
      "geometry": {
        "type": "Point",
        "coordinates": [
          80.2436035,
          13.1216418
        ]
      }
    },
    {
      "type": "Feature",
      "properties": {
        "id": "OSM-NODE-7181744123",
        "name": "Ramarau Polyclinic",
        "resource_type": "clinic",
        "zone_id": "W18986",
        "source": "OpenStreetMap",
        "osm_type": "node",
        "osm_id": 7181744123,
        "emergency_capable": null
      },
      "geometry": {
        "type": "Point",
        "coordinates": [
          80.2456386,
          13.0782438
        ]
      }
    },
    {
      "type": "Feature",
      "properties": {
        "id": "OSM-NODE-7181748147",
        "name": "Bharani Hospital",
        "resource_type": "hospital",
        "zone_id": "W19022",
        "source": "OpenStreetMap",
        "osm_type": "node",
        "osm_id": 7181748147,
        "emergency_capable": null
      },
      "geometry": {
        "type": "Point",
        "coordinates": [
          80.2013205,
          13.0380111
        ]
      }
    },
    {
      "type": "Feature",
      "properties": {
        "id": "OSM-NODE-7181795816",
        "name": "Vasantha Hospital",
        "resource_type": "hospital",
        "zone_id": "W18893",
        "source": "OpenStreetMap",
        "osm_type": "node",
        "osm_id": 7181795816,
        "emergency_capable": null
      },
      "geometry": {
        "type": "Point",
        "coordinates": [
          80.294082,
          13.1738112
        ]
      }
    },
    {
      "type": "Feature",
      "properties": {
        "id": "OSM-NODE-7181812928",
        "name": "K.K. Nagar Dispensary and Polyclinic",
        "resource_type": "clinic",
        "zone_id": "W19022",
        "source": "OpenStreetMap",
        "osm_type": "node",
        "osm_id": 7181812928,
        "emergency_capable": null
      },
      "geometry": {
        "type": "Point",
        "coordinates": [
          80.2079107,
          13.0368
        ]
      }
    },
    {
      "type": "Feature",
      "properties": {
        "id": "OSM-NODE-7210895386",
        "name": "Tamil Nadu Urological Research Centre Best Kidney Stone Clinic",
        "resource_type": "hospital",
        "zone_id": "W18991",
        "source": "OpenStreetMap",
        "osm_type": "node",
        "osm_id": 7210895386,
        "emergency_capable": null
      },
      "geometry": {
        "type": "Point",
        "coordinates": [
          80.2147555,
          13.0748708
        ]
      }
    },
    {
      "type": "Feature",
      "properties": {
        "id": "OSM-NODE-7210911300",
        "name": "Sri Ranga Hospitals",
        "resource_type": "hospital",
        "zone_id": "W19012",
        "source": "OpenStreetMap",
        "osm_type": "node",
        "osm_id": 7210911300,
        "emergency_capable": null
      },
      "geometry": {
        "type": "Point",
        "coordinates": [
          80.2636265,
          13.0290525
        ]
      }
    },
    {
      "type": "Feature",
      "properties": {
        "id": "OSM-NODE-7210948177",
        "name": "Chamiers Day Care Center",
        "resource_type": "hospital",
        "zone_id": "W19008",
        "source": "OpenStreetMap",
        "osm_type": "node",
        "osm_id": 7210948177,
        "emergency_capable": null
      },
      "geometry": {
        "type": "Point",
        "coordinates": [
          80.2446245,
          13.0297278
        ]
      }
    },
    {
      "type": "Feature",
      "properties": {
        "id": "OSM-NODE-7213394742",
        "name": "London Harley Street Women And Fertility Centre",
        "resource_type": "hospital",
        "zone_id": "W19070",
        "source": "OpenStreetMap",
        "osm_type": "node",
        "osm_id": 7213394742,
        "emergency_capable": null
      },
      "geometry": {
        "type": "Point",
        "coordinates": [
          80.2421492,
          12.9609724
        ]
      }
    },
    {
      "type": "Feature",
      "properties": {
        "id": "OSM-NODE-7213449202",
        "name": "Gas Hospital",
        "resource_type": "hospital",
        "zone_id": "W19059",
        "source": "OpenStreetMap",
        "osm_type": "node",
        "osm_id": 7213449202,
        "emergency_capable": null
      },
      "geometry": {
        "type": "Point",
        "coordinates": [
          80.2540981,
          13.003026
        ]
      }
    },
    {
      "type": "Feature",
      "properties": {
        "id": "OSM-NODE-7213449203",
        "name": "Adyar Ortho Clinic",
        "resource_type": "clinic",
        "zone_id": "W19059",
        "source": "OpenStreetMap",
        "osm_type": "node",
        "osm_id": 7213449203,
        "emergency_capable": null
      },
      "geometry": {
        "type": "Point",
        "coordinates": [
          80.2518544,
          13.0017764
        ]
      }
    },
    {
      "type": "Feature",
      "properties": {
        "id": "OSM-NODE-7213449204",
        "name": "Siloam Hospital",
        "resource_type": "clinic",
        "zone_id": "W19059",
        "source": "OpenStreetMap",
        "osm_type": "node",
        "osm_id": 7213449204,
        "emergency_capable": null
      },
      "geometry": {
        "type": "Point",
        "coordinates": [
          80.2498239,
          13.0012776
        ]
      }
    },
    {
      "type": "Feature",
      "properties": {
        "id": "OSM-NODE-7213449205",
        "name": "Dr VK Jayalakshmi - Vishnu Fertility Centre",
        "resource_type": "clinic",
        "zone_id": "W19059",
        "source": "OpenStreetMap",
        "osm_type": "node",
        "osm_id": 7213449205,
        "emergency_capable": null
      },
      "geometry": {
        "type": "Point",
        "coordinates": [
          80.2497784,
          13.0015495
        ]
      }
    },
    {
      "type": "Feature",
      "properties": {
        "id": "OSM-NODE-7213492568",
        "name": "Dr.Bala Subramanian",
        "resource_type": "hospital",
        "zone_id": "W19003",
        "source": "OpenStreetMap",
        "osm_type": "node",
        "osm_id": 7213492568,
        "emergency_capable": null
      },
      "geometry": {
        "type": "Point",
        "coordinates": [
          80.2423799,
          13.0465056
        ]
      }
    },
    {
      "type": "Feature",
      "properties": {
        "id": "OSM-NODE-7252256159",
        "name": "Shri Pooja Maternity Clinic",
        "resource_type": "clinic",
        "zone_id": "W18922",
        "source": "OpenStreetMap",
        "osm_type": "node",
        "osm_id": 7252256159,
        "emergency_capable": null
      },
      "geometry": {
        "type": "Point",
        "coordinates": [
          80.2517777,
          13.1308512
        ]
      }
    },
    {
      "type": "Feature",
      "properties": {
        "id": "OSM-NODE-7252256160",
        "name": "Urban Health Poly Clinic",
        "resource_type": "clinic",
        "zone_id": "W18890",
        "source": "OpenStreetMap",
        "osm_type": "node",
        "osm_id": 7252256160,
        "emergency_capable": null
      },
      "geometry": {
        "type": "Point",
        "coordinates": [
          80.302246,
          13.18013
        ]
      }
    },
    {
      "type": "Feature",
      "properties": {
        "id": "OSM-NODE-7252256177",
        "name": "Swasthik Health Care center",
        "resource_type": "hospital",
        "zone_id": "W18922",
        "source": "OpenStreetMap",
        "osm_type": "node",
        "osm_id": 7252256177,
        "emergency_capable": null
      },
      "geometry": {
        "type": "Point",
        "coordinates": [
          80.2506039,
          13.1297134
        ]
      }
    },
    {
      "type": "Feature",
      "properties": {
        "id": "OSM-NODE-7252256184",
        "name": "NRV Hospital",
        "resource_type": "hospital",
        "zone_id": "W18921",
        "source": "OpenStreetMap",
        "osm_type": "node",
        "osm_id": 7252256184,
        "emergency_capable": null
      },
      "geometry": {
        "type": "Point",
        "coordinates": [
          80.243196,
          13.13468
        ]
      }
    },
    {
      "type": "Feature",
      "properties": {
        "id": "OSM-NODE-7252256194",
        "name": "Sugam Hospital",
        "resource_type": "hospital",
        "zone_id": "W18894",
        "source": "OpenStreetMap",
        "osm_type": "node",
        "osm_id": 7252256194,
        "emergency_capable": null
      },
      "geometry": {
        "type": "Point",
        "coordinates": [
          80.3042862,
          13.1685958
        ]
      }
    },
    {
      "type": "Feature",
      "properties": {
        "id": "OSM-NODE-7252333314",
        "name": "Govt Kilpauk Medical College Hospital",
        "resource_type": "hospital",
        "zone_id": "W18986",
        "source": "OpenStreetMap",
        "osm_type": "node",
        "osm_id": 7252333314,
        "emergency_capable": null
      },
      "geometry": {
        "type": "Point",
        "coordinates": [
          80.243753,
          13.07832
        ]
      }
    },
    {
      "type": "Feature",
      "properties": {
        "id": "OSM-NODE-7252333316",
        "name": "Sakthi Nursing Home",
        "resource_type": "clinic",
        "zone_id": "W19015",
        "source": "OpenStreetMap",
        "osm_type": "node",
        "osm_id": 7252333316,
        "emergency_capable": null
      },
      "geometry": {
        "type": "Point",
        "coordinates": [
          80.2012267,
          13.0583373
        ]
      }
    },
    {
      "type": "Feature",
      "properties": {
        "id": "OSM-NODE-7252333318",
        "name": "Rasi Hospital",
        "resource_type": "hospital",
        "zone_id": "W18928",
        "source": "OpenStreetMap",
        "osm_type": "node",
        "osm_id": 7252333318,
        "emergency_capable": null
      },
      "geometry": {
        "type": "Point",
        "coordinates": [
          80.285818,
          13.12038
        ]
      }
    },
    {
      "type": "Feature",
      "properties": {
        "id": "OSM-NODE-7252333320",
        "name": "Government Maternity And Child Hospital",
        "resource_type": "hospital",
        "zone_id": "W18982",
        "source": "OpenStreetMap",
        "osm_type": "node",
        "osm_id": 7252333320,
        "emergency_capable": null
      },
      "geometry": {
        "type": "Point",
        "coordinates": [
          80.2301988,
          13.0991743
        ]
      }
    },
    {
      "type": "Feature",
      "properties": {
        "id": "OSM-NODE-7252333321",
        "name": "Cloudnine Hospital - Chennai",
        "resource_type": "hospital",
        "zone_id": "W19003",
        "source": "OpenStreetMap",
        "osm_type": "node",
        "osm_id": 7252333321,
        "emergency_capable": null
      },
      "geometry": {
        "type": "Point",
        "coordinates": [
          80.2461174,
          13.0433937
        ]
      }
    },
    {
      "type": "Feature",
      "properties": {
        "id": "OSM-NODE-7252333330",
        "name": "Shifa Hospital And Reasearch Centre",
        "resource_type": "hospital",
        "zone_id": "W19000",
        "source": "OpenStreetMap",
        "osm_type": "node",
        "osm_id": 7252333330,
        "emergency_capable": null
      },
      "geometry": {
        "type": "Point",
        "coordinates": [
          80.2745135,
          13.061988
        ]
      }
    },
    {
      "type": "Feature",
      "properties": {
        "id": "OSM-NODE-7252333333",
        "name": "Siva Sakthi Nursing Home",
        "resource_type": "clinic",
        "zone_id": "W18995",
        "source": "OpenStreetMap",
        "osm_type": "node",
        "osm_id": 7252333333,
        "emergency_capable": null
      },
      "geometry": {
        "type": "Point",
        "coordinates": [
          80.2217663,
          13.0605437
        ]
      }
    },
    {
      "type": "Feature",
      "properties": {
        "id": "OSM-NODE-7252333337",
        "name": "Govt. Stanley Hospital",
        "resource_type": "hospital",
        "zone_id": "W18938",
        "source": "OpenStreetMap",
        "osm_type": "node",
        "osm_id": 7252333337,
        "emergency_capable": null
      },
      "geometry": {
        "type": "Point",
        "coordinates": [
          80.286804,
          13.10618
        ]
      }
    },
    {
      "type": "Feature",
      "properties": {
        "id": "OSM-NODE-7252333341",
        "name": "Subam Specialities Hospitals",
        "resource_type": "hospital",
        "zone_id": "W19014",
        "source": "OpenStreetMap",
        "osm_type": "node",
        "osm_id": 7252333341,
        "emergency_capable": null
      },
      "geometry": {
        "type": "Point",
        "coordinates": [
          80.1895003,
          13.0469783
        ]
      }
    },
    {
      "type": "Feature",
      "properties": {
        "id": "OSM-NODE-7252333343",
        "name": "Kts Nursing Home",
        "resource_type": "clinic",
        "zone_id": "W18952",
        "source": "OpenStreetMap",
        "osm_type": "node",
        "osm_id": 7252333343,
        "emergency_capable": null
      },
      "geometry": {
        "type": "Point",
        "coordinates": [
          80.223972,
          13.12222
        ]
      }
    },
    {
      "type": "Feature",
      "properties": {
        "id": "OSM-NODE-7252333346",
        "name": "Srisaihospital With Matrinity Facility",
        "resource_type": "hospital",
        "zone_id": "W19030",
        "source": "OpenStreetMap",
        "osm_type": "node",
        "osm_id": 7252333346,
        "emergency_capable": null
      },
      "geometry": {
        "type": "Point",
        "coordinates": [
          80.1799109,
          13.0692631
        ]
      }
    },
    {
      "type": "Feature",
      "properties": {
        "id": "OSM-NODE-7252333347",
        "name": "Govt Peripheral Hospital Periyar Nagar",
        "resource_type": "hospital",
        "zone_id": "W18954",
        "source": "OpenStreetMap",
        "osm_type": "node",
        "osm_id": 7252333347,
        "emergency_capable": null
      },
      "geometry": {
        "type": "Point",
        "coordinates": [
          80.2233851,
          13.1153048
        ]
      }
    },
    {
      "type": "Feature",
      "properties": {
        "id": "OSM-NODE-7252333349",
        "name": "Be Well Hospital",
        "resource_type": "hospital",
        "zone_id": "W19003",
        "source": "OpenStreetMap",
        "osm_type": "node",
        "osm_id": 7252333349,
        "emergency_capable": null
      },
      "geometry": {
        "type": "Point",
        "coordinates": [
          80.2453103,
          13.0431134
        ]
      }
    },
    {
      "type": "Feature",
      "properties": {
        "id": "OSM-NODE-7252333352",
        "name": "Hera Hospital",
        "resource_type": "hospital",
        "zone_id": "W19014",
        "source": "OpenStreetMap",
        "osm_type": "node",
        "osm_id": 7252333352,
        "emergency_capable": null
      },
      "geometry": {
        "type": "Point",
        "coordinates": [
          80.1922458,
          13.0508643
        ]
      }
    },
    {
      "type": "Feature",
      "properties": {
        "id": "OSM-NODE-7252333353",
        "name": "SBS Hospital Nursing Home",
        "resource_type": "clinic",
        "zone_id": "W19013",
        "source": "OpenStreetMap",
        "osm_type": "node",
        "osm_id": 7252333353,
        "emergency_capable": null
      },
      "geometry": {
        "type": "Point",
        "coordinates": [
          80.194729,
          13.05943
        ]
      }
    },
    {
      "type": "Feature",
      "properties": {
        "id": "OSM-NODE-7252333354",
        "name": "Government Unani Hospital",
        "resource_type": "hospital",
        "zone_id": "W18936",
        "source": "OpenStreetMap",
        "osm_type": "node",
        "osm_id": 7252333354,
        "emergency_capable": null
      },
      "geometry": {
        "type": "Point",
        "coordinates": [
          80.2957982,
          13.1129012
        ]
      }
    },
    {
      "type": "Feature",
      "properties": {
        "id": "OSM-NODE-7252333356",
        "name": "Meenakshi Hospital & Childrens Hospital",
        "resource_type": "hospital",
        "zone_id": "W18999",
        "source": "OpenStreetMap",
        "osm_type": "node",
        "osm_id": 7252333356,
        "emergency_capable": null
      },
      "geometry": {
        "type": "Point",
        "coordinates": [
          80.2428501,
          13.0586646
        ]
      }
    },
    {
      "type": "Feature",
      "properties": {
        "id": "OSM-NODE-7252333360",
        "name": "Subam Clinic",
        "resource_type": "clinic",
        "zone_id": "W19001",
        "source": "OpenStreetMap",
        "osm_type": "node",
        "osm_id": 7252333360,
        "emergency_capable": null
      },
      "geometry": {
        "type": "Point",
        "coordinates": [
          80.273916,
          13.05774
        ]
      }
    },
    {
      "type": "Feature",
      "properties": {
        "id": "OSM-NODE-7252333369",
        "name": "Tanker Dialysis Foundation Unit",
        "resource_type": "hospital",
        "zone_id": "W18972",
        "source": "OpenStreetMap",
        "osm_type": "node",
        "osm_id": 7252333369,
        "emergency_capable": null
      },
      "geometry": {
        "type": "Point",
        "coordinates": [
          80.175293,
          13.09041
        ]
      }
    },
    {
      "type": "Feature",
      "properties": {
        "id": "OSM-NODE-7252333371",
        "name": "Hiba Hospital",
        "resource_type": "hospital",
        "zone_id": "W19000",
        "source": "OpenStreetMap",
        "osm_type": "node",
        "osm_id": 7252333371,
        "emergency_capable": null
      },
      "geometry": {
        "type": "Point",
        "coordinates": [
          80.275793,
          13.0616195
        ]
      }
    },
    {
      "type": "Feature",
      "properties": {
        "id": "OSM-NODE-7252333372",
        "name": "A.R.A Hospital For Women",
        "resource_type": "hospital",
        "zone_id": "W19006",
        "source": "OpenStreetMap",
        "osm_type": "node",
        "osm_id": 7252333372,
        "emergency_capable": null
      },
      "geometry": {
        "type": "Point",
        "coordinates": [
          80.2735131,
          13.0508818
        ]
      }
    },
    {
      "type": "Feature",
      "properties": {
        "id": "OSM-NODE-7252333375",
        "name": "Priyas Medical Centre",
        "resource_type": "hospital",
        "zone_id": "W19013",
        "source": "OpenStreetMap",
        "osm_type": "node",
        "osm_id": 7252333375,
        "emergency_capable": null
      },
      "geometry": {
        "type": "Point",
        "coordinates": [
          80.1954415,
          13.0594024
        ]
      }
    },
    {
      "type": "Feature",
      "properties": {
        "id": "OSM-NODE-7252333378",
        "name": "Dr. Rai Memorial Medical Centre",
        "resource_type": "hospital",
        "zone_id": "W19003",
        "source": "OpenStreetMap",
        "osm_type": "node",
        "osm_id": 7252333378,
        "emergency_capable": null
      },
      "geometry": {
        "type": "Point",
        "coordinates": [
          80.2475507,
          13.044837
        ]
      }
    },
    {
      "type": "Feature",
      "properties": {
        "id": "OSM-NODE-7252333380",
        "name": "Medway Hospitals",
        "resource_type": "hospital",
        "zone_id": "W19018",
        "source": "OpenStreetMap",
        "osm_type": "node",
        "osm_id": 7252333380,
        "emergency_capable": null
      },
      "geometry": {
        "type": "Point",
        "coordinates": [
          80.2275376,
          13.0535971
        ]
      }
    },
    {
      "type": "Feature",
      "properties": {
        "id": "OSM-NODE-7252333381",
        "name": "Seven Wells Hospital",
        "resource_type": "hospital",
        "zone_id": "W18941",
        "source": "OpenStreetMap",
        "osm_type": "node",
        "osm_id": 7252333381,
        "emergency_capable": null
      },
      "geometry": {
        "type": "Point",
        "coordinates": [
          80.2825418,
          13.0993782
        ]
      }
    },
    {
      "type": "Feature",
      "properties": {
        "id": "OSM-NODE-7252333383",
        "name": "Government Hospital",
        "resource_type": "hospital",
        "zone_id": "W18949",
        "source": "OpenStreetMap",
        "osm_type": "node",
        "osm_id": 7252333383,
        "emergency_capable": null
      },
      "geometry": {
        "type": "Point",
        "coordinates": [
          80.2672078,
          13.068807
        ]
      }
    },
    {
      "type": "Feature",
      "properties": {
        "id": "OSM-NODE-7252333384",
        "name": "Ranga Nursing Home",
        "resource_type": "clinic",
        "zone_id": "W18935",
        "source": "OpenStreetMap",
        "osm_type": "node",
        "osm_id": 7252333384,
        "emergency_capable": null
      },
      "geometry": {
        "type": "Point",
        "coordinates": [
          80.2857643,
          13.1192346
        ]
      }
    },
    {
      "type": "Feature",
      "properties": {
        "id": "OSM-NODE-7252333388",
        "name": "Standard Hospital",
        "resource_type": "hospital",
        "zone_id": "W19014",
        "source": "OpenStreetMap",
        "osm_type": "node",
        "osm_id": 7252333388,
        "emergency_capable": null
      },
      "geometry": {
        "type": "Point",
        "coordinates": [
          80.1898468,
          13.0524675
        ]
      }
    },
    {
      "type": "Feature",
      "properties": {
        "id": "OSM-NODE-7252333389",
        "name": "Chennai Corporation Hospital",
        "resource_type": "hospital",
        "zone_id": "W18934",
        "source": "OpenStreetMap",
        "osm_type": "node",
        "osm_id": 7252333389,
        "emergency_capable": null
      },
      "geometry": {
        "type": "Point",
        "coordinates": [
          80.2844517,
          13.1142928
        ]
      }
    },
    {
      "type": "Feature",
      "properties": {
        "id": "OSM-NODE-7252333390",
        "name": "Guru Raghavendra Hospital",
        "resource_type": "hospital",
        "zone_id": "W19023",
        "source": "OpenStreetMap",
        "osm_type": "node",
        "osm_id": 7252333390,
        "emergency_capable": null
      },
      "geometry": {
        "type": "Point",
        "coordinates": [
          80.1964532,
          13.0410091
        ]
      }
    },
    {
      "type": "Feature",
      "properties": {
        "id": "OSM-NODE-7252333391",
        "name": "RIDA Physiotherapy Clinic",
        "resource_type": "clinic",
        "zone_id": "W19000",
        "source": "OpenStreetMap",
        "osm_type": "node",
        "osm_id": 7252333391,
        "emergency_capable": null
      },
      "geometry": {
        "type": "Point",
        "coordinates": [
          80.2745047,
          13.0621485
        ]
      }
    },
    {
      "type": "Feature",
      "properties": {
        "id": "OSM-NODE-7252333394",
        "name": "Seethapathy clinic & Hospital",
        "resource_type": "hospital",
        "zone_id": "W19005",
        "source": "OpenStreetMap",
        "osm_type": "node",
        "osm_id": 7252333394,
        "emergency_capable": null
      },
      "geometry": {
        "type": "Point",
        "coordinates": [
          80.2645448,
          13.0487028
        ]
      }
    },
    {
      "type": "Feature",
      "properties": {
        "id": "OSM-NODE-7252333396",
        "name": "Kvt Health Speciality Hospital",
        "resource_type": "hospital",
        "zone_id": "W18921",
        "source": "OpenStreetMap",
        "osm_type": "node",
        "osm_id": 7252333396,
        "emergency_capable": null
      },
      "geometry": {
        "type": "Point",
        "coordinates": [
          80.2489796,
          13.1267531
        ]
      }
    },
    {
      "type": "Feature",
      "properties": {
        "id": "OSM-NODE-7252333397",
        "name": "Sakthi Hospital &Reasearch Centre Helath Care Organization",
        "resource_type": "hospital",
        "zone_id": "W19002",
        "source": "OpenStreetMap",
        "osm_type": "node",
        "osm_id": 7252333397,
        "emergency_capable": null
      },
      "geometry": {
        "type": "Point",
        "coordinates": [
          80.2757357,
          13.0572714
        ]
      }
    },
    {
      "type": "Feature",
      "properties": {
        "id": "OSM-NODE-7252333398",
        "name": "Women And Children Foundation Hospitals T-Nagar",
        "resource_type": "hospital",
        "zone_id": "W18999",
        "source": "OpenStreetMap",
        "osm_type": "node",
        "osm_id": 7252333398,
        "emergency_capable": null
      },
      "geometry": {
        "type": "Point",
        "coordinates": [
          80.2329957,
          13.0480821
        ]
      }
    },
    {
      "type": "Feature",
      "properties": {
        "id": "OSM-NODE-7252333402",
        "name": "Annai multispeciality hospital",
        "resource_type": "hospital",
        "zone_id": "W19014",
        "source": "OpenStreetMap",
        "osm_type": "node",
        "osm_id": 7252333402,
        "emergency_capable": null
      },
      "geometry": {
        "type": "Point",
        "coordinates": [
          80.1927125,
          13.0538856
        ]
      }
    },
    {
      "type": "Feature",
      "properties": {
        "id": "OSM-NODE-7252333403",
        "name": "Firm Hospital",
        "resource_type": "hospital",
        "zone_id": "W18989",
        "source": "OpenStreetMap",
        "osm_type": "node",
        "osm_id": 7252333403,
        "emergency_capable": null
      },
      "geometry": {
        "type": "Point",
        "coordinates": [
          80.2139939,
          13.0916464
        ]
      }
    },
    {
      "type": "Feature",
      "properties": {
        "id": "OSM-NODE-7252333406",
        "name": "The Best Hospital Private Ltd",
        "resource_type": "hospital",
        "zone_id": "W18998",
        "source": "OpenStreetMap",
        "osm_type": "node",
        "osm_id": 7252333406,
        "emergency_capable": null
      },
      "geometry": {
        "type": "Point",
        "coordinates": [
          80.2195494,
          13.0535089
        ]
      }
    },
    {
      "type": "Feature",
      "properties": {
        "id": "OSM-NODE-7252333407",
        "name": "Chennai Corporation Hospital",
        "resource_type": "hospital",
        "zone_id": "W18964",
        "source": "OpenStreetMap",
        "osm_type": "node",
        "osm_id": 7252333407,
        "emergency_capable": null
      },
      "geometry": {
        "type": "Point",
        "coordinates": [
          80.256712,
          13.0887
        ]
      }
    },
    {
      "type": "Feature",
      "properties": {
        "id": "OSM-NODE-7252333409",
        "name": "Triplicane Government Hospital",
        "resource_type": "hospital",
        "zone_id": "W19000",
        "source": "OpenStreetMap",
        "osm_type": "node",
        "osm_id": 7252333409,
        "emergency_capable": null
      },
      "geometry": {
        "type": "Point",
        "coordinates": [
          80.2747981,
          13.060986
        ]
      }
    },
    {
      "type": "Feature",
      "properties": {
        "id": "OSM-NODE-7252333413",
        "name": "Hemakamal Nursing Home",
        "resource_type": "clinic",
        "zone_id": "W18939",
        "source": "OpenStreetMap",
        "osm_type": "node",
        "osm_id": 7252333413,
        "emergency_capable": null
      },
      "geometry": {
        "type": "Point",
        "coordinates": [
          80.2796126,
          13.1069544
        ]
      }
    },
    {
      "type": "Feature",
      "properties": {
        "id": "OSM-NODE-7252333416",
        "name": "Government Hospital For Ladies And Children",
        "resource_type": "hospital",
        "zone_id": "W19013",
        "source": "OpenStreetMap",
        "osm_type": "node",
        "osm_id": 7252333416,
        "emergency_capable": null
      },
      "geometry": {
        "type": "Point",
        "coordinates": [
          80.1928218,
          13.0590564
        ]
      }
    },
    {
      "type": "Feature",
      "properties": {
        "id": "OSM-NODE-7254940229",
        "name": "Dr. Premkumar's Orthopedic Clinic",
        "resource_type": "clinic",
        "zone_id": "W18996",
        "source": "OpenStreetMap",
        "osm_type": "node",
        "osm_id": 7254940229,
        "emergency_capable": null
      },
      "geometry": {
        "type": "Point",
        "coordinates": [
          80.2350491,
          13.0566709
        ]
      }
    },
    {
      "type": "Feature",
      "properties": {
        "id": "OSM-NODE-7255706468",
        "name": "SIMS Hospital",
        "resource_type": "hospital",
        "zone_id": "W18999",
        "source": "OpenStreetMap",
        "osm_type": "node",
        "osm_id": 7255706468,
        "emergency_capable": null
      },
      "geometry": {
        "type": "Point",
        "coordinates": [
          80.2478331,
          13.0561828
        ]
      }
    },
    {
      "type": "Feature",
      "properties": {
        "id": "OSM-NODE-7257289123",
        "name": "Suraj Hospital",
        "resource_type": "hospital",
        "zone_id": "W19077",
        "source": "OpenStreetMap",
        "osm_type": "node",
        "osm_id": 7257289123,
        "emergency_capable": null
      },
      "geometry": {
        "type": "Point",
        "coordinates": [
          80.1967559,
          12.9107782
        ]
      }
    },
    {
      "type": "Feature",
      "properties": {
        "id": "OSM-NODE-7257421531",
        "name": "Shree Chakra Maternity Clinic and Nursing Home",
        "resource_type": "clinic",
        "zone_id": "W19020",
        "source": "OpenStreetMap",
        "osm_type": "node",
        "osm_id": 7257421531,
        "emergency_capable": null
      },
      "geometry": {
        "type": "Point",
        "coordinates": [
          80.2246285,
          13.0348047
        ]
      }
    },
    {
      "type": "Feature",
      "properties": {
        "id": "OSM-NODE-7257421536",
        "name": "Kavitha Clinic",
        "resource_type": "clinic",
        "zone_id": "W19003",
        "source": "OpenStreetMap",
        "osm_type": "node",
        "osm_id": 7257421536,
        "emergency_capable": null
      },
      "geometry": {
        "type": "Point",
        "coordinates": [
          80.2419057,
          13.0340836
        ]
      }
    },
    {
      "type": "Feature",
      "properties": {
        "id": "OSM-NODE-7257421540",
        "name": "Sunrays Laproscopic Centre",
        "resource_type": "hospital",
        "zone_id": "W19021",
        "source": "OpenStreetMap",
        "osm_type": "node",
        "osm_id": 7257421540,
        "emergency_capable": null
      },
      "geometry": {
        "type": "Point",
        "coordinates": [
          80.2099892,
          13.0319129
        ]
      }
    },
    {
      "type": "Feature",
      "properties": {
        "id": "OSM-NODE-7257421541",
        "name": "Hirsh Nursing Home",
        "resource_type": "clinic",
        "zone_id": "W19023",
        "source": "OpenStreetMap",
        "osm_type": "node",
        "osm_id": 7257421541,
        "emergency_capable": null
      },
      "geometry": {
        "type": "Point",
        "coordinates": [
          80.1911357,
          13.0298958
        ]
      }
    },
    {
      "type": "Feature",
      "properties": {
        "id": "OSM-NODE-7257421543",
        "name": "Acharya Clinic",
        "resource_type": "clinic",
        "zone_id": "W19051",
        "source": "OpenStreetMap",
        "osm_type": "node",
        "osm_id": 7257421543,
        "emergency_capable": null
      },
      "geometry": {
        "type": "Point",
        "coordinates": [
          80.192207,
          12.9854281
        ]
      }
    },
    {
      "type": "Feature",
      "properties": {
        "id": "OSM-NODE-7257421544",
        "name": "Sriramachandra Hospital",
        "resource_type": "hospital",
        "zone_id": "W19036",
        "source": "OpenStreetMap",
        "osm_type": "node",
        "osm_id": 7257421544,
        "emergency_capable": null
      },
      "geometry": {
        "type": "Point",
        "coordinates": [
          80.1444537,
          13.0374439
        ]
      }
    },
    {
      "type": "Feature",
      "properties": {
        "id": "OSM-NODE-7257421549",
        "name": "Chinna Porur Government Hospital",
        "resource_type": "hospital",
        "zone_id": "W19037",
        "source": "OpenStreetMap",
        "osm_type": "node",
        "osm_id": 7257421549,
        "emergency_capable": null
      },
      "geometry": {
        "type": "Point",
        "coordinates": [
          80.169935,
          13.0369528
        ]
      }
    },
    {
      "type": "Feature",
      "properties": {
        "id": "OSM-NODE-7257421557",
        "name": "Motherhood Hospital",
        "resource_type": "hospital",
        "zone_id": "W19008",
        "source": "OpenStreetMap",
        "osm_type": "node",
        "osm_id": 7257421557,
        "emergency_capable": null
      },
      "geometry": {
        "type": "Point",
        "coordinates": [
          80.2511993,
          13.0312006
        ]
      }
    },
    {
      "type": "Feature",
      "properties": {
        "id": "OSM-NODE-7257421559",
        "name": "Government Hospital, Adyar",
        "resource_type": "hospital",
        "zone_id": "W19060",
        "source": "OpenStreetMap",
        "osm_type": "node",
        "osm_id": 7257421559,
        "emergency_capable": null
      },
      "geometry": {
        "type": "Point",
        "coordinates": [
          80.2562121,
          12.9979497
        ]
      }
    },
    {
      "type": "Feature",
      "properties": {
        "id": "OSM-NODE-7257421569",
        "name": "Gunasekaran Hospitals Pvt.Ltd",
        "resource_type": "hospital",
        "zone_id": "W19019",
        "source": "OpenStreetMap",
        "osm_type": "node",
        "osm_id": 7257421569,
        "emergency_capable": null
      },
      "geometry": {
        "type": "Point",
        "coordinates": [
          80.2389389,
          13.0374624
        ]
      }
    },
    {
      "type": "Feature",
      "properties": {
        "id": "OSM-NODE-7257421583",
        "name": "Kumaran Specialities Hospital",
        "resource_type": "hospital",
        "zone_id": "W19021",
        "source": "OpenStreetMap",
        "osm_type": "node",
        "osm_id": 7257421583,
        "emergency_capable": null
      },
      "geometry": {
        "type": "Point",
        "coordinates": [
          80.21204,
          13.03968
        ]
      }
    },
    {
      "type": "Feature",
      "properties": {
        "id": "OSM-NODE-7257421586",
        "name": "Arokiya hospital",
        "resource_type": "hospital",
        "zone_id": "W19023",
        "source": "OpenStreetMap",
        "osm_type": "node",
        "osm_id": 7257421586,
        "emergency_capable": null
      },
      "geometry": {
        "type": "Point",
        "coordinates": [
          80.190944,
          13.0374234
        ]
      }
    },
    {
      "type": "Feature",
      "properties": {
        "id": "OSM-NODE-7257421589",
        "name": "Parvathy Hospital",
        "resource_type": "hospital",
        "zone_id": "W19036",
        "source": "OpenStreetMap",
        "osm_type": "node",
        "osm_id": 7257421589,
        "emergency_capable": null
      },
      "geometry": {
        "type": "Point",
        "coordinates": [
          80.1567342,
          13.036525
        ]
      }
    },
    {
      "type": "Feature",
      "properties": {
        "id": "OSM-NODE-7257421593",
        "name": "Genesis Womens Hospital",
        "resource_type": "hospital",
        "zone_id": "W19008",
        "source": "OpenStreetMap",
        "osm_type": "node",
        "osm_id": 7257421593,
        "emergency_capable": null
      },
      "geometry": {
        "type": "Point",
        "coordinates": [
          80.2465468,
          13.034922
        ]
      }
    },
    {
      "type": "Feature",
      "properties": {
        "id": "OSM-NODE-7257421596",
        "name": "Radhatri Nethralaya",
        "resource_type": "hospital",
        "zone_id": "W19003",
        "source": "OpenStreetMap",
        "osm_type": "node",
        "osm_id": 7257421596,
        "emergency_capable": null
      },
      "geometry": {
        "type": "Point",
        "coordinates": [
          80.2398192,
          13.0342203
        ]
      }
    },
    {
      "type": "Feature",
      "properties": {
        "id": "OSM-NODE-7257421601",
        "name": "Kavery Hospital",
        "resource_type": "hospital",
        "zone_id": "W19009",
        "source": "OpenStreetMap",
        "osm_type": "node",
        "osm_id": 7257421601,
        "emergency_capable": null
      },
      "geometry": {
        "type": "Point",
        "coordinates": [
          80.2572398,
          13.038362
        ]
      }
    },
    {
      "type": "Feature",
      "properties": {
        "id": "OSM-NODE-7257421602",
        "name": "Kanamapet Government Hospital",
        "resource_type": "hospital",
        "zone_id": "W92159",
        "source": "OpenStreetMap",
        "osm_type": "node",
        "osm_id": 7257421602,
        "emergency_capable": null
      },
      "geometry": {
        "type": "Point",
        "coordinates": [
          80.2261208,
          13.0298989
        ]
      }
    },
    {
      "type": "Feature",
      "properties": {
        "id": "OSM-NODE-7257421613",
        "name": "Government Hospital Alandur",
        "resource_type": "hospital",
        "zone_id": "W19046",
        "source": "OpenStreetMap",
        "osm_type": "node",
        "osm_id": 7257421613,
        "emergency_capable": null
      },
      "geometry": {
        "type": "Point",
        "coordinates": [
          80.2025432,
          13.0048164
        ]
      }
    },
    {
      "type": "Feature",
      "properties": {
        "id": "OSM-NODE-7257421615",
        "name": "Janani Hospital",
        "resource_type": "hospital",
        "zone_id": "W19023",
        "source": "OpenStreetMap",
        "osm_type": "node",
        "osm_id": 7257421615,
        "emergency_capable": null
      },
      "geometry": {
        "type": "Point",
        "coordinates": [
          80.1909256,
          13.0313233
        ]
      }
    },
    {
      "type": "Feature",
      "properties": {
        "id": "OSM-NODE-7257421620",
        "name": "Ram Skin Clinic",
        "resource_type": "clinic",
        "zone_id": "W19072",
        "source": "OpenStreetMap",
        "osm_type": "node",
        "osm_id": 7257421620,
        "emergency_capable": null
      },
      "geometry": {
        "type": "Point",
        "coordinates": [
          80.2040772,
          12.9771173
        ]
      }
    },
    {
      "type": "Feature",
      "properties": {
        "id": "OSM-NODE-7320948885",
        "name": "OSM hospital",
        "resource_type": "hospital",
        "zone_id": "W18988",
        "source": "OpenStreetMap",
        "osm_type": "node",
        "osm_id": 7320948885,
        "emergency_capable": null
      },
      "geometry": {
        "type": "Point",
        "coordinates": [
          80.21879,
          13.0753606
        ]
      }
    },
    {
      "type": "Feature",
      "properties": {
        "id": "OSM-NODE-7652449746",
        "name": "Malar Clinic",
        "resource_type": "hospital",
        "zone_id": "W19073",
        "source": "OpenStreetMap",
        "osm_type": "node",
        "osm_id": 7652449746,
        "emergency_capable": false
      },
      "geometry": {
        "type": "Point",
        "coordinates": [
          80.1958518,
          12.9645886
        ]
      }
    },
    {
      "type": "Feature",
      "properties": {
        "id": "OSM-NODE-7818702355",
        "name": "Memisa Skin Clinic",
        "resource_type": "clinic",
        "zone_id": "W18913",
        "source": "OpenStreetMap",
        "osm_type": "node",
        "osm_id": 7818702355,
        "emergency_capable": null
      },
      "geometry": {
        "type": "Point",
        "coordinates": [
          80.2533929,
          13.1534531
        ]
      }
    },
    {
      "type": "Feature",
      "properties": {
        "id": "OSM-NODE-7818702356",
        "name": "Sri Jayakala Clinic",
        "resource_type": "clinic",
        "zone_id": "W18905",
        "source": "OpenStreetMap",
        "osm_type": "node",
        "osm_id": 7818702356,
        "emergency_capable": null
      },
      "geometry": {
        "type": "Point",
        "coordinates": [
          80.246488,
          13.167576
        ]
      }
    },
    {
      "type": "Feature",
      "properties": {
        "id": "OSM-NODE-7818702357",
        "name": "Prasad Multispeciality Hospital",
        "resource_type": "hospital",
        "zone_id": "W18897",
        "source": "OpenStreetMap",
        "osm_type": "node",
        "osm_id": 7818702357,
        "emergency_capable": null
      },
      "geometry": {
        "type": "Point",
        "coordinates": [
          80.301391,
          13.156154
        ]
      }
    },
    {
      "type": "Feature",
      "properties": {
        "id": "OSM-NODE-7818702358",
        "name": "Uma Hospital",
        "resource_type": "hospital",
        "zone_id": "W18919",
        "source": "OpenStreetMap",
        "osm_type": "node",
        "osm_id": 7818702358,
        "emergency_capable": null
      },
      "geometry": {
        "type": "Point",
        "coordinates": [
          80.2058879,
          13.1345397
        ]
      }
    },
    {
      "type": "Feature",
      "properties": {
        "id": "OSM-NODE-7818702359",
        "name": "Maaya Nursing Home",
        "resource_type": "clinic",
        "zone_id": "W18919",
        "source": "OpenStreetMap",
        "osm_type": "node",
        "osm_id": 7818702359,
        "emergency_capable": null
      },
      "geometry": {
        "type": "Point",
        "coordinates": [
          80.2121709,
          13.131644
        ]
      }
    },
    {
      "type": "Feature",
      "properties": {
        "id": "OSM-NODE-7818702362",
        "name": "M.A. Nursing Home",
        "resource_type": "clinic",
        "zone_id": "W18900",
        "source": "OpenStreetMap",
        "osm_type": "node",
        "osm_id": 7818702362,
        "emergency_capable": null
      },
      "geometry": {
        "type": "Point",
        "coordinates": [
          80.3007588,
          13.1523024
        ]
      }
    },
    {
      "type": "Feature",
      "properties": {
        "id": "OSM-NODE-7818702364",
        "name": "Gowtham Clinic",
        "resource_type": "clinic",
        "zone_id": "W18900",
        "source": "OpenStreetMap",
        "osm_type": "node",
        "osm_id": 7818702364,
        "emergency_capable": null
      },
      "geometry": {
        "type": "Point",
        "coordinates": [
          80.3009641,
          13.1521212
        ]
      }
    },
    {
      "type": "Feature",
      "properties": {
        "id": "OSM-NODE-7818702365",
        "name": "Acharya Tulsi Clinic",
        "resource_type": "clinic",
        "zone_id": "W18909",
        "source": "OpenStreetMap",
        "osm_type": "node",
        "osm_id": 7818702365,
        "emergency_capable": null
      },
      "geometry": {
        "type": "Point",
        "coordinates": [
          80.2098306,
          13.1651744
        ]
      }
    },
    {
      "type": "Feature",
      "properties": {
        "id": "OSM-NODE-7818702367",
        "name": "Suman Hospital",
        "resource_type": "hospital",
        "zone_id": "W18898",
        "source": "OpenStreetMap",
        "osm_type": "node",
        "osm_id": 7818702367,
        "emergency_capable": null
      },
      "geometry": {
        "type": "Point",
        "coordinates": [
          80.2984201,
          13.1503301
        ]
      }
    },
    {
      "type": "Feature",
      "properties": {
        "id": "OSM-NODE-7818702368",
        "name": "Mahalakshmi Clinic",
        "resource_type": "clinic",
        "zone_id": "W18909",
        "source": "OpenStreetMap",
        "osm_type": "node",
        "osm_id": 7818702368,
        "emergency_capable": null
      },
      "geometry": {
        "type": "Point",
        "coordinates": [
          80.200226,
          13.1724224
        ]
      }
    },
    {
      "type": "Feature",
      "properties": {
        "id": "OSM-NODE-7818702369",
        "name": "Dr. Anupama Roshan Skin Specialist",
        "resource_type": "clinic",
        "zone_id": "W18900",
        "source": "OpenStreetMap",
        "osm_type": "node",
        "osm_id": 7818702369,
        "emergency_capable": null
      },
      "geometry": {
        "type": "Point",
        "coordinates": [
          80.3012914,
          13.1517568
        ]
      }
    },
    {
      "type": "Feature",
      "properties": {
        "id": "OSM-NODE-7818702370",
        "name": "Sri Kannan Clinic",
        "resource_type": "clinic",
        "zone_id": "W18909",
        "source": "OpenStreetMap",
        "osm_type": "node",
        "osm_id": 7818702370,
        "emergency_capable": null
      },
      "geometry": {
        "type": "Point",
        "coordinates": [
          80.199551,
          13.170706
        ]
      }
    },
    {
      "type": "Feature",
      "properties": {
        "id": "OSM-NODE-7818702376",
        "name": "Dr. Ezhilarasi Clinic",
        "resource_type": "clinic",
        "zone_id": "W18919",
        "source": "OpenStreetMap",
        "osm_type": "node",
        "osm_id": 7818702376,
        "emergency_capable": null
      },
      "geometry": {
        "type": "Point",
        "coordinates": [
          80.2073327,
          13.1327627
        ]
      }
    },
    {
      "type": "Feature",
      "properties": {
        "id": "OSM-NODE-7818702384",
        "name": "Dr. Merwin Clinic",
        "resource_type": "clinic",
        "zone_id": "W18900",
        "source": "OpenStreetMap",
        "osm_type": "node",
        "osm_id": 7818702384,
        "emergency_capable": null
      },
      "geometry": {
        "type": "Point",
        "coordinates": [
          80.3012826,
          13.1520648
        ]
      }
    },
    {
      "type": "Feature",
      "properties": {
        "id": "OSM-NODE-7818702386",
        "name": "Ropheka Polyclinic",
        "resource_type": "clinic",
        "zone_id": "W18900",
        "source": "OpenStreetMap",
        "osm_type": "node",
        "osm_id": 7818702386,
        "emergency_capable": null
      },
      "geometry": {
        "type": "Point",
        "coordinates": [
          80.2978175,
          13.1463416
        ]
      }
    },
    {
      "type": "Feature",
      "properties": {
        "id": "OSM-NODE-7818702389",
        "name": "Kvm Physiotherapy Clinic",
        "resource_type": "clinic",
        "zone_id": "W92157",
        "source": "OpenStreetMap",
        "osm_type": "node",
        "osm_id": 7818702389,
        "emergency_capable": null
      },
      "geometry": {
        "type": "Point",
        "coordinates": [
          80.2594403,
          13.1625945
        ]
      }
    },
    {
      "type": "Feature",
      "properties": {
        "id": "OSM-NODE-7818702391",
        "name": "Srs Healthcare Clinic",
        "resource_type": "clinic",
        "zone_id": "W18905",
        "source": "OpenStreetMap",
        "osm_type": "node",
        "osm_id": 7818702391,
        "emergency_capable": null
      },
      "geometry": {
        "type": "Point",
        "coordinates": [
          80.247696,
          13.1675158
        ]
      }
    },
    {
      "type": "Feature",
      "properties": {
        "id": "OSM-NODE-7818702393",
        "name": "Sankara Eye Hospital",
        "resource_type": "hospital",
        "zone_id": "W18907",
        "source": "OpenStreetMap",
        "osm_type": "node",
        "osm_id": 7818702393,
        "emergency_capable": null
      },
      "geometry": {
        "type": "Point",
        "coordinates": [
          80.25871,
          13.165259
        ]
      }
    },
    {
      "type": "Feature",
      "properties": {
        "id": "OSM-NODE-7818702395",
        "name": "G S Hospital",
        "resource_type": "hospital",
        "zone_id": "W18897",
        "source": "OpenStreetMap",
        "osm_type": "node",
        "osm_id": 7818702395,
        "emergency_capable": null
      },
      "geometry": {
        "type": "Point",
        "coordinates": [
          80.3006482,
          13.1537616
        ]
      }
    },
    {
      "type": "Feature",
      "properties": {
        "id": "OSM-NODE-7818702399",
        "name": "Md Hussain Hospital",
        "resource_type": "hospital",
        "zone_id": "W18909",
        "source": "OpenStreetMap",
        "osm_type": "node",
        "osm_id": 7818702399,
        "emergency_capable": null
      },
      "geometry": {
        "type": "Point",
        "coordinates": [
          80.193567,
          13.1702776
        ]
      }
    },
    {
      "type": "Feature",
      "properties": {
        "id": "OSM-NODE-7818702406",
        "name": "Esha Hospital",
        "resource_type": "hospital",
        "zone_id": "W18900",
        "source": "OpenStreetMap",
        "osm_type": "node",
        "osm_id": 7818702406,
        "emergency_capable": null
      },
      "geometry": {
        "type": "Point",
        "coordinates": [
          80.3002146,
          13.1521728
        ]
      }
    },
    {
      "type": "Feature",
      "properties": {
        "id": "OSM-NODE-7818702409",
        "name": "Annai Hospital",
        "resource_type": "hospital",
        "zone_id": "W18898",
        "source": "OpenStreetMap",
        "osm_type": "node",
        "osm_id": 7818702409,
        "emergency_capable": null
      },
      "geometry": {
        "type": "Point",
        "coordinates": [
          80.2982812,
          13.1486276
        ]
      }
    },
    {
      "type": "Feature",
      "properties": {
        "id": "OSM-NODE-7818702411",
        "name": "Prasad ENT",
        "resource_type": "clinic",
        "zone_id": "W18897",
        "source": "OpenStreetMap",
        "osm_type": "node",
        "osm_id": 7818702411,
        "emergency_capable": null
      },
      "geometry": {
        "type": "Point",
        "coordinates": [
          80.3009519,
          13.156041
        ]
      }
    },
    {
      "type": "Feature",
      "properties": {
        "id": "OSM-NODE-7818702413",
        "name": "Dr. Saravana's Ortho Clinic",
        "resource_type": "clinic",
        "zone_id": "W18916",
        "source": "OpenStreetMap",
        "osm_type": "node",
        "osm_id": 7818702413,
        "emergency_capable": null
      },
      "geometry": {
        "type": "Point",
        "coordinates": [
          80.2092573,
          13.1358049
        ]
      }
    },
    {
      "type": "Feature",
      "properties": {
        "id": "OSM-NODE-7818702414",
        "name": "Sri Malar Clinic",
        "resource_type": "clinic",
        "zone_id": "W18910",
        "source": "OpenStreetMap",
        "osm_type": "node",
        "osm_id": 7818702414,
        "emergency_capable": null
      },
      "geometry": {
        "type": "Point",
        "coordinates": [
          80.205369,
          13.1621341
        ]
      }
    },
    {
      "type": "Feature",
      "properties": {
        "id": "OSM-NODE-7818702418",
        "name": "GK Shree Health Clinic",
        "resource_type": "clinic",
        "zone_id": "W18909",
        "source": "OpenStreetMap",
        "osm_type": "node",
        "osm_id": 7818702418,
        "emergency_capable": null
      },
      "geometry": {
        "type": "Point",
        "coordinates": [
          80.2000625,
          13.1711581
        ]
      }
    },
    {
      "type": "Feature",
      "properties": {
        "id": "OSM-NODE-7818702419",
        "name": "Sekar Hospital",
        "resource_type": "hospital",
        "zone_id": "W18898",
        "source": "OpenStreetMap",
        "osm_type": "node",
        "osm_id": 7818702419,
        "emergency_capable": null
      },
      "geometry": {
        "type": "Point",
        "coordinates": [
          80.2998808,
          13.1523333
        ]
      }
    },
    {
      "type": "Feature",
      "properties": {
        "id": "OSM-NODE-7818702420",
        "name": "St. Anthony's Hospital",
        "resource_type": "hospital",
        "zone_id": "W18910",
        "source": "OpenStreetMap",
        "osm_type": "node",
        "osm_id": 7818702420,
        "emergency_capable": null
      },
      "geometry": {
        "type": "Point",
        "coordinates": [
          80.204431,
          13.161861
        ]
      }
    },
    {
      "type": "Feature",
      "properties": {
        "id": "OSM-NODE-7818702423",
        "name": "Sri Vishnu Clinic",
        "resource_type": "clinic",
        "zone_id": "W92157",
        "source": "OpenStreetMap",
        "osm_type": "node",
        "osm_id": 7818702423,
        "emergency_capable": null
      },
      "geometry": {
        "type": "Point",
        "coordinates": [
          80.2584421,
          13.1602832
        ]
      }
    },
    {
      "type": "Feature",
      "properties": {
        "id": "OSM-NODE-7819840745",
        "name": "Kannimaram Hospital",
        "resource_type": "hospital",
        "zone_id": "W19035",
        "source": "OpenStreetMap",
        "osm_type": "node",
        "osm_id": 7819840745,
        "emergency_capable": null
      },
      "geometry": {
        "type": "Point",
        "coordinates": [
          80.184358,
          13.0471845
        ]
      }
    },
    {
      "type": "Feature",
      "properties": {
        "id": "OSM-NODE-7819840746",
        "name": "Yagnyaa Diabetes Clinic",
        "resource_type": "clinic",
        "zone_id": "W19035",
        "source": "OpenStreetMap",
        "osm_type": "node",
        "osm_id": 7819840746,
        "emergency_capable": null
      },
      "geometry": {
        "type": "Point",
        "coordinates": [
          80.1814527,
          13.0471927
        ]
      }
    },
    {
      "type": "Feature",
      "properties": {
        "id": "OSM-NODE-7819840748",
        "name": "Vasanthi Dental Hospital",
        "resource_type": "hospital",
        "zone_id": "W19038",
        "source": "OpenStreetMap",
        "osm_type": "node",
        "osm_id": 7819840748,
        "emergency_capable": null
      },
      "geometry": {
        "type": "Point",
        "coordinates": [
          80.1803453,
          13.0401817
        ]
      }
    },
    {
      "type": "Feature",
      "properties": {
        "id": "OSM-NODE-7819840750",
        "name": "Maf Clinic",
        "resource_type": "clinic",
        "zone_id": "W19035",
        "source": "OpenStreetMap",
        "osm_type": "node",
        "osm_id": 7819840750,
        "emergency_capable": null
      },
      "geometry": {
        "type": "Point",
        "coordinates": [
          80.1858062,
          13.0456848
        ]
      }
    },
    {
      "type": "Feature",
      "properties": {
        "id": "OSM-NODE-7819840755",
        "name": "Sri Venkatesvara Physio and Obesity Centre",
        "resource_type": "clinic",
        "zone_id": "W19035",
        "source": "OpenStreetMap",
        "osm_type": "node",
        "osm_id": 7819840755,
        "emergency_capable": null
      },
      "geometry": {
        "type": "Point",
        "coordinates": [
          80.1844199,
          13.0447838
        ]
      }
    },
    {
      "type": "Feature",
      "properties": {
        "id": "OSM-NODE-7819840766",
        "name": "Latha Ravichandran Clinic",
        "resource_type": "clinic",
        "zone_id": "W19035",
        "source": "OpenStreetMap",
        "osm_type": "node",
        "osm_id": 7819840766,
        "emergency_capable": null
      },
      "geometry": {
        "type": "Point",
        "coordinates": [
          80.1820026,
          13.0456183
        ]
      }
    },
    {
      "type": "Feature",
      "properties": {
        "id": "OSM-NODE-7819840769",
        "name": "Jeevan Women Care Clinic",
        "resource_type": "clinic",
        "zone_id": "W19035",
        "source": "OpenStreetMap",
        "osm_type": "node",
        "osm_id": 7819840769,
        "emergency_capable": null
      },
      "geometry": {
        "type": "Point",
        "coordinates": [
          80.184247,
          13.0442533
        ]
      }
    },
    {
      "type": "Feature",
      "properties": {
        "id": "OSM-NODE-7819840786",
        "name": "Udhaya Sai Clinic",
        "resource_type": "clinic",
        "zone_id": "W19038",
        "source": "OpenStreetMap",
        "osm_type": "node",
        "osm_id": 7819840786,
        "emergency_capable": null
      },
      "geometry": {
        "type": "Point",
        "coordinates": [
          80.1807184,
          13.0382058
        ]
      }
    },
    {
      "type": "Feature",
      "properties": {
        "id": "OSM-NODE-7819840797",
        "name": "Meenakshi Mission Hospital",
        "resource_type": "hospital",
        "zone_id": "W19035",
        "source": "OpenStreetMap",
        "osm_type": "node",
        "osm_id": 7819840797,
        "emergency_capable": null
      },
      "geometry": {
        "type": "Point",
        "coordinates": [
          80.1815603,
          13.0472622
        ]
      }
    },
    {
      "type": "Feature",
      "properties": {
        "id": "OSM-NODE-7819840806",
        "name": "Shanthi Hospital",
        "resource_type": "hospital",
        "zone_id": "W19035",
        "source": "OpenStreetMap",
        "osm_type": "node",
        "osm_id": 7819840806,
        "emergency_capable": null
      },
      "geometry": {
        "type": "Point",
        "coordinates": [
          80.1841129,
          13.0470409
        ]
      }
    },
    {
      "type": "Feature",
      "properties": {
        "id": "OSM-NODE-7822259985",
        "name": "Sri Kumaran Clinic",
        "resource_type": "clinic",
        "zone_id": "W19081",
        "source": "OpenStreetMap",
        "osm_type": "node",
        "osm_id": 7822259985,
        "emergency_capable": null
      },
      "geometry": {
        "type": "Point",
        "coordinates": [
          80.2370143,
          12.9428602
        ]
      }
    },
    {
      "type": "Feature",
      "properties": {
        "id": "OSM-NODE-7822259986",
        "name": "HCL Health Care",
        "resource_type": "hospital",
        "zone_id": "W19084",
        "source": "OpenStreetMap",
        "osm_type": "node",
        "osm_id": 7822259986,
        "emergency_capable": null
      },
      "geometry": {
        "type": "Point",
        "coordinates": [
          80.216804,
          12.9044723
        ]
      }
    },
    {
      "type": "Feature",
      "properties": {
        "id": "OSM-NODE-7822259989",
        "name": "Jayadeva Fertility Centre and Women's Hospital",
        "resource_type": "clinic",
        "zone_id": "W19081",
        "source": "OpenStreetMap",
        "osm_type": "node",
        "osm_id": 7822259989,
        "emergency_capable": null
      },
      "geometry": {
        "type": "Point",
        "coordinates": [
          80.2327258,
          12.9347551
        ]
      }
    },
    {
      "type": "Feature",
      "properties": {
        "id": "OSM-NODE-7822259990",
        "name": "GV's Good Health Centre",
        "resource_type": "clinic",
        "zone_id": "W19079",
        "source": "OpenStreetMap",
        "osm_type": "node",
        "osm_id": 7822259990,
        "emergency_capable": null
      },
      "geometry": {
        "type": "Point",
        "coordinates": [
          80.2361968,
          12.9458692
        ]
      }
    },
    {
      "type": "Feature",
      "properties": {
        "id": "OSM-NODE-7822259992",
        "name": "Centre For Vision and Eye Surgery",
        "resource_type": "hospital",
        "zone_id": "W19085",
        "source": "OpenStreetMap",
        "osm_type": "node",
        "osm_id": 7822259992,
        "emergency_capable": null
      },
      "geometry": {
        "type": "Point",
        "coordinates": [
          80.2233057,
          12.8948311
        ]
      }
    },
    {
      "type": "Feature",
      "properties": {
        "id": "OSM-NODE-7822259995",
        "name": "Shri Sai Children's Hospital and Dental Clinic",
        "resource_type": "hospital",
        "zone_id": "W19084",
        "source": "OpenStreetMap",
        "osm_type": "node",
        "osm_id": 7822259995,
        "emergency_capable": null
      },
      "geometry": {
        "type": "Point",
        "coordinates": [
          80.229384,
          12.912214
        ]
      }
    },
    {
      "type": "Feature",
      "properties": {
        "id": "OSM-NODE-7822259996",
        "name": "Sara Skin Clinic",
        "resource_type": "clinic",
        "zone_id": "W19081",
        "source": "OpenStreetMap",
        "osm_type": "node",
        "osm_id": 7822259996,
        "emergency_capable": null
      },
      "geometry": {
        "type": "Point",
        "coordinates": [
          80.233537,
          12.933657
        ]
      }
    },
    {
      "type": "Feature",
      "properties": {
        "id": "OSM-NODE-7822259998",
        "name": "Eashwar Multispeciality Clinic",
        "resource_type": "clinic",
        "zone_id": "W19081",
        "source": "OpenStreetMap",
        "osm_type": "node",
        "osm_id": 7822259998,
        "emergency_capable": null
      },
      "geometry": {
        "type": "Point",
        "coordinates": [
          80.2355344,
          12.9338927
        ]
      }
    },
    {
      "type": "Feature",
      "properties": {
        "id": "OSM-NODE-7822260006",
        "name": "Tharamai Child Care Clinic",
        "resource_type": "clinic",
        "zone_id": "W19084",
        "source": "OpenStreetMap",
        "osm_type": "node",
        "osm_id": 7822260006,
        "emergency_capable": null
      },
      "geometry": {
        "type": "Point",
        "coordinates": [
          80.2326608,
          12.9020392
        ]
      }
    },
    {
      "type": "Feature",
      "properties": {
        "id": "OSM-NODE-7822260009",
        "name": "SV Hospital",
        "resource_type": "hospital",
        "zone_id": "W19081",
        "source": "OpenStreetMap",
        "osm_type": "node",
        "osm_id": 7822260009,
        "emergency_capable": null
      },
      "geometry": {
        "type": "Point",
        "coordinates": [
          80.2326252,
          12.9319677
        ]
      }
    },
    {
      "type": "Feature",
      "properties": {
        "id": "OSM-NODE-7822260010",
        "name": "Apollo Clinic",
        "resource_type": "clinic",
        "zone_id": "W19081",
        "source": "OpenStreetMap",
        "osm_type": "node",
        "osm_id": 7822260010,
        "emergency_capable": null
      },
      "geometry": {
        "type": "Point",
        "coordinates": [
          80.2331464,
          12.9337566
        ]
      }
    },
    {
      "type": "Feature",
      "properties": {
        "id": "OSM-NODE-7822260012",
        "name": "Dr. Nithiya Clinic",
        "resource_type": "clinic",
        "zone_id": "W19085",
        "source": "OpenStreetMap",
        "osm_type": "node",
        "osm_id": 7822260012,
        "emergency_capable": null
      },
      "geometry": {
        "type": "Point",
        "coordinates": [
          80.228171,
          12.8994432
        ]
      }
    },
    {
      "type": "Feature",
      "properties": {
        "id": "OSM-NODE-7822260020",
        "name": "Rayar Clinic",
        "resource_type": "clinic",
        "zone_id": "W19081",
        "source": "OpenStreetMap",
        "osm_type": "node",
        "osm_id": 7822260020,
        "emergency_capable": null
      },
      "geometry": {
        "type": "Point",
        "coordinates": [
          80.2397616,
          12.9424446
        ]
      }
    },
    {
      "type": "Feature",
      "properties": {
        "id": "OSM-NODE-7822260021",
        "name": "Jayam Hospital",
        "resource_type": "hospital",
        "zone_id": "W19079",
        "source": "OpenStreetMap",
        "osm_type": "node",
        "osm_id": 7822260021,
        "emergency_capable": null
      },
      "geometry": {
        "type": "Point",
        "coordinates": [
          80.2381651,
          12.9498749
        ]
      }
    },
    {
      "type": "Feature",
      "properties": {
        "id": "OSM-NODE-7822260028",
        "name": "H.K. Clinic",
        "resource_type": "clinic",
        "zone_id": "W19081",
        "source": "OpenStreetMap",
        "osm_type": "node",
        "osm_id": 7822260028,
        "emergency_capable": null
      },
      "geometry": {
        "type": "Point",
        "coordinates": [
          80.2344666,
          12.9334179
        ]
      }
    },
    {
      "type": "Feature",
      "properties": {
        "id": "OSM-NODE-7822260033",
        "name": "Dhanvantri Multi Speciality",
        "resource_type": "hospital",
        "zone_id": "W19081",
        "source": "OpenStreetMap",
        "osm_type": "node",
        "osm_id": 7822260033,
        "emergency_capable": null
      },
      "geometry": {
        "type": "Point",
        "coordinates": [
          80.2412342,
          12.9402236
        ]
      }
    },
    {
      "type": "Feature",
      "properties": {
        "id": "OSM-NODE-7822260044",
        "name": "Swaram Hospital and Speciality Clinic",
        "resource_type": "hospital",
        "zone_id": "W19084",
        "source": "OpenStreetMap",
        "osm_type": "node",
        "osm_id": 7822260044,
        "emergency_capable": null
      },
      "geometry": {
        "type": "Point",
        "coordinates": [
          80.2286,
          12.9011793
        ]
      }
    },
    {
      "type": "Feature",
      "properties": {
        "id": "OSM-NODE-7822260046",
        "name": "Angel Child Clinic",
        "resource_type": "clinic",
        "zone_id": "W19081",
        "source": "OpenStreetMap",
        "osm_type": "node",
        "osm_id": 7822260046,
        "emergency_capable": null
      },
      "geometry": {
        "type": "Point",
        "coordinates": [
          80.2345155,
          12.9330206
        ]
      }
    },
    {
      "type": "Feature",
      "properties": {
        "id": "OSM-NODE-7822260048",
        "name": "Cure and Care Family Clinic",
        "resource_type": "clinic",
        "zone_id": "W19084",
        "source": "OpenStreetMap",
        "osm_type": "node",
        "osm_id": 7822260048,
        "emergency_capable": null
      },
      "geometry": {
        "type": "Point",
        "coordinates": [
          80.2321791,
          12.9136451
        ]
      }
    },
    {
      "type": "Feature",
      "properties": {
        "id": "OSM-NODE-7822543403",
        "name": "Sri Vinayaga Clinic",
        "resource_type": "clinic",
        "zone_id": "W19077",
        "source": "OpenStreetMap",
        "osm_type": "node",
        "osm_id": 7822543403,
        "emergency_capable": null
      },
      "geometry": {
        "type": "Point",
        "coordinates": [
          80.2015489,
          12.9208368
        ]
      }
    },
    {
      "type": "Feature",
      "properties": {
        "id": "OSM-NODE-7822543411",
        "name": "S.M Clinic",
        "resource_type": "clinic",
        "zone_id": "W19075",
        "source": "OpenStreetMap",
        "osm_type": "node",
        "osm_id": 7822543411,
        "emergency_capable": null
      },
      "geometry": {
        "type": "Point",
        "coordinates": [
          80.2078664,
          12.9308777
        ]
      }
    },
    {
      "type": "Feature",
      "properties": {
        "id": "OSM-NODE-7822543413",
        "name": "Cuticle Skin Care Clinic",
        "resource_type": "clinic",
        "zone_id": "W19076",
        "source": "OpenStreetMap",
        "osm_type": "node",
        "osm_id": 7822543413,
        "emergency_capable": null
      },
      "geometry": {
        "type": "Point",
        "coordinates": [
          80.202681,
          12.928255
        ]
      }
    },
    {
      "type": "Feature",
      "properties": {
        "id": "OSM-NODE-7822543415",
        "name": "Radial Ortho Clinic",
        "resource_type": "clinic",
        "zone_id": "W19076",
        "source": "OpenStreetMap",
        "osm_type": "node",
        "osm_id": 7822543415,
        "emergency_capable": null
      },
      "geometry": {
        "type": "Point",
        "coordinates": [
          80.203583,
          12.934049
        ]
      }
    },
    {
      "type": "Feature",
      "properties": {
        "id": "OSM-NODE-7822543420",
        "name": "Bethany Physiotherapy Centre",
        "resource_type": "clinic",
        "zone_id": "W19076",
        "source": "OpenStreetMap",
        "osm_type": "node",
        "osm_id": 7822543420,
        "emergency_capable": null
      },
      "geometry": {
        "type": "Point",
        "coordinates": [
          80.2026963,
          12.928455
        ]
      }
    },
    {
      "type": "Feature",
      "properties": {
        "id": "OSM-NODE-7822543422",
        "name": "Janya Child Clinic",
        "resource_type": "clinic",
        "zone_id": "W19076",
        "source": "OpenStreetMap",
        "osm_type": "node",
        "osm_id": 7822543422,
        "emergency_capable": null
      },
      "geometry": {
        "type": "Point",
        "coordinates": [
          80.2008099,
          12.9287243
        ]
      }
    },
    {
      "type": "Feature",
      "properties": {
        "id": "OSM-NODE-7822543424",
        "name": "Dr. Velmurugan Hospital",
        "resource_type": "hospital",
        "zone_id": "W19076",
        "source": "OpenStreetMap",
        "osm_type": "node",
        "osm_id": 7822543424,
        "emergency_capable": null
      },
      "geometry": {
        "type": "Point",
        "coordinates": [
          80.2029589,
          12.9296419
        ]
      }
    },
    {
      "type": "Feature",
      "properties": {
        "id": "OSM-NODE-7822543425",
        "name": "Shree's Women Speciality Clinic",
        "resource_type": "clinic",
        "zone_id": "W19077",
        "source": "OpenStreetMap",
        "osm_type": "node",
        "osm_id": 7822543425,
        "emergency_capable": null
      },
      "geometry": {
        "type": "Point",
        "coordinates": [
          80.2017237,
          12.926507
        ]
      }
    },
    {
      "type": "Feature",
      "properties": {
        "id": "OSM-NODE-7822543431",
        "name": "Al-Aafiyah Clinic",
        "resource_type": "clinic",
        "zone_id": "W19076",
        "source": "OpenStreetMap",
        "osm_type": "node",
        "osm_id": 7822543431,
        "emergency_capable": null
      },
      "geometry": {
        "type": "Point",
        "coordinates": [
          80.2051951,
          12.9280018
        ]
      }
    },
    {
      "type": "Feature",
      "properties": {
        "id": "OSM-NODE-7822543438",
        "name": "Inbam Hospital",
        "resource_type": "hospital",
        "zone_id": "W19075",
        "source": "OpenStreetMap",
        "osm_type": "node",
        "osm_id": 7822543438,
        "emergency_capable": null
      },
      "geometry": {
        "type": "Point",
        "coordinates": [
          80.2041509,
          12.9339688
        ]
      }
    },
    {
      "type": "Feature",
      "properties": {
        "id": "OSM-NODE-7822543440",
        "name": "Kiruba Clinic",
        "resource_type": "clinic",
        "zone_id": "W19076",
        "source": "OpenStreetMap",
        "osm_type": "node",
        "osm_id": 7822543440,
        "emergency_capable": null
      },
      "geometry": {
        "type": "Point",
        "coordinates": [
          80.202855,
          12.928347
        ]
      }
    },
    {
      "type": "Feature",
      "properties": {
        "id": "OSM-NODE-7822543445",
        "name": "Sneham Clinic",
        "resource_type": "clinic",
        "zone_id": "W19076",
        "source": "OpenStreetMap",
        "osm_type": "node",
        "osm_id": 7822543445,
        "emergency_capable": null
      },
      "geometry": {
        "type": "Point",
        "coordinates": [
          80.204033,
          12.935996
        ]
      }
    },
    {
      "type": "Feature",
      "properties": {
        "id": "OSM-NODE-7822543455",
        "name": "Muthu Multi Speciality Hospital and Pharmacy",
        "resource_type": "hospital",
        "zone_id": "W19076",
        "source": "OpenStreetMap",
        "osm_type": "node",
        "osm_id": 7822543455,
        "emergency_capable": null
      },
      "geometry": {
        "type": "Point",
        "coordinates": [
          80.200805,
          12.928263
        ]
      }
    },
    {
      "type": "Feature",
      "properties": {
        "id": "OSM-NODE-7822543494",
        "name": "Delicare Clinic",
        "resource_type": "clinic",
        "zone_id": "W19075",
        "source": "OpenStreetMap",
        "osm_type": "node",
        "osm_id": 7822543494,
        "emergency_capable": null
      },
      "geometry": {
        "type": "Point",
        "coordinates": [
          80.2053961,
          12.9384098
        ]
      }
    },
    {
      "type": "Feature",
      "properties": {
        "id": "OSM-NODE-7822543501",
        "name": "V Cure Hospital",
        "resource_type": "hospital",
        "zone_id": "W19076",
        "source": "OpenStreetMap",
        "osm_type": "node",
        "osm_id": 7822543501,
        "emergency_capable": null
      },
      "geometry": {
        "type": "Point",
        "coordinates": [
          80.199546,
          12.9280452
        ]
      }
    },
    {
      "type": "Feature",
      "properties": {
        "id": "OSM-NODE-7822543509",
        "name": "Sathish Clinic",
        "resource_type": "clinic",
        "zone_id": "W19075",
        "source": "OpenStreetMap",
        "osm_type": "node",
        "osm_id": 7822543509,
        "emergency_capable": null
      },
      "geometry": {
        "type": "Point",
        "coordinates": [
          80.213342,
          12.934834
        ]
      }
    },
    {
      "type": "Feature",
      "properties": {
        "id": "OSM-NODE-7823212559",
        "name": "Shakthi Hospital",
        "resource_type": "hospital",
        "zone_id": "W92160",
        "source": "OpenStreetMap",
        "osm_type": "node",
        "osm_id": 7823212559,
        "emergency_capable": null
      },
      "geometry": {
        "type": "Point",
        "coordinates": [
          80.2543198,
          12.9753651
        ]
      }
    },
    {
      "type": "Feature",
      "properties": {
        "id": "OSM-NODE-7823212565",
        "name": "Dani Physio Clinic",
        "resource_type": "clinic",
        "zone_id": "W92160",
        "source": "OpenStreetMap",
        "osm_type": "node",
        "osm_id": 7823212565,
        "emergency_capable": null
      },
      "geometry": {
        "type": "Point",
        "coordinates": [
          80.2604704,
          12.9728845
        ]
      }
    },
    {
      "type": "Feature",
      "properties": {
        "id": "OSM-NODE-7823212570",
        "name": "Hale and Healthy Hospitals",
        "resource_type": "hospital",
        "zone_id": "W19066",
        "source": "OpenStreetMap",
        "osm_type": "node",
        "osm_id": 7823212570,
        "emergency_capable": null
      },
      "geometry": {
        "type": "Point",
        "coordinates": [
          80.2590077,
          12.9757686
        ]
      }
    },
    {
      "type": "Feature",
      "properties": {
        "id": "OSM-NODE-7823212571",
        "name": "Noble Super Speciality Clinic",
        "resource_type": "clinic",
        "zone_id": "W19066",
        "source": "OpenStreetMap",
        "osm_type": "node",
        "osm_id": 7823212571,
        "emergency_capable": null
      },
      "geometry": {
        "type": "Point",
        "coordinates": [
          80.2594925,
          12.9752589
        ]
      }
    },
    {
      "type": "Feature",
      "properties": {
        "id": "OSM-NODE-7823212572",
        "name": "Turiya Care",
        "resource_type": "clinic",
        "zone_id": "W92160",
        "source": "OpenStreetMap",
        "osm_type": "node",
        "osm_id": 7823212572,
        "emergency_capable": null
      },
      "geometry": {
        "type": "Point",
        "coordinates": [
          80.2555078,
          12.9753853
        ]
      }
    },
    {
      "type": "Feature",
      "properties": {
        "id": "OSM-NODE-7823212576",
        "name": "S.S. Hospital",
        "resource_type": "hospital",
        "zone_id": "W19046",
        "source": "OpenStreetMap",
        "osm_type": "node",
        "osm_id": 7823212576,
        "emergency_capable": null
      },
      "geometry": {
        "type": "Point",
        "coordinates": [
          80.2030844,
          13.0036449
        ]
      }
    },
    {
      "type": "Feature",
      "properties": {
        "id": "OSM-NODE-7823212579",
        "name": "Dhanraj Hospital",
        "resource_type": "hospital",
        "zone_id": "W19046",
        "source": "OpenStreetMap",
        "osm_type": "node",
        "osm_id": 7823212579,
        "emergency_capable": null
      },
      "geometry": {
        "type": "Point",
        "coordinates": [
          80.2033269,
          13.0017797
        ]
      }
    },
    {
      "type": "Feature",
      "properties": {
        "id": "OSM-NODE-7823212581",
        "name": "Nalam Hospital",
        "resource_type": "hospital",
        "zone_id": "W19043",
        "source": "OpenStreetMap",
        "osm_type": "node",
        "osm_id": 7823212581,
        "emergency_capable": null
      },
      "geometry": {
        "type": "Point",
        "coordinates": [
          80.1772853,
          13.0164671
        ]
      }
    },
    {
      "type": "Feature",
      "properties": {
        "id": "OSM-NODE-7823212588",
        "name": "Healthwise Clinic",
        "resource_type": "clinic",
        "zone_id": "W19044",
        "source": "OpenStreetMap",
        "osm_type": "node",
        "osm_id": 7823212588,
        "emergency_capable": null
      },
      "geometry": {
        "type": "Point",
        "coordinates": [
          80.1838246,
          13.0154658
        ]
      }
    },
    {
      "type": "Feature",
      "properties": {
        "id": "OSM-NODE-7823212598",
        "name": "Dr. Aleem's Homoeo Clinic",
        "resource_type": "clinic",
        "zone_id": "W19069",
        "source": "OpenStreetMap",
        "osm_type": "node",
        "osm_id": 7823212598,
        "emergency_capable": null
      },
      "geometry": {
        "type": "Point",
        "coordinates": [
          80.2591196,
          12.9653707
        ]
      }
    },
    {
      "type": "Feature",
      "properties": {
        "id": "OSM-NODE-7823212607",
        "name": "Promed Hospital",
        "resource_type": "hospital",
        "zone_id": "W19066",
        "source": "OpenStreetMap",
        "osm_type": "node",
        "osm_id": 7823212607,
        "emergency_capable": null
      },
      "geometry": {
        "type": "Point",
        "coordinates": [
          80.2582571,
          12.9751423
        ]
      }
    },
    {
      "type": "Feature",
      "properties": {
        "id": "OSM-NODE-7823212610",
        "name": "Happy Clinic Hospital",
        "resource_type": "hospital",
        "zone_id": "W92160",
        "source": "OpenStreetMap",
        "osm_type": "node",
        "osm_id": 7823212610,
        "emergency_capable": null
      },
      "geometry": {
        "type": "Point",
        "coordinates": [
          80.2566138,
          12.9693629
        ]
      }
    },
    {
      "type": "Feature",
      "properties": {
        "id": "OSM-NODE-7823212613",
        "name": "Smiles Nature Cure",
        "resource_type": "clinic",
        "zone_id": "W92160",
        "source": "OpenStreetMap",
        "osm_type": "node",
        "osm_id": 7823212613,
        "emergency_capable": null
      },
      "geometry": {
        "type": "Point",
        "coordinates": [
          80.2595079,
          12.9726702
        ]
      }
    },
    {
      "type": "Feature",
      "properties": {
        "id": "OSM-NODE-7823212619",
        "name": "Sri Renga Clinic",
        "resource_type": "clinic",
        "zone_id": "W19041",
        "source": "OpenStreetMap",
        "osm_type": "node",
        "osm_id": 7823212619,
        "emergency_capable": null
      },
      "geometry": {
        "type": "Point",
        "coordinates": [
          80.186442,
          13.036466
        ]
      }
    },
    {
      "type": "Feature",
      "properties": {
        "id": "OSM-NODE-7823212623",
        "name": "Jaya Sri Hospital",
        "resource_type": "hospital",
        "zone_id": "W19046",
        "source": "OpenStreetMap",
        "osm_type": "node",
        "osm_id": 7823212623,
        "emergency_capable": null
      },
      "geometry": {
        "type": "Point",
        "coordinates": [
          80.207025,
          13.0027883
        ]
      }
    },
    {
      "type": "Feature",
      "properties": {
        "id": "OSM-NODE-7823212631",
        "name": "Kaanthi Makapperu Hospital",
        "resource_type": "hospital",
        "zone_id": "W19046",
        "source": "OpenStreetMap",
        "osm_type": "node",
        "osm_id": 7823212631,
        "emergency_capable": null
      },
      "geometry": {
        "type": "Point",
        "coordinates": [
          80.2063632,
          13.003406
        ]
      }
    },
    {
      "type": "Feature",
      "properties": {
        "id": "OSM-NODE-7823415015",
        "name": "Sri Sai Clinic",
        "resource_type": "clinic",
        "zone_id": "W19059",
        "source": "OpenStreetMap",
        "osm_type": "node",
        "osm_id": 7823415015,
        "emergency_capable": null
      },
      "geometry": {
        "type": "Point",
        "coordinates": [
          80.2539494,
          12.9829583
        ]
      }
    },
    {
      "type": "Feature",
      "properties": {
        "id": "OSM-NODE-7823415016",
        "name": "Shri Gurukrupa Clinic",
        "resource_type": "clinic",
        "zone_id": "W19060",
        "source": "OpenStreetMap",
        "osm_type": "node",
        "osm_id": 7823415016,
        "emergency_capable": null
      },
      "geometry": {
        "type": "Point",
        "coordinates": [
          80.2638132,
          12.9962691
        ]
      }
    },
    {
      "type": "Feature",
      "properties": {
        "id": "OSM-NODE-7823415017",
        "name": "Dr. Vasantha's Eye Clinic",
        "resource_type": "clinic",
        "zone_id": "W19057",
        "source": "OpenStreetMap",
        "osm_type": "node",
        "osm_id": 7823415017,
        "emergency_capable": null
      },
      "geometry": {
        "type": "Point",
        "coordinates": [
          80.259708,
          13.0221852
        ]
      }
    },
    {
      "type": "Feature",
      "properties": {
        "id": "OSM-NODE-7823415018",
        "name": "Synapse Pain and Spine Clinic",
        "resource_type": "clinic",
        "zone_id": "W19065",
        "source": "OpenStreetMap",
        "osm_type": "node",
        "osm_id": 7823415018,
        "emergency_capable": null
      },
      "geometry": {
        "type": "Point",
        "coordinates": [
          80.2660055,
          12.9956385
        ]
      }
    },
    {
      "type": "Feature",
      "properties": {
        "id": "OSM-NODE-7823415020",
        "name": "Corporation Hospital",
        "resource_type": "hospital",
        "zone_id": "W19065",
        "source": "OpenStreetMap",
        "osm_type": "node",
        "osm_id": 7823415020,
        "emergency_capable": null
      },
      "geometry": {
        "type": "Point",
        "coordinates": [
          80.2615046,
          12.9915347
        ]
      }
    },
    {
      "type": "Feature",
      "properties": {
        "id": "OSM-NODE-7823415021",
        "name": "Relief Dental Hospitals",
        "resource_type": "hospital",
        "zone_id": "W19066",
        "source": "OpenStreetMap",
        "osm_type": "node",
        "osm_id": 7823415021,
        "emergency_capable": null
      },
      "geometry": {
        "type": "Point",
        "coordinates": [
          80.258947,
          12.978253
        ]
      }
    },
    {
      "type": "Feature",
      "properties": {
        "id": "OSM-NODE-7823415022",
        "name": "RR Clinic",
        "resource_type": "clinic",
        "zone_id": "W19065",
        "source": "OpenStreetMap",
        "osm_type": "node",
        "osm_id": 7823415022,
        "emergency_capable": null
      },
      "geometry": {
        "type": "Point",
        "coordinates": [
          80.2630762,
          12.9960029
        ]
      }
    },
    {
      "type": "Feature",
      "properties": {
        "id": "OSM-NODE-7823415023",
        "name": "Dr. Baranee's Sukra Diabetes Care",
        "resource_type": "clinic",
        "zone_id": "W19065",
        "source": "OpenStreetMap",
        "osm_type": "node",
        "osm_id": 7823415023,
        "emergency_capable": null
      },
      "geometry": {
        "type": "Point",
        "coordinates": [
          80.2682429,
          12.9954269
        ]
      }
    },
    {
      "type": "Feature",
      "properties": {
        "id": "OSM-NODE-7823415025",
        "name": "Best Siddha Clinic",
        "resource_type": "clinic",
        "zone_id": "W19065",
        "source": "OpenStreetMap",
        "osm_type": "node",
        "osm_id": 7823415025,
        "emergency_capable": null
      },
      "geometry": {
        "type": "Point",
        "coordinates": [
          80.2622141,
          12.9866722
        ]
      }
    },
    {
      "type": "Feature",
      "properties": {
        "id": "OSM-NODE-7823415026",
        "name": "Sri Sarada Ayurveda Clinic",
        "resource_type": "clinic",
        "zone_id": "W19009",
        "source": "OpenStreetMap",
        "osm_type": "node",
        "osm_id": 7823415026,
        "emergency_capable": null
      },
      "geometry": {
        "type": "Point",
        "coordinates": [
          80.2606156,
          13.0297211
        ]
      }
    },
    {
      "type": "Feature",
      "properties": {
        "id": "OSM-NODE-7823415029",
        "name": "Dr. Vasantha Clinic",
        "resource_type": "clinic",
        "zone_id": "W19009",
        "source": "OpenStreetMap",
        "osm_type": "node",
        "osm_id": 7823415029,
        "emergency_capable": null
      },
      "geometry": {
        "type": "Point",
        "coordinates": [
          80.2602795,
          13.0292453
        ]
      }
    },
    {
      "type": "Feature",
      "properties": {
        "id": "OSM-NODE-7823415030",
        "name": "Drabaranam Pulmonology Clinic",
        "resource_type": "clinic",
        "zone_id": "W19065",
        "source": "OpenStreetMap",
        "osm_type": "node",
        "osm_id": 7823415030,
        "emergency_capable": null
      },
      "geometry": {
        "type": "Point",
        "coordinates": [
          80.2601508,
          12.9863661
        ]
      }
    },
    {
      "type": "Feature",
      "properties": {
        "id": "OSM-NODE-7823415031",
        "name": "Jeeva ENT Clinic",
        "resource_type": "clinic",
        "zone_id": "W19066",
        "source": "OpenStreetMap",
        "osm_type": "node",
        "osm_id": 7823415031,
        "emergency_capable": null
      },
      "geometry": {
        "type": "Point",
        "coordinates": [
          80.2595179,
          12.9796957
        ]
      }
    },
    {
      "type": "Feature",
      "properties": {
        "id": "OSM-NODE-7823415032",
        "name": "Dr. Vasanthi Clinic",
        "resource_type": "clinic",
        "zone_id": "W19002",
        "source": "OpenStreetMap",
        "osm_type": "node",
        "osm_id": 7823415032,
        "emergency_capable": null
      },
      "geometry": {
        "type": "Point",
        "coordinates": [
          80.2779849,
          13.0544077
        ]
      }
    },
    {
      "type": "Feature",
      "properties": {
        "id": "OSM-NODE-7823415033",
        "name": "Accu Hospital",
        "resource_type": "hospital",
        "zone_id": "W19007",
        "source": "OpenStreetMap",
        "osm_type": "node",
        "osm_id": 7823415033,
        "emergency_capable": null
      },
      "geometry": {
        "type": "Point",
        "coordinates": [
          80.267354,
          13.041251
        ]
      }
    },
    {
      "type": "Feature",
      "properties": {
        "id": "OSM-NODE-7823415035",
        "name": "Leela Eye Clinic",
        "resource_type": "clinic",
        "zone_id": "W19066",
        "source": "OpenStreetMap",
        "osm_type": "node",
        "osm_id": 7823415035,
        "emergency_capable": null
      },
      "geometry": {
        "type": "Point",
        "coordinates": [
          80.2585613,
          12.985598
        ]
      }
    },
    {
      "type": "Feature",
      "properties": {
        "id": "OSM-NODE-7823415036",
        "name": "The Homeo Clinic",
        "resource_type": "clinic",
        "zone_id": "W19060",
        "source": "OpenStreetMap",
        "osm_type": "node",
        "osm_id": 7823415036,
        "emergency_capable": null
      },
      "geometry": {
        "type": "Point",
        "coordinates": [
          80.2637162,
          12.9963121
        ]
      }
    },
    {
      "type": "Feature",
      "properties": {
        "id": "OSM-NODE-7823415037",
        "name": "Kalyani Hospital",
        "resource_type": "hospital",
        "zone_id": "W19006",
        "source": "OpenStreetMap",
        "osm_type": "node",
        "osm_id": 7823415037,
        "emergency_capable": null
      },
      "geometry": {
        "type": "Point",
        "coordinates": [
          80.273209,
          13.0512111
        ]
      }
    },
    {
      "type": "Feature",
      "properties": {
        "id": "OSM-NODE-7823415038",
        "name": "Dr. N. Sekar",
        "resource_type": "clinic",
        "zone_id": "W19009",
        "source": "OpenStreetMap",
        "osm_type": "node",
        "osm_id": 7823415038,
        "emergency_capable": null
      },
      "geometry": {
        "type": "Point",
        "coordinates": [
          80.2658475,
          13.0375294
        ]
      }
    },
    {
      "type": "Feature",
      "properties": {
        "id": "OSM-NODE-7823415039",
        "name": "Ashwath Health Care",
        "resource_type": "clinic",
        "zone_id": "W19007",
        "source": "OpenStreetMap",
        "osm_type": "node",
        "osm_id": 7823415039,
        "emergency_capable": null
      },
      "geometry": {
        "type": "Point",
        "coordinates": [
          80.2685888,
          13.0397241
        ]
      }
    },
    {
      "type": "Feature",
      "properties": {
        "id": "OSM-NODE-7823415042",
        "name": "Jeyam Gastro Clinc",
        "resource_type": "clinic",
        "zone_id": "W19060",
        "source": "OpenStreetMap",
        "osm_type": "node",
        "osm_id": 7823415042,
        "emergency_capable": null
      },
      "geometry": {
        "type": "Point",
        "coordinates": [
          80.2641614,
          12.9962821
        ]
      }
    },
    {
      "type": "Feature",
      "properties": {
        "id": "OSM-NODE-7823415043",
        "name": "Rekha Multispeciality Clinic",
        "resource_type": "clinic",
        "zone_id": "W19065",
        "source": "OpenStreetMap",
        "osm_type": "node",
        "osm_id": 7823415043,
        "emergency_capable": null
      },
      "geometry": {
        "type": "Point",
        "coordinates": [
          80.2694554,
          12.9940564
        ]
      }
    },
    {
      "type": "Feature",
      "properties": {
        "id": "OSM-NODE-7823415044",
        "name": "The Chennai Speciality Clinic",
        "resource_type": "clinic",
        "zone_id": "W19065",
        "source": "OpenStreetMap",
        "osm_type": "node",
        "osm_id": 7823415044,
        "emergency_capable": null
      },
      "geometry": {
        "type": "Point",
        "coordinates": [
          80.2629482,
          12.9949549
        ]
      }
    },
    {
      "type": "Feature",
      "properties": {
        "id": "OSM-NODE-7823415045",
        "name": "The Madras Pain Clinic",
        "resource_type": "clinic",
        "zone_id": "W19066",
        "source": "OpenStreetMap",
        "osm_type": "node",
        "osm_id": 7823415045,
        "emergency_capable": null
      },
      "geometry": {
        "type": "Point",
        "coordinates": [
          80.2584981,
          12.9790513
        ]
      }
    },
    {
      "type": "Feature",
      "properties": {
        "id": "OSM-NODE-7823415046",
        "name": "Sai Clinic",
        "resource_type": "clinic",
        "zone_id": "W19007",
        "source": "OpenStreetMap",
        "osm_type": "node",
        "osm_id": 7823415046,
        "emergency_capable": null
      },
      "geometry": {
        "type": "Point",
        "coordinates": [
          80.2664963,
          13.042349
        ]
      }
    },
    {
      "type": "Feature",
      "properties": {
        "id": "OSM-NODE-7823415047",
        "name": "Akshaya Poly Clinic",
        "resource_type": "clinic",
        "zone_id": "W19060",
        "source": "OpenStreetMap",
        "osm_type": "node",
        "osm_id": 7823415047,
        "emergency_capable": null
      },
      "geometry": {
        "type": "Point",
        "coordinates": [
          80.2626006,
          12.9964001
        ]
      }
    },
    {
      "type": "Feature",
      "properties": {
        "id": "OSM-NODE-7823415048",
        "name": "Triveni Hospital",
        "resource_type": "hospital",
        "zone_id": "W19009",
        "source": "OpenStreetMap",
        "osm_type": "node",
        "osm_id": 7823415048,
        "emergency_capable": null
      },
      "geometry": {
        "type": "Point",
        "coordinates": [
          80.2581929,
          13.0385371
        ]
      }
    },
    {
      "type": "Feature",
      "properties": {
        "id": "OSM-NODE-7823415049",
        "name": "SMK Hospital",
        "resource_type": "hospital",
        "zone_id": "W19065",
        "source": "OpenStreetMap",
        "osm_type": "node",
        "osm_id": 7823415049,
        "emergency_capable": null
      },
      "geometry": {
        "type": "Point",
        "coordinates": [
          80.260187,
          12.986383
        ]
      }
    },
    {
      "type": "Feature",
      "properties": {
        "id": "OSM-NODE-7823415050",
        "name": "Dr. Prema Womens Clinic",
        "resource_type": "clinic",
        "zone_id": "W19060",
        "source": "OpenStreetMap",
        "osm_type": "node",
        "osm_id": 7823415050,
        "emergency_capable": null
      },
      "geometry": {
        "type": "Point",
        "coordinates": [
          80.2582848,
          12.9969555
        ]
      }
    },
    {
      "type": "Feature",
      "properties": {
        "id": "OSM-NODE-7823415052",
        "name": "K.S. Subramanian Child Specialist",
        "resource_type": "clinic",
        "zone_id": "W19060",
        "source": "OpenStreetMap",
        "osm_type": "node",
        "osm_id": 7823415052,
        "emergency_capable": null
      },
      "geometry": {
        "type": "Point",
        "coordinates": [
          80.2585578,
          12.9978588
        ]
      }
    },
    {
      "type": "Feature",
      "properties": {
        "id": "OSM-NODE-7823415053",
        "name": "Dr. Kavitha Iyer's Orthodontics & Dental Centre",
        "resource_type": "clinic",
        "zone_id": "W19066",
        "source": "OpenStreetMap",
        "osm_type": "node",
        "osm_id": 7823415053,
        "emergency_capable": null
      },
      "geometry": {
        "type": "Point",
        "coordinates": [
          80.2559655,
          12.9832651
        ]
      }
    },
    {
      "type": "Feature",
      "properties": {
        "id": "OSM-NODE-7823415055",
        "name": "B.K. Clinic",
        "resource_type": "clinic",
        "zone_id": "W19001",
        "source": "OpenStreetMap",
        "osm_type": "node",
        "osm_id": 7823415055,
        "emergency_capable": null
      },
      "geometry": {
        "type": "Point",
        "coordinates": [
          80.2726053,
          13.0532206
        ]
      }
    },
    {
      "type": "Feature",
      "properties": {
        "id": "OSM-NODE-7823415056",
        "name": "Uma Sankaran Siddha Hospital",
        "resource_type": "hospital",
        "zone_id": "W19065",
        "source": "OpenStreetMap",
        "osm_type": "node",
        "osm_id": 7823415056,
        "emergency_capable": null
      },
      "geometry": {
        "type": "Point",
        "coordinates": [
          80.2624479,
          12.9916719
        ]
      }
    },
    {
      "type": "Feature",
      "properties": {
        "id": "OSM-NODE-7823415057",
        "name": "Sai Neuro Clinic",
        "resource_type": "clinic",
        "zone_id": "W19009",
        "source": "OpenStreetMap",
        "osm_type": "node",
        "osm_id": 7823415057,
        "emergency_capable": null
      },
      "geometry": {
        "type": "Point",
        "coordinates": [
          80.2595716,
          13.0318707
        ]
      }
    },
    {
      "type": "Feature",
      "properties": {
        "id": "OSM-NODE-7823415058",
        "name": "Vethathiri Maharishi Siddha Clinic",
        "resource_type": "clinic",
        "zone_id": "W19066",
        "source": "OpenStreetMap",
        "osm_type": "node",
        "osm_id": 7823415058,
        "emergency_capable": null
      },
      "geometry": {
        "type": "Point",
        "coordinates": [
          80.2643211,
          12.9815891
        ]
      }
    },
    {
      "type": "Feature",
      "properties": {
        "id": "OSM-NODE-7823415059",
        "name": "Vasantha Hospital",
        "resource_type": "hospital",
        "zone_id": "W19006",
        "source": "OpenStreetMap",
        "osm_type": "node",
        "osm_id": 7823415059,
        "emergency_capable": null
      },
      "geometry": {
        "type": "Point",
        "coordinates": [
          80.2747953,
          13.0490602
        ]
      }
    },
    {
      "type": "Feature",
      "properties": {
        "id": "OSM-NODE-7823415060",
        "name": "Elixir Multi Speciality Centre",
        "resource_type": "clinic",
        "zone_id": "W19009",
        "source": "OpenStreetMap",
        "osm_type": "node",
        "osm_id": 7823415060,
        "emergency_capable": null
      },
      "geometry": {
        "type": "Point",
        "coordinates": [
          80.2580026,
          13.034819
        ]
      }
    },
    {
      "type": "Feature",
      "properties": {
        "id": "OSM-NODE-7823415061",
        "name": "Orthomed Hospital",
        "resource_type": "hospital",
        "zone_id": "W19005",
        "source": "OpenStreetMap",
        "osm_type": "node",
        "osm_id": 7823415061,
        "emergency_capable": null
      },
      "geometry": {
        "type": "Point",
        "coordinates": [
          80.2668731,
          13.0454703
        ]
      }
    },
    {
      "type": "Feature",
      "properties": {
        "id": "OSM-NODE-7823415063",
        "name": "Akshi Vision Therapy",
        "resource_type": "clinic",
        "zone_id": "W19065",
        "source": "OpenStreetMap",
        "osm_type": "node",
        "osm_id": 7823415063,
        "emergency_capable": null
      },
      "geometry": {
        "type": "Point",
        "coordinates": [
          80.2661832,
          12.994316
        ]
      }
    },
    {
      "type": "Feature",
      "properties": {
        "id": "OSM-NODE-7823415064",
        "name": "Remedy Clinic",
        "resource_type": "clinic",
        "zone_id": "W19066",
        "source": "OpenStreetMap",
        "osm_type": "node",
        "osm_id": 7823415064,
        "emergency_capable": null
      },
      "geometry": {
        "type": "Point",
        "coordinates": [
          80.2587762,
          12.9767853
        ]
      }
    },
    {
      "type": "Feature",
      "properties": {
        "id": "OSM-NODE-7823415065",
        "name": "Mint Hospitals",
        "resource_type": "hospital",
        "zone_id": "W19060",
        "source": "OpenStreetMap",
        "osm_type": "node",
        "osm_id": 7823415065,
        "emergency_capable": null
      },
      "geometry": {
        "type": "Point",
        "coordinates": [
          80.258796,
          13.0013494
        ]
      }
    },
    {
      "type": "Feature",
      "properties": {
        "id": "OSM-NODE-7823415067",
        "name": "Sri Sai Homoeo Clinic",
        "resource_type": "clinic",
        "zone_id": "W19066",
        "source": "OpenStreetMap",
        "osm_type": "node",
        "osm_id": 7823415067,
        "emergency_capable": null
      },
      "geometry": {
        "type": "Point",
        "coordinates": [
          80.261741,
          12.982038
        ]
      }
    },
    {
      "type": "Feature",
      "properties": {
        "id": "OSM-NODE-7823415068",
        "name": "Sri Sai Speciality Clinic",
        "resource_type": "clinic",
        "zone_id": "W19009",
        "source": "OpenStreetMap",
        "osm_type": "node",
        "osm_id": 7823415068,
        "emergency_capable": null
      },
      "geometry": {
        "type": "Point",
        "coordinates": [
          80.2612955,
          13.0373228
        ]
      }
    },
    {
      "type": "Feature",
      "properties": {
        "id": "OSM-NODE-7823415071",
        "name": "Nanthini Speciality Clinic",
        "resource_type": "clinic",
        "zone_id": "W19060",
        "source": "OpenStreetMap",
        "osm_type": "node",
        "osm_id": 7823415071,
        "emergency_capable": null
      },
      "geometry": {
        "type": "Point",
        "coordinates": [
          80.2642007,
          12.9964116
        ]
      }
    },
    {
      "type": "Feature",
      "properties": {
        "id": "OSM-NODE-7823415072",
        "name": "Appasamy Pillai Bone Setting Clinic",
        "resource_type": "clinic",
        "zone_id": "W19059",
        "source": "OpenStreetMap",
        "osm_type": "node",
        "osm_id": 7823415072,
        "emergency_capable": null
      },
      "geometry": {
        "type": "Point",
        "coordinates": [
          80.2543207,
          12.9827116
        ]
      }
    },
    {
      "type": "Feature",
      "properties": {
        "id": "OSM-NODE-7823415073",
        "name": "Tharu Clinic",
        "resource_type": "clinic",
        "zone_id": "W19066",
        "source": "OpenStreetMap",
        "osm_type": "node",
        "osm_id": 7823415073,
        "emergency_capable": null
      },
      "geometry": {
        "type": "Point",
        "coordinates": [
          80.2638733,
          12.9812766
        ]
      }
    },
    {
      "type": "Feature",
      "properties": {
        "id": "OSM-NODE-7823415074",
        "name": "Sujetha Clinic",
        "resource_type": "clinic",
        "zone_id": "W19065",
        "source": "OpenStreetMap",
        "osm_type": "node",
        "osm_id": 7823415074,
        "emergency_capable": null
      },
      "geometry": {
        "type": "Point",
        "coordinates": [
          80.2619646,
          12.993602
        ]
      }
    },
    {
      "type": "Feature",
      "properties": {
        "id": "OSM-NODE-7823415076",
        "name": "Dr. K.Chandra ENT Clinic",
        "resource_type": "clinic",
        "zone_id": "W19066",
        "source": "OpenStreetMap",
        "osm_type": "node",
        "osm_id": 7823415076,
        "emergency_capable": null
      },
      "geometry": {
        "type": "Point",
        "coordinates": [
          80.2594242,
          12.9802929
        ]
      }
    },
    {
      "type": "Feature",
      "properties": {
        "id": "OSM-NODE-7823415079",
        "name": "Sri Saradha Eye Clinic",
        "resource_type": "clinic",
        "zone_id": "W19066",
        "source": "OpenStreetMap",
        "osm_type": "node",
        "osm_id": 7823415079,
        "emergency_capable": null
      },
      "geometry": {
        "type": "Point",
        "coordinates": [
          80.2590444,
          12.9854883
        ]
      }
    },
    {
      "type": "Feature",
      "properties": {
        "id": "OSM-NODE-7823415083",
        "name": "Saanvi Fertility Centre Urology and Stone Centre",
        "resource_type": "hospital",
        "zone_id": "W19007",
        "source": "OpenStreetMap",
        "osm_type": "node",
        "osm_id": 7823415083,
        "emergency_capable": null
      },
      "geometry": {
        "type": "Point",
        "coordinates": [
          80.2639406,
          13.0436591
        ]
      }
    },
    {
      "type": "Feature",
      "properties": {
        "id": "OSM-NODE-7823415084",
        "name": "The Crescent Hospital",
        "resource_type": "hospital",
        "zone_id": "W19006",
        "source": "OpenStreetMap",
        "osm_type": "node",
        "osm_id": 7823415084,
        "emergency_capable": null
      },
      "geometry": {
        "type": "Point",
        "coordinates": [
          80.2727865,
          13.0528771
        ]
      }
    },
    {
      "type": "Feature",
      "properties": {
        "id": "OSM-NODE-7823415085",
        "name": "Chennai Urology Clinic",
        "resource_type": "clinic",
        "zone_id": "W19005",
        "source": "OpenStreetMap",
        "osm_type": "node",
        "osm_id": 7823415085,
        "emergency_capable": null
      },
      "geometry": {
        "type": "Point",
        "coordinates": [
          80.2620778,
          13.0428357
        ]
      }
    },
    {
      "type": "Feature",
      "properties": {
        "id": "OSM-NODE-7823415087",
        "name": "Syma Hospital",
        "resource_type": "hospital",
        "zone_id": "W19002",
        "source": "OpenStreetMap",
        "osm_type": "node",
        "osm_id": 7823415087,
        "emergency_capable": null
      },
      "geometry": {
        "type": "Point",
        "coordinates": [
          80.2774772,
          13.0546321
        ]
      }
    },
    {
      "type": "Feature",
      "properties": {
        "id": "OSM-NODE-7823415088",
        "name": "Sri Parthasarathy Hospital",
        "resource_type": "hospital",
        "zone_id": "W19002",
        "source": "OpenStreetMap",
        "osm_type": "node",
        "osm_id": 7823415088,
        "emergency_capable": null
      },
      "geometry": {
        "type": "Point",
        "coordinates": [
          80.2756509,
          13.0547617
        ]
      }
    },
    {
      "type": "Feature",
      "properties": {
        "id": "OSM-NODE-7823415089",
        "name": "Children's Clinic",
        "resource_type": "clinic",
        "zone_id": "W19010",
        "source": "OpenStreetMap",
        "osm_type": "node",
        "osm_id": 7823415089,
        "emergency_capable": null
      },
      "geometry": {
        "type": "Point",
        "coordinates": [
          80.2678508,
          13.0374881
        ]
      }
    },
    {
      "type": "Feature",
      "properties": {
        "id": "OSM-NODE-7823415090",
        "name": "Sreehareeyam Ayurveda",
        "resource_type": "clinic",
        "zone_id": "W19066",
        "source": "OpenStreetMap",
        "osm_type": "node",
        "osm_id": 7823415090,
        "emergency_capable": null
      },
      "geometry": {
        "type": "Point",
        "coordinates": [
          80.2580809,
          12.9787624
        ]
      }
    },
    {
      "type": "Feature",
      "properties": {
        "id": "OSM-NODE-7823415091",
        "name": "Ashwini Hospital",
        "resource_type": "hospital",
        "zone_id": "W19065",
        "source": "OpenStreetMap",
        "osm_type": "node",
        "osm_id": 7823415091,
        "emergency_capable": null
      },
      "geometry": {
        "type": "Point",
        "coordinates": [
          80.2599586,
          12.9890173
        ]
      }
    },
    {
      "type": "Feature",
      "properties": {
        "id": "OSM-NODE-7823415092",
        "name": "Vijayganga Speciality Care",
        "resource_type": "clinic",
        "zone_id": "W19007",
        "source": "OpenStreetMap",
        "osm_type": "node",
        "osm_id": 7823415092,
        "emergency_capable": null
      },
      "geometry": {
        "type": "Point",
        "coordinates": [
          80.2665,
          13.042006
        ]
      }
    },
    {
      "type": "Feature",
      "properties": {
        "id": "OSM-NODE-7823415093",
        "name": "Homeopathy Clinic",
        "resource_type": "clinic",
        "zone_id": "W19002",
        "source": "OpenStreetMap",
        "osm_type": "node",
        "osm_id": 7823415093,
        "emergency_capable": null
      },
      "geometry": {
        "type": "Point",
        "coordinates": [
          80.2771022,
          13.0554568
        ]
      }
    },
    {
      "type": "Feature",
      "properties": {
        "id": "OSM-NODE-7823415094",
        "name": "Jayam Polyclinic",
        "resource_type": "clinic",
        "zone_id": "W19060",
        "source": "OpenStreetMap",
        "osm_type": "node",
        "osm_id": 7823415094,
        "emergency_capable": null
      },
      "geometry": {
        "type": "Point",
        "coordinates": [
          80.2692643,
          12.9956803
        ]
      }
    },
    {
      "type": "Feature",
      "properties": {
        "id": "OSM-NODE-7823776192",
        "name": "Revathi Child Care Clinic",
        "resource_type": "clinic",
        "zone_id": "W19015",
        "source": "OpenStreetMap",
        "osm_type": "node",
        "osm_id": 7823776192,
        "emergency_capable": null
      },
      "geometry": {
        "type": "Point",
        "coordinates": [
          80.199977,
          13.056806
        ]
      }
    },
    {
      "type": "Feature",
      "properties": {
        "id": "OSM-NODE-7823776193",
        "name": "Aishwarya Clinic",
        "resource_type": "clinic",
        "zone_id": "W19023",
        "source": "OpenStreetMap",
        "osm_type": "node",
        "osm_id": 7823776193,
        "emergency_capable": null
      },
      "geometry": {
        "type": "Point",
        "coordinates": [
          80.1936068,
          13.0398827
        ]
      }
    },
    {
      "type": "Feature",
      "properties": {
        "id": "OSM-NODE-7823776194",
        "name": "Spn Orthopaedic Clinic",
        "resource_type": "clinic",
        "zone_id": "W19016",
        "source": "OpenStreetMap",
        "osm_type": "node",
        "osm_id": 7823776194,
        "emergency_capable": null
      },
      "geometry": {
        "type": "Point",
        "coordinates": [
          80.20767,
          13.052893
        ]
      }
    },
    {
      "type": "Feature",
      "properties": {
        "id": "OSM-NODE-7823776196",
        "name": "R.S. Hospital",
        "resource_type": "hospital",
        "zone_id": "W19015",
        "source": "OpenStreetMap",
        "osm_type": "node",
        "osm_id": 7823776196,
        "emergency_capable": null
      },
      "geometry": {
        "type": "Point",
        "coordinates": [
          80.2068588,
          13.0549375
        ]
      }
    },
    {
      "type": "Feature",
      "properties": {
        "id": "OSM-NODE-7823776197",
        "name": "Arun Vijaya Hospitals",
        "resource_type": "hospital",
        "zone_id": "W19014",
        "source": "OpenStreetMap",
        "osm_type": "node",
        "osm_id": 7823776197,
        "emergency_capable": null
      },
      "geometry": {
        "type": "Point",
        "coordinates": [
          80.192755,
          13.038873
        ]
      }
    },
    {
      "type": "Feature",
      "properties": {
        "id": "OSM-NODE-7823776199",
        "name": "Pranic Health",
        "resource_type": "clinic",
        "zone_id": "W18996",
        "source": "OpenStreetMap",
        "osm_type": "node",
        "osm_id": 7823776199,
        "emergency_capable": null
      },
      "geometry": {
        "type": "Point",
        "coordinates": [
          80.24239,
          13.0624604
        ]
      }
    },
    {
      "type": "Feature",
      "properties": {
        "id": "OSM-NODE-7823776200",
        "name": "Lakshana Physiotherapy",
        "resource_type": "clinic",
        "zone_id": "W19015",
        "source": "OpenStreetMap",
        "osm_type": "node",
        "osm_id": 7823776200,
        "emergency_capable": null
      },
      "geometry": {
        "type": "Point",
        "coordinates": [
          80.199068,
          13.051432
        ]
      }
    },
    {
      "type": "Feature",
      "properties": {
        "id": "OSM-NODE-7823776203",
        "name": "Prime Health Care Clinics",
        "resource_type": "clinic",
        "zone_id": "W19015",
        "source": "OpenStreetMap",
        "osm_type": "node",
        "osm_id": 7823776203,
        "emergency_capable": null
      },
      "geometry": {
        "type": "Point",
        "coordinates": [
          80.2056967,
          13.0522176
        ]
      }
    },
    {
      "type": "Feature",
      "properties": {
        "id": "OSM-NODE-7823776205",
        "name": "Swathy Clinic",
        "resource_type": "clinic",
        "zone_id": "W19014",
        "source": "OpenStreetMap",
        "osm_type": "node",
        "osm_id": 7823776205,
        "emergency_capable": null
      },
      "geometry": {
        "type": "Point",
        "coordinates": [
          80.1938731,
          13.0488672
        ]
      }
    },
    {
      "type": "Feature",
      "properties": {
        "id": "OSM-NODE-7823776206",
        "name": "Jayanthi Skin and Bone Care Clinic",
        "resource_type": "clinic",
        "zone_id": "W19035",
        "source": "OpenStreetMap",
        "osm_type": "node",
        "osm_id": 7823776206,
        "emergency_capable": null
      },
      "geometry": {
        "type": "Point",
        "coordinates": [
          80.1862225,
          13.0463215
        ]
      }
    },
    {
      "type": "Feature",
      "properties": {
        "id": "OSM-NODE-7823776207",
        "name": "Anub Sivam Clinic",
        "resource_type": "clinic",
        "zone_id": "W19023",
        "source": "OpenStreetMap",
        "osm_type": "node",
        "osm_id": 7823776207,
        "emergency_capable": null
      },
      "geometry": {
        "type": "Point",
        "coordinates": [
          80.1959333,
          13.0385615
        ]
      }
    },
    {
      "type": "Feature",
      "properties": {
        "id": "OSM-NODE-7823776208",
        "name": "Dr. J. Sarojini Homoeopathic Clinic",
        "resource_type": "clinic",
        "zone_id": "W19015",
        "source": "OpenStreetMap",
        "osm_type": "node",
        "osm_id": 7823776208,
        "emergency_capable": null
      },
      "geometry": {
        "type": "Point",
        "coordinates": [
          80.2034981,
          13.0509757
        ]
      }
    },
    {
      "type": "Feature",
      "properties": {
        "id": "OSM-NODE-7823776209",
        "name": "C.M. Hospital",
        "resource_type": "hospital",
        "zone_id": "W19015",
        "source": "OpenStreetMap",
        "osm_type": "node",
        "osm_id": 7823776209,
        "emergency_capable": null
      },
      "geometry": {
        "type": "Point",
        "coordinates": [
          80.2012868,
          13.0553167
        ]
      }
    },
    {
      "type": "Feature",
      "properties": {
        "id": "OSM-NODE-7823776210",
        "name": "Shri Sai Skin and Eye Clinic",
        "resource_type": "clinic",
        "zone_id": "W19013",
        "source": "OpenStreetMap",
        "osm_type": "node",
        "osm_id": 7823776210,
        "emergency_capable": null
      },
      "geometry": {
        "type": "Point",
        "coordinates": [
          80.1990412,
          13.0580674
        ]
      }
    },
    {
      "type": "Feature",
      "properties": {
        "id": "OSM-NODE-7823776211",
        "name": "Pulmo Care",
        "resource_type": "clinic",
        "zone_id": "W19014",
        "source": "OpenStreetMap",
        "osm_type": "node",
        "osm_id": 7823776211,
        "emergency_capable": null
      },
      "geometry": {
        "type": "Point",
        "coordinates": [
          80.193165,
          13.0489648
        ]
      }
    },
    {
      "type": "Feature",
      "properties": {
        "id": "OSM-NODE-7823776212",
        "name": "Sucha Eye Cure",
        "resource_type": "clinic",
        "zone_id": "W19023",
        "source": "OpenStreetMap",
        "osm_type": "node",
        "osm_id": 7823776212,
        "emergency_capable": null
      },
      "geometry": {
        "type": "Point",
        "coordinates": [
          80.1931668,
          13.0393234
        ]
      }
    },
    {
      "type": "Feature",
      "properties": {
        "id": "OSM-NODE-7823776213",
        "name": "Shali Day & Night Hospital",
        "resource_type": "hospital",
        "zone_id": "W19015",
        "source": "OpenStreetMap",
        "osm_type": "node",
        "osm_id": 7823776213,
        "emergency_capable": null
      },
      "geometry": {
        "type": "Point",
        "coordinates": [
          80.204702,
          13.051996
        ]
      }
    },
    {
      "type": "Feature",
      "properties": {
        "id": "OSM-NODE-7823776214",
        "name": "Ponni Nursing Home",
        "resource_type": "clinic",
        "zone_id": "W19015",
        "source": "OpenStreetMap",
        "osm_type": "node",
        "osm_id": 7823776214,
        "emergency_capable": null
      },
      "geometry": {
        "type": "Point",
        "coordinates": [
          80.1995444,
          13.0554821
        ]
      }
    },
    {
      "type": "Feature",
      "properties": {
        "id": "OSM-NODE-7823776215",
        "name": "Koncept Hospitals",
        "resource_type": "hospital",
        "zone_id": "W18999",
        "source": "OpenStreetMap",
        "osm_type": "node",
        "osm_id": 7823776215,
        "emergency_capable": null
      },
      "geometry": {
        "type": "Point",
        "coordinates": [
          80.243818,
          13.051051
        ]
      }
    },
    {
      "type": "Feature",
      "properties": {
        "id": "OSM-NODE-7823776216",
        "name": "Sri Venkateswara Clinic",
        "resource_type": "clinic",
        "zone_id": "W19014",
        "source": "OpenStreetMap",
        "osm_type": "node",
        "osm_id": 7823776216,
        "emergency_capable": null
      },
      "geometry": {
        "type": "Point",
        "coordinates": [
          80.1895556,
          13.0484913
        ]
      }
    },
    {
      "type": "Feature",
      "properties": {
        "id": "OSM-NODE-7823776217",
        "name": "Diawin Multi Speciality Siddha Hospital",
        "resource_type": "hospital",
        "zone_id": "W19016",
        "source": "OpenStreetMap",
        "osm_type": "node",
        "osm_id": 7823776217,
        "emergency_capable": null
      },
      "geometry": {
        "type": "Point",
        "coordinates": [
          80.2076585,
          13.0520108
        ]
      }
    },
    {
      "type": "Feature",
      "properties": {
        "id": "OSM-NODE-7823776219",
        "name": "JKR Clinic",
        "resource_type": "clinic",
        "zone_id": "W19015",
        "source": "OpenStreetMap",
        "osm_type": "node",
        "osm_id": 7823776219,
        "emergency_capable": null
      },
      "geometry": {
        "type": "Point",
        "coordinates": [
          80.2007559,
          13.0510747
        ]
      }
    },
    {
      "type": "Feature",
      "properties": {
        "id": "OSM-NODE-7823776220",
        "name": "Skin Doctor",
        "resource_type": "clinic",
        "zone_id": "W18999",
        "source": "OpenStreetMap",
        "osm_type": "node",
        "osm_id": 7823776220,
        "emergency_capable": null
      },
      "geometry": {
        "type": "Point",
        "coordinates": [
          80.2462554,
          13.0567527
        ]
      }
    },
    {
      "type": "Feature",
      "properties": {
        "id": "OSM-NODE-7823776221",
        "name": "G G Hospital",
        "resource_type": "hospital",
        "zone_id": "W18999",
        "source": "OpenStreetMap",
        "osm_type": "node",
        "osm_id": 7823776221,
        "emergency_capable": null
      },
      "geometry": {
        "type": "Point",
        "coordinates": [
          80.2477343,
          13.0554543
        ]
      }
    },
    {
      "type": "Feature",
      "properties": {
        "id": "OSM-NODE-7823776222",
        "name": "Madhu Clinic",
        "resource_type": "clinic",
        "zone_id": "W19015",
        "source": "OpenStreetMap",
        "osm_type": "node",
        "osm_id": 7823776222,
        "emergency_capable": null
      },
      "geometry": {
        "type": "Point",
        "coordinates": [
          80.2073763,
          13.0524295
        ]
      }
    },
    {
      "type": "Feature",
      "properties": {
        "id": "OSM-NODE-7823776223",
        "name": "K R S Hospitals",
        "resource_type": "hospital",
        "zone_id": "W18996",
        "source": "OpenStreetMap",
        "osm_type": "node",
        "osm_id": 7823776223,
        "emergency_capable": null
      },
      "geometry": {
        "type": "Point",
        "coordinates": [
          80.2434943,
          13.0616711
        ]
      }
    },
    {
      "type": "Feature",
      "properties": {
        "id": "OSM-NODE-7823776224",
        "name": "Dr. Rajaram Clinic",
        "resource_type": "clinic",
        "zone_id": "W18996",
        "source": "OpenStreetMap",
        "osm_type": "node",
        "osm_id": 7823776224,
        "emergency_capable": null
      },
      "geometry": {
        "type": "Point",
        "coordinates": [
          80.2412336,
          13.0619929
        ]
      }
    },
    {
      "type": "Feature",
      "properties": {
        "id": "OSM-NODE-7823776225",
        "name": "Sterling Hospitals",
        "resource_type": "hospital",
        "zone_id": "W18996",
        "source": "OpenStreetMap",
        "osm_type": "node",
        "osm_id": 7823776225,
        "emergency_capable": null
      },
      "geometry": {
        "type": "Point",
        "coordinates": [
          80.243704,
          13.0616367
        ]
      }
    },
    {
      "type": "Feature",
      "properties": {
        "id": "OSM-NODE-7823776227",
        "name": "Lily Shantha Hospital",
        "resource_type": "hospital",
        "zone_id": "W19014",
        "source": "OpenStreetMap",
        "osm_type": "node",
        "osm_id": 7823776227,
        "emergency_capable": null
      },
      "geometry": {
        "type": "Point",
        "coordinates": [
          80.1939117,
          13.0516365
        ]
      }
    },
    {
      "type": "Feature",
      "properties": {
        "id": "OSM-NODE-7823776228",
        "name": "Dr. A. Aravind Clinic",
        "resource_type": "clinic",
        "zone_id": "W19014",
        "source": "OpenStreetMap",
        "osm_type": "node",
        "osm_id": 7823776228,
        "emergency_capable": null
      },
      "geometry": {
        "type": "Point",
        "coordinates": [
          80.1924907,
          13.0381951
        ]
      }
    },
    {
      "type": "Feature",
      "properties": {
        "id": "OSM-NODE-7823776229",
        "name": "Chitra Clinic",
        "resource_type": "clinic",
        "zone_id": "W19016",
        "source": "OpenStreetMap",
        "osm_type": "node",
        "osm_id": 7823776229,
        "emergency_capable": null
      },
      "geometry": {
        "type": "Point",
        "coordinates": [
          80.2078101,
          13.0542711
        ]
      }
    },
    {
      "type": "Feature",
      "properties": {
        "id": "OSM-NODE-7823776231",
        "name": "Dr. Maibbar Hospital",
        "resource_type": "hospital",
        "zone_id": "W18999",
        "source": "OpenStreetMap",
        "osm_type": "node",
        "osm_id": 7823776231,
        "emergency_capable": null
      },
      "geometry": {
        "type": "Point",
        "coordinates": [
          80.2459459,
          13.0594426
        ]
      }
    },
    {
      "type": "Feature",
      "properties": {
        "id": "OSM-NODE-7823776232",
        "name": "Ruban Moses Clinic",
        "resource_type": "clinic",
        "zone_id": "W19014",
        "source": "OpenStreetMap",
        "osm_type": "node",
        "osm_id": 7823776232,
        "emergency_capable": null
      },
      "geometry": {
        "type": "Point",
        "coordinates": [
          80.1920141,
          13.0486566
        ]
      }
    },
    {
      "type": "Feature",
      "properties": {
        "id": "OSM-NODE-7823776233",
        "name": "Swastik Hospital",
        "resource_type": "hospital",
        "zone_id": "W19015",
        "source": "OpenStreetMap",
        "osm_type": "node",
        "osm_id": 7823776233,
        "emergency_capable": null
      },
      "geometry": {
        "type": "Point",
        "coordinates": [
          80.1991968,
          13.0539266
        ]
      }
    },
    {
      "type": "Feature",
      "properties": {
        "id": "OSM-NODE-7823776234",
        "name": "Cura Health Plus",
        "resource_type": "clinic",
        "zone_id": "W19014",
        "source": "OpenStreetMap",
        "osm_type": "node",
        "osm_id": 7823776234,
        "emergency_capable": null
      },
      "geometry": {
        "type": "Point",
        "coordinates": [
          80.1919214,
          13.0518895
        ]
      }
    },
    {
      "type": "Feature",
      "properties": {
        "id": "OSM-NODE-7823776236",
        "name": "Sri Varma and Spine Care Centre",
        "resource_type": "clinic",
        "zone_id": "W19023",
        "source": "OpenStreetMap",
        "osm_type": "node",
        "osm_id": 7823776236,
        "emergency_capable": null
      },
      "geometry": {
        "type": "Point",
        "coordinates": [
          80.1943253,
          13.0422476
        ]
      }
    },
    {
      "type": "Feature",
      "properties": {
        "id": "OSM-NODE-7823776237",
        "name": "Sri Sai Swamy Clinic",
        "resource_type": "clinic",
        "zone_id": "W18999",
        "source": "OpenStreetMap",
        "osm_type": "node",
        "osm_id": 7823776237,
        "emergency_capable": null
      },
      "geometry": {
        "type": "Point",
        "coordinates": [
          80.243411,
          13.0592237
        ]
      }
    },
    {
      "type": "Feature",
      "properties": {
        "id": "OSM-NODE-7823776239",
        "name": "American Eye Care Centre",
        "resource_type": "clinic",
        "zone_id": "W19023",
        "source": "OpenStreetMap",
        "osm_type": "node",
        "osm_id": 7823776239,
        "emergency_capable": null
      },
      "geometry": {
        "type": "Point",
        "coordinates": [
          80.1954994,
          13.0417465
        ]
      }
    },
    {
      "type": "Feature",
      "properties": {
        "id": "OSM-NODE-7823776240",
        "name": "SV Vision & Dental Care",
        "resource_type": "clinic",
        "zone_id": "W19015",
        "source": "OpenStreetMap",
        "osm_type": "node",
        "osm_id": 7823776240,
        "emergency_capable": null
      },
      "geometry": {
        "type": "Point",
        "coordinates": [
          80.2036821,
          13.0535204
        ]
      }
    },
    {
      "type": "Feature",
      "properties": {
        "id": "OSM-NODE-7823776242",
        "name": "Sakthi Natural Fertility Care",
        "resource_type": "clinic",
        "zone_id": "W19015",
        "source": "OpenStreetMap",
        "osm_type": "node",
        "osm_id": 7823776242,
        "emergency_capable": null
      },
      "geometry": {
        "type": "Point",
        "coordinates": [
          80.2038876,
          13.0529876
        ]
      }
    },
    {
      "type": "Feature",
      "properties": {
        "id": "OSM-NODE-7823776243",
        "name": "Sakthi Nursing Home",
        "resource_type": "clinic",
        "zone_id": "W19015",
        "source": "OpenStreetMap",
        "osm_type": "node",
        "osm_id": 7823776243,
        "emergency_capable": null
      },
      "geometry": {
        "type": "Point",
        "coordinates": [
          80.2012135,
          13.0585803
        ]
      }
    },
    {
      "type": "Feature",
      "properties": {
        "id": "OSM-NODE-7823776244",
        "name": "N.R.G. Multispeciality Clinic",
        "resource_type": "clinic",
        "zone_id": "W19015",
        "source": "OpenStreetMap",
        "osm_type": "node",
        "osm_id": 7823776244,
        "emergency_capable": null
      },
      "geometry": {
        "type": "Point",
        "coordinates": [
          80.1985381,
          13.0542347
        ]
      }
    },
    {
      "type": "Feature",
      "properties": {
        "id": "OSM-NODE-7823776246",
        "name": "Standard Hospital",
        "resource_type": "hospital",
        "zone_id": "W19014",
        "source": "OpenStreetMap",
        "osm_type": "node",
        "osm_id": 7823776246,
        "emergency_capable": null
      },
      "geometry": {
        "type": "Point",
        "coordinates": [
          80.1899425,
          13.0526943
        ]
      }
    },
    {
      "type": "Feature",
      "properties": {
        "id": "OSM-NODE-7823776247",
        "name": "Herba Clinic",
        "resource_type": "clinic",
        "zone_id": "W19015",
        "source": "OpenStreetMap",
        "osm_type": "node",
        "osm_id": 7823776247,
        "emergency_capable": null
      },
      "geometry": {
        "type": "Point",
        "coordinates": [
          80.1972002,
          13.0554179
        ]
      }
    },
    {
      "type": "Feature",
      "properties": {
        "id": "OSM-NODE-7823776248",
        "name": "Vijay Anand Clinic",
        "resource_type": "clinic",
        "zone_id": "W19014",
        "source": "OpenStreetMap",
        "osm_type": "node",
        "osm_id": 7823776248,
        "emergency_capable": null
      },
      "geometry": {
        "type": "Point",
        "coordinates": [
          80.1895753,
          13.0496363
        ]
      }
    },
    {
      "type": "Feature",
      "properties": {
        "id": "OSM-NODE-7823776250",
        "name": "MM Hospital",
        "resource_type": "hospital",
        "zone_id": "W19014",
        "source": "OpenStreetMap",
        "osm_type": "node",
        "osm_id": 7823776250,
        "emergency_capable": null
      },
      "geometry": {
        "type": "Point",
        "coordinates": [
          80.191781,
          13.0527721
        ]
      }
    },
    {
      "type": "Feature",
      "properties": {
        "id": "OSM-NODE-7823776251",
        "name": "Lister Metropolis",
        "resource_type": "clinic",
        "zone_id": "W19015",
        "source": "OpenStreetMap",
        "osm_type": "node",
        "osm_id": 7823776251,
        "emergency_capable": null
      },
      "geometry": {
        "type": "Point",
        "coordinates": [
          80.2062705,
          13.0519687
        ]
      }
    },
    {
      "type": "Feature",
      "properties": {
        "id": "OSM-NODE-7823776252",
        "name": "Dr. R. Muthukumar ENT Surgeon",
        "resource_type": "clinic",
        "zone_id": "W19014",
        "source": "OpenStreetMap",
        "osm_type": "node",
        "osm_id": 7823776252,
        "emergency_capable": null
      },
      "geometry": {
        "type": "Point",
        "coordinates": [
          80.1922401,
          13.0519538
        ]
      }
    },
    {
      "type": "Feature",
      "properties": {
        "id": "OSM-NODE-7823776253",
        "name": "Arun Hospital",
        "resource_type": "hospital",
        "zone_id": "W19015",
        "source": "OpenStreetMap",
        "osm_type": "node",
        "osm_id": 7823776253,
        "emergency_capable": null
      },
      "geometry": {
        "type": "Point",
        "coordinates": [
          80.2031882,
          13.0514652
        ]
      }
    },
    {
      "type": "Feature",
      "properties": {
        "id": "OSM-NODE-7823776254",
        "name": "Krishna Geetham Vaidyasala",
        "resource_type": "hospital",
        "zone_id": "W19015",
        "source": "OpenStreetMap",
        "osm_type": "node",
        "osm_id": 7823776254,
        "emergency_capable": null
      },
      "geometry": {
        "type": "Point",
        "coordinates": [
          80.1989274,
          13.0538214
        ]
      }
    },
    {
      "type": "Feature",
      "properties": {
        "id": "OSM-NODE-7823776256",
        "name": "Ezhilarasi Clinic",
        "resource_type": "clinic",
        "zone_id": "W19015",
        "source": "OpenStreetMap",
        "osm_type": "node",
        "osm_id": 7823776256,
        "emergency_capable": null
      },
      "geometry": {
        "type": "Point",
        "coordinates": [
          80.199343,
          13.053108
        ]
      }
    },
    {
      "type": "Feature",
      "properties": {
        "id": "OSM-NODE-7823776257",
        "name": "D` Mas Joint & Sports Injury Clinic",
        "resource_type": "clinic",
        "zone_id": "W18999",
        "source": "OpenStreetMap",
        "osm_type": "node",
        "osm_id": 7823776257,
        "emergency_capable": null
      },
      "geometry": {
        "type": "Point",
        "coordinates": [
          80.2455045,
          13.0579005
        ]
      }
    },
    {
      "type": "Feature",
      "properties": {
        "id": "OSM-NODE-7823776258",
        "name": "Jayam Diabetes Speciality Clinic",
        "resource_type": "clinic",
        "zone_id": "W19014",
        "source": "OpenStreetMap",
        "osm_type": "node",
        "osm_id": 7823776258,
        "emergency_capable": null
      },
      "geometry": {
        "type": "Point",
        "coordinates": [
          80.1922599,
          13.0511518
        ]
      }
    },
    {
      "type": "Feature",
      "properties": {
        "id": "OSM-NODE-7823776260",
        "name": "Malar Homeopath Clinic",
        "resource_type": "clinic",
        "zone_id": "W19014",
        "source": "OpenStreetMap",
        "osm_type": "node",
        "osm_id": 7823776260,
        "emergency_capable": null
      },
      "geometry": {
        "type": "Point",
        "coordinates": [
          80.1868077,
          13.046215
        ]
      }
    },
    {
      "type": "Feature",
      "properties": {
        "id": "OSM-NODE-7824965206",
        "name": "Agm Hospital",
        "resource_type": "hospital",
        "zone_id": "W18985",
        "source": "OpenStreetMap",
        "osm_type": "node",
        "osm_id": 7824965206,
        "emergency_capable": null
      },
      "geometry": {
        "type": "Point",
        "coordinates": [
          80.2522439,
          13.0802093
        ]
      }
    },
    {
      "type": "Feature",
      "properties": {
        "id": "OSM-NODE-7824965208",
        "name": "Orient Clinics",
        "resource_type": "clinic",
        "zone_id": "W18944",
        "source": "OpenStreetMap",
        "osm_type": "node",
        "osm_id": 7824965208,
        "emergency_capable": null
      },
      "geometry": {
        "type": "Point",
        "coordinates": [
          80.2656345,
          13.0860428
        ]
      }
    },
    {
      "type": "Feature",
      "properties": {
        "id": "OSM-NODE-7824965209",
        "name": "Dr. Sambandam Eye Hospital",
        "resource_type": "hospital",
        "zone_id": "W18984",
        "source": "OpenStreetMap",
        "osm_type": "node",
        "osm_id": 7824965209,
        "emergency_capable": null
      },
      "geometry": {
        "type": "Point",
        "coordinates": [
          80.2416011,
          13.0886474
        ]
      }
    },
    {
      "type": "Feature",
      "properties": {
        "id": "OSM-NODE-7824965211",
        "name": "Sugumar Hospital",
        "resource_type": "hospital",
        "zone_id": "W18944",
        "source": "OpenStreetMap",
        "osm_type": "node",
        "osm_id": 7824965211,
        "emergency_capable": null
      },
      "geometry": {
        "type": "Point",
        "coordinates": [
          80.2709938,
          13.0828855
        ]
      }
    },
    {
      "type": "Feature",
      "properties": {
        "id": "OSM-NODE-7824965212",
        "name": "Dr. V.G.K Memorial Homeo Clinic",
        "resource_type": "clinic",
        "zone_id": "W18984",
        "source": "OpenStreetMap",
        "osm_type": "node",
        "osm_id": 7824965212,
        "emergency_capable": null
      },
      "geometry": {
        "type": "Point",
        "coordinates": [
          80.2418747,
          13.0881756
        ]
      }
    },
    {
      "type": "Feature",
      "properties": {
        "id": "OSM-NODE-7824965213",
        "name": "Ranjith Hospital",
        "resource_type": "hospital",
        "zone_id": "W18961",
        "source": "OpenStreetMap",
        "osm_type": "node",
        "osm_id": 7824965213,
        "emergency_capable": null
      },
      "geometry": {
        "type": "Point",
        "coordinates": [
          80.2418555,
          13.0888843
        ]
      }
    },
    {
      "type": "Feature",
      "properties": {
        "id": "OSM-NODE-7824965214",
        "name": "Akn Nursing Home",
        "resource_type": "clinic",
        "zone_id": "W18961",
        "source": "OpenStreetMap",
        "osm_type": "node",
        "osm_id": 7824965214,
        "emergency_capable": null
      },
      "geometry": {
        "type": "Point",
        "coordinates": [
          80.2421118,
          13.0885541
        ]
      }
    },
    {
      "type": "Feature",
      "properties": {
        "id": "OSM-NODE-7824965216",
        "name": "Mythili Hospitals",
        "resource_type": "hospital",
        "zone_id": "W18994",
        "source": "OpenStreetMap",
        "osm_type": "node",
        "osm_id": 7824965216,
        "emergency_capable": null
      },
      "geometry": {
        "type": "Point",
        "coordinates": [
          80.2421491,
          13.0704319
        ]
      }
    },
    {
      "type": "Feature",
      "properties": {
        "id": "OSM-NODE-7824965217",
        "name": "Metropolis Healthcare",
        "resource_type": "clinic",
        "zone_id": "W18947",
        "source": "OpenStreetMap",
        "osm_type": "node",
        "osm_id": 7824965217,
        "emergency_capable": null
      },
      "geometry": {
        "type": "Point",
        "coordinates": [
          80.262082,
          13.07127
        ]
      }
    },
    {
      "type": "Feature",
      "properties": {
        "id": "OSM-NODE-7824965218",
        "name": "Navakar I Care",
        "resource_type": "clinic",
        "zone_id": "W18944",
        "source": "OpenStreetMap",
        "osm_type": "node",
        "osm_id": 7824965218,
        "emergency_capable": null
      },
      "geometry": {
        "type": "Point",
        "coordinates": [
          80.2656477,
          13.0864725
        ]
      }
    },
    {
      "type": "Feature",
      "properties": {
        "id": "OSM-NODE-7824965220",
        "name": "Nandita's Clinic",
        "resource_type": "clinic",
        "zone_id": "W18994",
        "source": "OpenStreetMap",
        "osm_type": "node",
        "osm_id": 7824965220,
        "emergency_capable": null
      },
      "geometry": {
        "type": "Point",
        "coordinates": [
          80.2409391,
          13.0719723
        ]
      }
    },
    {
      "type": "Feature",
      "properties": {
        "id": "OSM-NODE-7824965221",
        "name": "Santosham Chest Hospital",
        "resource_type": "hospital",
        "zone_id": "W18947",
        "source": "OpenStreetMap",
        "osm_type": "node",
        "osm_id": 7824965221,
        "emergency_capable": null
      },
      "geometry": {
        "type": "Point",
        "coordinates": [
          80.2537976,
          13.0746638
        ]
      }
    },
    {
      "type": "Feature",
      "properties": {
        "id": "OSM-NODE-7824965222",
        "name": "Tune 32 Hospital",
        "resource_type": "hospital",
        "zone_id": "W18947",
        "source": "OpenStreetMap",
        "osm_type": "node",
        "osm_id": 7824965222,
        "emergency_capable": null
      },
      "geometry": {
        "type": "Point",
        "coordinates": [
          80.2622655,
          13.0715459
        ]
      }
    },
    {
      "type": "Feature",
      "properties": {
        "id": "OSM-NODE-7824965223",
        "name": "Pandalai Hospital",
        "resource_type": "hospital",
        "zone_id": "W18985",
        "source": "OpenStreetMap",
        "osm_type": "node",
        "osm_id": 7824965223,
        "emergency_capable": null
      },
      "geometry": {
        "type": "Point",
        "coordinates": [
          80.2450769,
          13.0771575
        ]
      }
    },
    {
      "type": "Feature",
      "properties": {
        "id": "OSM-NODE-7824965224",
        "name": "Premier Health Centre",
        "resource_type": "clinic",
        "zone_id": "W18944",
        "source": "OpenStreetMap",
        "osm_type": "node",
        "osm_id": 7824965224,
        "emergency_capable": null
      },
      "geometry": {
        "type": "Point",
        "coordinates": [
          80.257578,
          13.079584
        ]
      }
    },
    {
      "type": "Feature",
      "properties": {
        "id": "OSM-NODE-7824965225",
        "name": "Centre For Gastro Esophageal Disorders",
        "resource_type": "hospital",
        "zone_id": "W18947",
        "source": "OpenStreetMap",
        "osm_type": "node",
        "osm_id": 7824965225,
        "emergency_capable": null
      },
      "geometry": {
        "type": "Point",
        "coordinates": [
          80.2540859,
          13.0786423
        ]
      }
    },
    {
      "type": "Feature",
      "properties": {
        "id": "OSM-NODE-7824965227",
        "name": "Be Well Hospital",
        "resource_type": "hospital",
        "zone_id": "W18986",
        "source": "OpenStreetMap",
        "osm_type": "node",
        "osm_id": 7824965227,
        "emergency_capable": null
      },
      "geometry": {
        "type": "Point",
        "coordinates": [
          80.2340062,
          13.0807479
        ]
      }
    },
    {
      "type": "Feature",
      "properties": {
        "id": "OSM-NODE-7824965228",
        "name": "Padma Clinic & Nursing Home",
        "resource_type": "clinic",
        "zone_id": "W18986",
        "source": "OpenStreetMap",
        "osm_type": "node",
        "osm_id": 7824965228,
        "emergency_capable": null
      },
      "geometry": {
        "type": "Point",
        "coordinates": [
          80.233925,
          13.076912
        ]
      }
    },
    {
      "type": "Feature",
      "properties": {
        "id": "OSM-NODE-7824965229",
        "name": "Puttur Kattu Hospital",
        "resource_type": "hospital",
        "zone_id": "W18985",
        "source": "OpenStreetMap",
        "osm_type": "node",
        "osm_id": 7824965229,
        "emergency_capable": null
      },
      "geometry": {
        "type": "Point",
        "coordinates": [
          80.2506114,
          13.0812406
        ]
      }
    },
    {
      "type": "Feature",
      "properties": {
        "id": "OSM-NODE-7824965230",
        "name": "Vinayagam Clinic",
        "resource_type": "clinic",
        "zone_id": "W18948",
        "source": "OpenStreetMap",
        "osm_type": "node",
        "osm_id": 7824965230,
        "emergency_capable": null
      },
      "geometry": {
        "type": "Point",
        "coordinates": [
          80.2705092,
          13.0752787
        ]
      }
    },
    {
      "type": "Feature",
      "properties": {
        "id": "OSM-NODE-7824965231",
        "name": "Dr. Ilavarasan Ortho Clinic",
        "resource_type": "clinic",
        "zone_id": "W18947",
        "source": "OpenStreetMap",
        "osm_type": "node",
        "osm_id": 7824965231,
        "emergency_capable": null
      },
      "geometry": {
        "type": "Point",
        "coordinates": [
          80.2555444,
          13.074758
        ]
      }
    },
    {
      "type": "Feature",
      "properties": {
        "id": "OSM-NODE-7824965232",
        "name": "An-Noor Eye Hospital",
        "resource_type": "hospital",
        "zone_id": "W18944",
        "source": "OpenStreetMap",
        "osm_type": "node",
        "osm_id": 7824965232,
        "emergency_capable": null
      },
      "geometry": {
        "type": "Point",
        "coordinates": [
          80.2669979,
          13.0849581
        ]
      }
    },
    {
      "type": "Feature",
      "properties": {
        "id": "OSM-NODE-7824965233",
        "name": "Nalam Clinic",
        "resource_type": "clinic",
        "zone_id": "W18948",
        "source": "OpenStreetMap",
        "osm_type": "node",
        "osm_id": 7824965233,
        "emergency_capable": null
      },
      "geometry": {
        "type": "Point",
        "coordinates": [
          80.2688425,
          13.0747088
        ]
      }
    },
    {
      "type": "Feature",
      "properties": {
        "id": "OSM-NODE-7824965234",
        "name": "Dr. Arjun Thomas Clinic",
        "resource_type": "clinic",
        "zone_id": "W18948",
        "source": "OpenStreetMap",
        "osm_type": "node",
        "osm_id": 7824965234,
        "emergency_capable": null
      },
      "geometry": {
        "type": "Point",
        "coordinates": [
          80.27068,
          13.0755581
        ]
      }
    },
    {
      "type": "Feature",
      "properties": {
        "id": "OSM-NODE-7824965235",
        "name": "TMM Eye Centre",
        "resource_type": "clinic",
        "zone_id": "W18944",
        "source": "OpenStreetMap",
        "osm_type": "node",
        "osm_id": 7824965235,
        "emergency_capable": null
      },
      "geometry": {
        "type": "Point",
        "coordinates": [
          80.263297,
          13.082126
        ]
      }
    },
    {
      "type": "Feature",
      "properties": {
        "id": "OSM-NODE-7824965237",
        "name": "Herbzalive Ayurveda Hospital",
        "resource_type": "hospital",
        "zone_id": "W18986",
        "source": "OpenStreetMap",
        "osm_type": "node",
        "osm_id": 7824965237,
        "emergency_capable": null
      },
      "geometry": {
        "type": "Point",
        "coordinates": [
          80.2473996,
          13.0793874
        ]
      }
    },
    {
      "type": "Feature",
      "properties": {
        "id": "OSM-NODE-7824965238",
        "name": "Meta Hospital",
        "resource_type": "hospital",
        "zone_id": "W18944",
        "source": "OpenStreetMap",
        "osm_type": "node",
        "osm_id": 7824965238,
        "emergency_capable": null
      },
      "geometry": {
        "type": "Point",
        "coordinates": [
          80.2705905,
          13.0826737
        ]
      }
    },
    {
      "type": "Feature",
      "properties": {
        "id": "OSM-NODE-7824965239",
        "name": "Vardhman Multispeciality",
        "resource_type": "clinic",
        "zone_id": "W18944",
        "source": "OpenStreetMap",
        "osm_type": "node",
        "osm_id": 7824965239,
        "emergency_capable": null
      },
      "geometry": {
        "type": "Point",
        "coordinates": [
          80.267898,
          13.090224
        ]
      }
    },
    {
      "type": "Feature",
      "properties": {
        "id": "OSM-NODE-7824965240",
        "name": "Dr. H. Yogish Hospital",
        "resource_type": "hospital",
        "zone_id": "W18993",
        "source": "OpenStreetMap",
        "osm_type": "node",
        "osm_id": 7824965240,
        "emergency_capable": null
      },
      "geometry": {
        "type": "Point",
        "coordinates": [
          80.2268354,
          13.0737332
        ]
      }
    },
    {
      "type": "Feature",
      "properties": {
        "id": "OSM-NODE-7824965241",
        "name": "Neuro Hospital",
        "resource_type": "hospital",
        "zone_id": "W18947",
        "source": "OpenStreetMap",
        "osm_type": "node",
        "osm_id": 7824965241,
        "emergency_capable": null
      },
      "geometry": {
        "type": "Point",
        "coordinates": [
          80.2625981,
          13.0713435
        ]
      }
    },
    {
      "type": "Feature",
      "properties": {
        "id": "OSM-NODE-7824965243",
        "name": "Murugan Hospitals",
        "resource_type": "hospital",
        "zone_id": "W18986",
        "source": "OpenStreetMap",
        "osm_type": "node",
        "osm_id": 7824965243,
        "emergency_capable": null
      },
      "geometry": {
        "type": "Point",
        "coordinates": [
          80.234299,
          13.0833684
        ]
      }
    },
    {
      "type": "Feature",
      "properties": {
        "id": "OSM-NODE-7824965244",
        "name": "Amrit Hospital",
        "resource_type": "hospital",
        "zone_id": "W18985",
        "source": "OpenStreetMap",
        "osm_type": "node",
        "osm_id": 7824965244,
        "emergency_capable": null
      },
      "geometry": {
        "type": "Point",
        "coordinates": [
          80.2520834,
          13.0811868
        ]
      }
    },
    {
      "type": "Feature",
      "properties": {
        "id": "OSM-NODE-7824965245",
        "name": "Mercury Hospital",
        "resource_type": "hospital",
        "zone_id": "W18947",
        "source": "OpenStreetMap",
        "osm_type": "node",
        "osm_id": 7824965245,
        "emergency_capable": null
      },
      "geometry": {
        "type": "Point",
        "coordinates": [
          80.260048,
          13.071832
        ]
      }
    },
    {
      "type": "Feature",
      "properties": {
        "id": "OSM-NODE-7824965246",
        "name": "Naz Unani Hospital",
        "resource_type": "hospital",
        "zone_id": "W18944",
        "source": "OpenStreetMap",
        "osm_type": "node",
        "osm_id": 7824965246,
        "emergency_capable": null
      },
      "geometry": {
        "type": "Point",
        "coordinates": [
          80.2699983,
          13.0850158
        ]
      }
    },
    {
      "type": "Feature",
      "properties": {
        "id": "OSM-NODE-7824965247",
        "name": "Vembu Clinic",
        "resource_type": "clinic",
        "zone_id": "W18948",
        "source": "OpenStreetMap",
        "osm_type": "node",
        "osm_id": 7824965247,
        "emergency_capable": null
      },
      "geometry": {
        "type": "Point",
        "coordinates": [
          80.2684334,
          13.0750341
        ]
      }
    },
    {
      "type": "Feature",
      "properties": {
        "id": "OSM-NODE-7824965249",
        "name": "S.K. Selvam Hospital",
        "resource_type": "hospital",
        "zone_id": "W18948",
        "source": "OpenStreetMap",
        "osm_type": "node",
        "osm_id": 7824965249,
        "emergency_capable": null
      },
      "geometry": {
        "type": "Point",
        "coordinates": [
          80.2694819,
          13.0761303
        ]
      }
    },
    {
      "type": "Feature",
      "properties": {
        "id": "OSM-NODE-7824965251",
        "name": "Neuro Mind Care Clinic",
        "resource_type": "clinic",
        "zone_id": "W18944",
        "source": "OpenStreetMap",
        "osm_type": "node",
        "osm_id": 7824965251,
        "emergency_capable": null
      },
      "geometry": {
        "type": "Point",
        "coordinates": [
          80.257646,
          13.079529
        ]
      }
    },
    {
      "type": "Feature",
      "properties": {
        "id": "OSM-NODE-7824965252",
        "name": "Apollo Hospital",
        "resource_type": "hospital",
        "zone_id": "W18944",
        "source": "OpenStreetMap",
        "osm_type": "node",
        "osm_id": 7824965252,
        "emergency_capable": null
      },
      "geometry": {
        "type": "Point",
        "coordinates": [
          80.2710331,
          13.0825738
        ]
      }
    },
    {
      "type": "Feature",
      "properties": {
        "id": "OSM-NODE-7824965253",
        "name": "Dr. Sridharan Clinic",
        "resource_type": "clinic",
        "zone_id": "W18948",
        "source": "OpenStreetMap",
        "osm_type": "node",
        "osm_id": 7824965253,
        "emergency_capable": null
      },
      "geometry": {
        "type": "Point",
        "coordinates": [
          80.267103,
          13.0763548
        ]
      }
    },
    {
      "type": "Feature",
      "properties": {
        "id": "OSM-NODE-7824965254",
        "name": "Kola Saraswathi Agarwal Samaj Health Centre",
        "resource_type": "hospital",
        "zone_id": "W18944",
        "source": "OpenStreetMap",
        "osm_type": "node",
        "osm_id": 7824965254,
        "emergency_capable": null
      },
      "geometry": {
        "type": "Point",
        "coordinates": [
          80.2553965,
          13.0813334
        ]
      }
    },
    {
      "type": "Feature",
      "properties": {
        "id": "OSM-NODE-7824965255",
        "name": "Psy Hub, Brain and Behaviour",
        "resource_type": "clinic",
        "zone_id": "W18986",
        "source": "OpenStreetMap",
        "osm_type": "node",
        "osm_id": 7824965255,
        "emergency_capable": null
      },
      "geometry": {
        "type": "Point",
        "coordinates": [
          80.2331613,
          13.0821498
        ]
      }
    },
    {
      "type": "Feature",
      "properties": {
        "id": "OSM-NODE-7824965256",
        "name": "Dr. Sukumar's Skin Clinic",
        "resource_type": "clinic",
        "zone_id": "W18994",
        "source": "OpenStreetMap",
        "osm_type": "node",
        "osm_id": 7824965256,
        "emergency_capable": null
      },
      "geometry": {
        "type": "Point",
        "coordinates": [
          80.2407506,
          13.070275
        ]
      }
    },
    {
      "type": "Feature",
      "properties": {
        "id": "OSM-NODE-7824965257",
        "name": "Dr. A Manivannan Clinic",
        "resource_type": "clinic",
        "zone_id": "W18948",
        "source": "OpenStreetMap",
        "osm_type": "node",
        "osm_id": 7824965257,
        "emergency_capable": null
      },
      "geometry": {
        "type": "Point",
        "coordinates": [
          80.2679228,
          13.0734625
        ]
      }
    },
    {
      "type": "Feature",
      "properties": {
        "id": "OSM-NODE-7824965258",
        "name": "Demo Hospital",
        "resource_type": "hospital",
        "zone_id": "W18986",
        "source": "OpenStreetMap",
        "osm_type": "node",
        "osm_id": 7824965258,
        "emergency_capable": null
      },
      "geometry": {
        "type": "Point",
        "coordinates": [
          80.2454945,
          13.0844036
        ]
      }
    },
    {
      "type": "Feature",
      "properties": {
        "id": "OSM-NODE-7824965259",
        "name": "Gremaltes Hospital",
        "resource_type": "hospital",
        "zone_id": "W18986",
        "source": "OpenStreetMap",
        "osm_type": "node",
        "osm_id": 7824965259,
        "emergency_capable": null
      },
      "geometry": {
        "type": "Point",
        "coordinates": [
          80.2290477,
          13.0793157
        ]
      }
    },
    {
      "type": "Feature",
      "properties": {
        "id": "OSM-NODE-7824965260",
        "name": "Srl Hospital",
        "resource_type": "hospital",
        "zone_id": "W18986",
        "source": "OpenStreetMap",
        "osm_type": "node",
        "osm_id": 7824965260,
        "emergency_capable": null
      },
      "geometry": {
        "type": "Point",
        "coordinates": [
          80.2333756,
          13.0814203
        ]
      }
    },
    {
      "type": "Feature",
      "properties": {
        "id": "OSM-NODE-7824965261",
        "name": "Dr. Sundar's Homoeopathic Clinic",
        "resource_type": "clinic",
        "zone_id": "W18986",
        "source": "OpenStreetMap",
        "osm_type": "node",
        "osm_id": 7824965261,
        "emergency_capable": null
      },
      "geometry": {
        "type": "Point",
        "coordinates": [
          80.2461467,
          13.0846937
        ]
      }
    },
    {
      "type": "Feature",
      "properties": {
        "id": "OSM-NODE-7824965262",
        "name": "Periyar Maniammai Hospital",
        "resource_type": "hospital",
        "zone_id": "W18944",
        "source": "OpenStreetMap",
        "osm_type": "node",
        "osm_id": 7824965262,
        "emergency_capable": null
      },
      "geometry": {
        "type": "Point",
        "coordinates": [
          80.2620778,
          13.0811497
        ]
      }
    },
    {
      "type": "Feature",
      "properties": {
        "id": "OSM-NODE-7824965264",
        "name": "Red Cross Hospital",
        "resource_type": "hospital",
        "zone_id": "W18948",
        "source": "OpenStreetMap",
        "osm_type": "node",
        "osm_id": 7824965264,
        "emergency_capable": null
      },
      "geometry": {
        "type": "Point",
        "coordinates": [
          80.267569,
          13.074301
        ]
      }
    },
    {
      "type": "Feature",
      "properties": {
        "id": "OSM-NODE-7824965265",
        "name": "Kabeer Clinic",
        "resource_type": "clinic",
        "zone_id": "W18948",
        "source": "OpenStreetMap",
        "osm_type": "node",
        "osm_id": 7824965265,
        "emergency_capable": null
      },
      "geometry": {
        "type": "Point",
        "coordinates": [
          80.2693127,
          13.0756085
        ]
      }
    },
    {
      "type": "Feature",
      "properties": {
        "id": "OSM-NODE-7824965266",
        "name": "Ponmalligai Hospitals",
        "resource_type": "hospital",
        "zone_id": "W18986",
        "source": "OpenStreetMap",
        "osm_type": "node",
        "osm_id": 7824965266,
        "emergency_capable": null
      },
      "geometry": {
        "type": "Point",
        "coordinates": [
          80.2339377,
          13.0768584
        ]
      }
    },
    {
      "type": "Feature",
      "properties": {
        "id": "OSM-NODE-7825002779",
        "name": "V S Hospital",
        "resource_type": "hospital",
        "zone_id": "W18951",
        "source": "OpenStreetMap",
        "osm_type": "node",
        "osm_id": 7825002779,
        "emergency_capable": null
      },
      "geometry": {
        "type": "Point",
        "coordinates": [
          80.2236766,
          13.1216771
        ]
      }
    },
    {
      "type": "Feature",
      "properties": {
        "id": "OSM-NODE-7825002780",
        "name": "Kottakkal Arya Vaidya Sala Clinic",
        "resource_type": "clinic",
        "zone_id": "W18951",
        "source": "OpenStreetMap",
        "osm_type": "node",
        "osm_id": 7825002780,
        "emergency_capable": null
      },
      "geometry": {
        "type": "Point",
        "coordinates": [
          80.2212904,
          13.1244332
        ]
      }
    },
    {
      "type": "Feature",
      "properties": {
        "id": "OSM-NODE-7825002781",
        "name": "Iyyappa Multi Speciality Hospitals",
        "resource_type": "hospital",
        "zone_id": "W18930",
        "source": "OpenStreetMap",
        "osm_type": "node",
        "osm_id": 7825002781,
        "emergency_capable": null
      },
      "geometry": {
        "type": "Point",
        "coordinates": [
          80.2454243,
          13.1160443
        ]
      }
    },
    {
      "type": "Feature",
      "properties": {
        "id": "OSM-NODE-7825002782",
        "name": "GK Hospital",
        "resource_type": "hospital",
        "zone_id": "W18956",
        "source": "OpenStreetMap",
        "osm_type": "node",
        "osm_id": 7825002782,
        "emergency_capable": null
      },
      "geometry": {
        "type": "Point",
        "coordinates": [
          80.2394367,
          13.113594
        ]
      }
    },
    {
      "type": "Feature",
      "properties": {
        "id": "OSM-NODE-7825002784",
        "name": "Obg Health Point",
        "resource_type": "clinic",
        "zone_id": "W18954",
        "source": "OpenStreetMap",
        "osm_type": "node",
        "osm_id": 7825002784,
        "emergency_capable": null
      },
      "geometry": {
        "type": "Point",
        "coordinates": [
          80.2254809,
          13.1161848
        ]
      }
    },
    {
      "type": "Feature",
      "properties": {
        "id": "OSM-NODE-7825009785",
        "name": "Spectrum Pediatric Therapy",
        "resource_type": "clinic",
        "zone_id": "W18954",
        "source": "OpenStreetMap",
        "osm_type": "node",
        "osm_id": 7825009785,
        "emergency_capable": null
      },
      "geometry": {
        "type": "Point",
        "coordinates": [
          80.230222,
          13.1102844
        ]
      }
    },
    {
      "type": "Feature",
      "properties": {
        "id": "OSM-NODE-7825009786",
        "name": "Dr. Kleela Hospital",
        "resource_type": "hospital",
        "zone_id": "W18930",
        "source": "OpenStreetMap",
        "osm_type": "node",
        "osm_id": 7825009786,
        "emergency_capable": null
      },
      "geometry": {
        "type": "Point",
        "coordinates": [
          80.2457851,
          13.1155627
        ]
      }
    },
    {
      "type": "Feature",
      "properties": {
        "id": "OSM-NODE-7825009787",
        "name": "Bluemed Healthcare",
        "resource_type": "hospital",
        "zone_id": "W18952",
        "source": "OpenStreetMap",
        "osm_type": "node",
        "osm_id": 7825009787,
        "emergency_capable": null
      },
      "geometry": {
        "type": "Point",
        "coordinates": [
          80.2172747,
          13.1297562
        ]
      }
    },
    {
      "type": "Feature",
      "properties": {
        "id": "OSM-NODE-7825009788",
        "name": "Hiran Eye Retina Centre",
        "resource_type": "clinic",
        "zone_id": "W18954",
        "source": "OpenStreetMap",
        "osm_type": "node",
        "osm_id": 7825009788,
        "emergency_capable": null
      },
      "geometry": {
        "type": "Point",
        "coordinates": [
          80.2278922,
          13.1178155
        ]
      }
    },
    {
      "type": "Feature",
      "properties": {
        "id": "OSM-NODE-7825009789",
        "name": "Annai Eye Clinic",
        "resource_type": "clinic",
        "zone_id": "W18952",
        "source": "OpenStreetMap",
        "osm_type": "node",
        "osm_id": 7825009789,
        "emergency_capable": null
      },
      "geometry": {
        "type": "Point",
        "coordinates": [
          80.2197712,
          13.1262133
        ]
      }
    },
    {
      "type": "Feature",
      "properties": {
        "id": "OSM-NODE-7825009790",
        "name": "St. Joseph Cluny Hospital",
        "resource_type": "hospital",
        "zone_id": "W18954",
        "source": "OpenStreetMap",
        "osm_type": "node",
        "osm_id": 7825009790,
        "emergency_capable": null
      },
      "geometry": {
        "type": "Point",
        "coordinates": [
          80.2243993,
          13.1204837
        ]
      }
    },
    {
      "type": "Feature",
      "properties": {
        "id": "OSM-NODE-7825009791",
        "name": "GM Nursing Home",
        "resource_type": "clinic",
        "zone_id": "W18954",
        "source": "OpenStreetMap",
        "osm_type": "node",
        "osm_id": 7825009791,
        "emergency_capable": null
      },
      "geometry": {
        "type": "Point",
        "coordinates": [
          80.2239462,
          13.116713
        ]
      }
    },
    {
      "type": "Feature",
      "properties": {
        "id": "OSM-NODE-7825009792",
        "name": "Dr. A C Aruldas Hospital",
        "resource_type": "hospital",
        "zone_id": "W18956",
        "source": "OpenStreetMap",
        "osm_type": "node",
        "osm_id": 7825009792,
        "emergency_capable": null
      },
      "geometry": {
        "type": "Point",
        "coordinates": [
          80.2418486,
          13.1102652
        ]
      }
    },
    {
      "type": "Feature",
      "properties": {
        "id": "OSM-NODE-7825009793",
        "name": "Dr. Rao's Clinic",
        "resource_type": "clinic",
        "zone_id": "W18952",
        "source": "OpenStreetMap",
        "osm_type": "node",
        "osm_id": 7825009793,
        "emergency_capable": null
      },
      "geometry": {
        "type": "Point",
        "coordinates": [
          80.2161334,
          13.1293965
        ]
      }
    },
    {
      "type": "Feature",
      "properties": {
        "id": "OSM-NODE-7825009794",
        "name": "Child Care Clinic",
        "resource_type": "clinic",
        "zone_id": "W18951",
        "source": "OpenStreetMap",
        "osm_type": "node",
        "osm_id": 7825009794,
        "emergency_capable": null
      },
      "geometry": {
        "type": "Point",
        "coordinates": [
          80.2123936,
          13.1224029
        ]
      }
    },
    {
      "type": "Feature",
      "properties": {
        "id": "OSM-NODE-7825009795",
        "name": "G.R Clinic",
        "resource_type": "clinic",
        "zone_id": "W18954",
        "source": "OpenStreetMap",
        "osm_type": "node",
        "osm_id": 7825009795,
        "emergency_capable": null
      },
      "geometry": {
        "type": "Point",
        "coordinates": [
          80.2251062,
          13.1207062
        ]
      }
    },
    {
      "type": "Feature",
      "properties": {
        "id": "OSM-NODE-7825009796",
        "name": "Maayi Nursing Home",
        "resource_type": "clinic",
        "zone_id": "W18954",
        "source": "OpenStreetMap",
        "osm_type": "node",
        "osm_id": 7825009796,
        "emergency_capable": null
      },
      "geometry": {
        "type": "Point",
        "coordinates": [
          80.2286067,
          13.1175414
        ]
      }
    },
    {
      "type": "Feature",
      "properties": {
        "id": "OSM-NODE-7825009797",
        "name": "Bharathiraja Hospitals",
        "resource_type": "hospital",
        "zone_id": "W18952",
        "source": "OpenStreetMap",
        "osm_type": "node",
        "osm_id": 7825009797,
        "emergency_capable": null
      },
      "geometry": {
        "type": "Point",
        "coordinates": [
          80.216941,
          13.1300779
        ]
      }
    },
    {
      "type": "Feature",
      "properties": {
        "id": "OSM-NODE-7825009798",
        "name": "Kolathur Multi Speciality and Research Centre",
        "resource_type": "hospital",
        "zone_id": "W18951",
        "source": "OpenStreetMap",
        "osm_type": "node",
        "osm_id": 7825009798,
        "emergency_capable": null
      },
      "geometry": {
        "type": "Point",
        "coordinates": [
          80.2160951,
          13.1222839
        ]
      }
    },
    {
      "type": "Feature",
      "properties": {
        "id": "OSM-NODE-7825009799",
        "name": "Arul Childs Hospital",
        "resource_type": "hospital",
        "zone_id": "W18954",
        "source": "OpenStreetMap",
        "osm_type": "node",
        "osm_id": 7825009799,
        "emergency_capable": null
      },
      "geometry": {
        "type": "Point",
        "coordinates": [
          80.2258076,
          13.1185
        ]
      }
    },
    {
      "type": "Feature",
      "properties": {
        "id": "OSM-NODE-7825009800",
        "name": "American Dental Care",
        "resource_type": "clinic",
        "zone_id": "W18951",
        "source": "OpenStreetMap",
        "osm_type": "node",
        "osm_id": 7825009800,
        "emergency_capable": null
      },
      "geometry": {
        "type": "Point",
        "coordinates": [
          80.2174972,
          13.1272226
        ]
      }
    },
    {
      "type": "Feature",
      "properties": {
        "id": "OSM-NODE-7825009801",
        "name": "Jaya Eye Clinic",
        "resource_type": "clinic",
        "zone_id": "W18954",
        "source": "OpenStreetMap",
        "osm_type": "node",
        "osm_id": 7825009801,
        "emergency_capable": null
      },
      "geometry": {
        "type": "Point",
        "coordinates": [
          80.224138,
          13.116675
        ]
      }
    },
    {
      "type": "Feature",
      "properties": {
        "id": "OSM-NODE-7825009803",
        "name": "KCK Hospital",
        "resource_type": "hospital",
        "zone_id": "W18952",
        "source": "OpenStreetMap",
        "osm_type": "node",
        "osm_id": 7825009803,
        "emergency_capable": null
      },
      "geometry": {
        "type": "Point",
        "coordinates": [
          80.2159086,
          13.129071
        ]
      }
    },
    {
      "type": "Feature",
      "properties": {
        "id": "OSM-NODE-7825009805",
        "name": "Sugar Hospital",
        "resource_type": "hospital",
        "zone_id": "W18951",
        "source": "OpenStreetMap",
        "osm_type": "node",
        "osm_id": 7825009805,
        "emergency_capable": null
      },
      "geometry": {
        "type": "Point",
        "coordinates": [
          80.2236309,
          13.121994
        ]
      }
    },
    {
      "type": "Feature",
      "properties": {
        "id": "OSM-NODE-7825009807",
        "name": "Retteri Kumaran Hospital",
        "resource_type": "hospital",
        "zone_id": "W18951",
        "source": "OpenStreetMap",
        "osm_type": "node",
        "osm_id": 7825009807,
        "emergency_capable": null
      },
      "geometry": {
        "type": "Point",
        "coordinates": [
          80.214109,
          13.129869
        ]
      }
    },
    {
      "type": "Feature",
      "properties": {
        "id": "OSM-NODE-7825009809",
        "name": "Elangovan ENT Surgeon",
        "resource_type": "clinic",
        "zone_id": "W18954",
        "source": "OpenStreetMap",
        "osm_type": "node",
        "osm_id": 7825009809,
        "emergency_capable": null
      },
      "geometry": {
        "type": "Point",
        "coordinates": [
          80.2269961,
          13.1171076
        ]
      }
    },
    {
      "type": "Feature",
      "properties": {
        "id": "OSM-NODE-7825009813",
        "name": "Cure Plus Clinic",
        "resource_type": "clinic",
        "zone_id": "W18951",
        "source": "OpenStreetMap",
        "osm_type": "node",
        "osm_id": 7825009813,
        "emergency_capable": null
      },
      "geometry": {
        "type": "Point",
        "coordinates": [
          80.2191464,
          13.1260152
        ]
      }
    },
    {
      "type": "Feature",
      "properties": {
        "id": "OSM-NODE-7825009814",
        "name": "Sugam Ortho Clinic",
        "resource_type": "clinic",
        "zone_id": "W18951",
        "source": "OpenStreetMap",
        "osm_type": "node",
        "osm_id": 7825009814,
        "emergency_capable": null
      },
      "geometry": {
        "type": "Point",
        "coordinates": [
          80.2221769,
          13.12251
        ]
      }
    },
    {
      "type": "Feature",
      "properties": {
        "id": "OSM-NODE-7825009815",
        "name": "Government Hospital",
        "resource_type": "hospital",
        "zone_id": "W18955",
        "source": "OpenStreetMap",
        "osm_type": "node",
        "osm_id": 7825009815,
        "emergency_capable": null
      },
      "geometry": {
        "type": "Point",
        "coordinates": [
          80.2312849,
          13.1093369
        ]
      }
    },
    {
      "type": "Feature",
      "properties": {
        "id": "OSM-NODE-7825009816",
        "name": "K.H.M. Hospital",
        "resource_type": "hospital",
        "zone_id": "W18952",
        "source": "OpenStreetMap",
        "osm_type": "node",
        "osm_id": 7825009816,
        "emergency_capable": null
      },
      "geometry": {
        "type": "Point",
        "coordinates": [
          80.2152624,
          13.129327
        ]
      }
    },
    {
      "type": "Feature",
      "properties": {
        "id": "OSM-NODE-7825009817",
        "name": "Sankar Eye Hospital",
        "resource_type": "hospital",
        "zone_id": "W18956",
        "source": "OpenStreetMap",
        "osm_type": "node",
        "osm_id": 7825009817,
        "emergency_capable": null
      },
      "geometry": {
        "type": "Point",
        "coordinates": [
          80.2404022,
          13.1131038
        ]
      }
    },
    {
      "type": "Feature",
      "properties": {
        "id": "OSM-NODE-7825009818",
        "name": "Sendoor Clinic",
        "resource_type": "clinic",
        "zone_id": "W18954",
        "source": "OpenStreetMap",
        "osm_type": "node",
        "osm_id": 7825009818,
        "emergency_capable": null
      },
      "geometry": {
        "type": "Point",
        "coordinates": [
          80.2250502,
          13.116533
        ]
      }
    },
    {
      "type": "Feature",
      "properties": {
        "id": "OSM-NODE-7825009819",
        "name": "Niranjana Hospital",
        "resource_type": "hospital",
        "zone_id": "W18955",
        "source": "OpenStreetMap",
        "osm_type": "node",
        "osm_id": 7825009819,
        "emergency_capable": null
      },
      "geometry": {
        "type": "Point",
        "coordinates": [
          80.2244516,
          13.1101477
        ]
      }
    },
    {
      "type": "Feature",
      "properties": {
        "id": "OSM-NODE-7825009820",
        "name": "Parvatham Hospital",
        "resource_type": "hospital",
        "zone_id": "W18930",
        "source": "OpenStreetMap",
        "osm_type": "node",
        "osm_id": 7825009820,
        "emergency_capable": null
      },
      "geometry": {
        "type": "Point",
        "coordinates": [
          80.2441515,
          13.1148422
        ]
      }
    },
    {
      "type": "Feature",
      "properties": {
        "id": "OSM-NODE-7825009821",
        "name": "Akshita Speciality Clinic",
        "resource_type": "clinic",
        "zone_id": "W18951",
        "source": "OpenStreetMap",
        "osm_type": "node",
        "osm_id": 7825009821,
        "emergency_capable": null
      },
      "geometry": {
        "type": "Point",
        "coordinates": [
          80.2168565,
          13.1277489
        ]
      }
    },
    {
      "type": "Feature",
      "properties": {
        "id": "OSM-NODE-7825009823",
        "name": "U.S. Hospital",
        "resource_type": "hospital",
        "zone_id": "W18952",
        "source": "OpenStreetMap",
        "osm_type": "node",
        "osm_id": 7825009823,
        "emergency_capable": null
      },
      "geometry": {
        "type": "Point",
        "coordinates": [
          80.2192658,
          13.1263043
        ]
      }
    },
    {
      "type": "Feature",
      "properties": {
        "id": "OSM-NODE-7825009824",
        "name": "Bharani Hospital",
        "resource_type": "hospital",
        "zone_id": "W18956",
        "source": "OpenStreetMap",
        "osm_type": "node",
        "osm_id": 7825009824,
        "emergency_capable": null
      },
      "geometry": {
        "type": "Point",
        "coordinates": [
          80.2374461,
          13.1106227
        ]
      }
    },
    {
      "type": "Feature",
      "properties": {
        "id": "OSM-NODE-7825009825",
        "name": "GR Clinic",
        "resource_type": "clinic",
        "zone_id": "W18951",
        "source": "OpenStreetMap",
        "osm_type": "node",
        "osm_id": 7825009825,
        "emergency_capable": null
      },
      "geometry": {
        "type": "Point",
        "coordinates": [
          80.2210295,
          13.1220895
        ]
      }
    },
    {
      "type": "Feature",
      "properties": {
        "id": "OSM-NODE-7825009826",
        "name": "G K Clinic",
        "resource_type": "clinic",
        "zone_id": "W18951",
        "source": "OpenStreetMap",
        "osm_type": "node",
        "osm_id": 7825009826,
        "emergency_capable": null
      },
      "geometry": {
        "type": "Point",
        "coordinates": [
          80.218505,
          13.119731
        ]
      }
    },
    {
      "type": "Feature",
      "properties": {
        "id": "OSM-NODE-7953367285",
        "name": "OSM hospital",
        "resource_type": "hospital",
        "zone_id": "W18923",
        "source": "OpenStreetMap",
        "osm_type": "node",
        "osm_id": 7953367285,
        "emergency_capable": null
      },
      "geometry": {
        "type": "Point",
        "coordinates": [
          80.2606286,
          13.1183857
        ]
      }
    },
    {
      "type": "Feature",
      "properties": {
        "id": "OSM-NODE-7994867411",
        "name": "OSM police_station",
        "resource_type": "police_station",
        "zone_id": "W19053",
        "source": "OpenStreetMap",
        "osm_type": "node",
        "osm_id": 7994867411,
        "emergency_capable": null
      },
      "geometry": {
        "type": "Point",
        "coordinates": [
          80.186835,
          12.9738305
        ]
      }
    },
    {
      "type": "Feature",
      "properties": {
        "id": "OSM-NODE-8096280337",
        "name": "R10 MGR Nagar Police Station",
        "resource_type": "police_station",
        "zone_id": "W19024",
        "source": "OpenStreetMap",
        "osm_type": "node",
        "osm_id": 8096280337,
        "emergency_capable": null
      },
      "geometry": {
        "type": "Point",
        "coordinates": [
          80.2017034,
          13.0310886
        ]
      }
    },
    {
      "type": "Feature",
      "properties": {
        "id": "OSM-NODE-8099947735",
        "name": "K.M. Nursing Home",
        "resource_type": "hospital",
        "zone_id": "W19022",
        "source": "OpenStreetMap",
        "osm_type": "node",
        "osm_id": 8099947735,
        "emergency_capable": null
      },
      "geometry": {
        "type": "Point",
        "coordinates": [
          80.2013389,
          13.0371216
        ]
      }
    },
    {
      "type": "Feature",
      "properties": {
        "id": "OSM-NODE-8108467017",
        "name": "உழைப்பாளி மருத்துவமனை",
        "resource_type": "hospital",
        "zone_id": "W19015",
        "source": "OpenStreetMap",
        "osm_type": "node",
        "osm_id": 8108467017,
        "emergency_capable": null
      },
      "geometry": {
        "type": "Point",
        "coordinates": [
          80.2036274,
          13.0487242
        ]
      }
    },
    {
      "type": "Feature",
      "properties": {
        "id": "OSM-NODE-8108591031",
        "name": "KS Bone and Joint Clinic - Ortho",
        "resource_type": "hospital",
        "zone_id": "W19025",
        "source": "OpenStreetMap",
        "osm_type": "node",
        "osm_id": 8108591031,
        "emergency_capable": null
      },
      "geometry": {
        "type": "Point",
        "coordinates": [
          80.212368,
          13.026029
        ]
      }
    },
    {
      "type": "Feature",
      "properties": {
        "id": "OSM-NODE-8108600154",
        "name": "R6 Police Booth",
        "resource_type": "police_station",
        "zone_id": "W19025",
        "source": "OpenStreetMap",
        "osm_type": "node",
        "osm_id": 8108600154,
        "emergency_capable": null
      },
      "geometry": {
        "type": "Point",
        "coordinates": [
          80.2116238,
          13.026501
        ]
      }
    },
    {
      "type": "Feature",
      "properties": {
        "id": "OSM-NODE-8108613662",
        "name": "Veekays Pet Care Clinic",
        "resource_type": "clinic",
        "zone_id": "W19024",
        "source": "OpenStreetMap",
        "osm_type": "node",
        "osm_id": 8108613662,
        "emergency_capable": null
      },
      "geometry": {
        "type": "Point",
        "coordinates": [
          80.2085925,
          13.0290009
        ]
      }
    },
    {
      "type": "Feature",
      "properties": {
        "id": "OSM-NODE-8111861614",
        "name": "Shens Multi-Speciality Hospital",
        "resource_type": "hospital",
        "zone_id": "W19021",
        "source": "OpenStreetMap",
        "osm_type": "node",
        "osm_id": 8111861614,
        "emergency_capable": null
      },
      "geometry": {
        "type": "Point",
        "coordinates": [
          80.2103124,
          13.0318828
        ]
      }
    },
    {
      "type": "Feature",
      "properties": {
        "id": "OSM-NODE-8197934476",
        "name": "Sanjeevani Ayurvedic Hospital",
        "resource_type": "hospital",
        "zone_id": "W19083",
        "source": "OpenStreetMap",
        "osm_type": "node",
        "osm_id": 8197934476,
        "emergency_capable": null
      },
      "geometry": {
        "type": "Point",
        "coordinates": [
          80.2489789,
          12.9120483
        ]
      }
    },
    {
      "type": "Feature",
      "properties": {
        "id": "OSM-NODE-8261017892",
        "name": "Sham's Rheumatic Care Centre",
        "resource_type": "clinic",
        "zone_id": "W19022",
        "source": "OpenStreetMap",
        "osm_type": "node",
        "osm_id": 8261017892,
        "emergency_capable": null
      },
      "geometry": {
        "type": "Point",
        "coordinates": [
          80.2010012,
          13.0388056
        ]
      }
    },
    {
      "type": "Feature",
      "properties": {
        "id": "OSM-NODE-8495842126",
        "name": "OSM police_station",
        "resource_type": "police_station",
        "zone_id": "W19035",
        "source": "OpenStreetMap",
        "osm_type": "node",
        "osm_id": 8495842126,
        "emergency_capable": null
      },
      "geometry": {
        "type": "Point",
        "coordinates": [
          80.1828617,
          13.0504496
        ]
      }
    },
    {
      "type": "Feature",
      "properties": {
        "id": "OSM-NODE-8639896900",
        "name": "Prashanth Hospitals",
        "resource_type": "hospital",
        "zone_id": "W19063",
        "source": "OpenStreetMap",
        "osm_type": "node",
        "osm_id": 8639896900,
        "emergency_capable": null
      },
      "geometry": {
        "type": "Point",
        "coordinates": [
          80.2214698,
          12.9784544
        ]
      }
    },
    {
      "type": "Feature",
      "properties": {
        "id": "OSM-NODE-8645780209",
        "name": "Velachery Police Station",
        "resource_type": "police_station",
        "zone_id": "W19063",
        "source": "OpenStreetMap",
        "osm_type": "node",
        "osm_id": 8645780209,
        "emergency_capable": null
      },
      "geometry": {
        "type": "Point",
        "coordinates": [
          80.2209233,
          12.9809435
        ]
      }
    },
    {
      "type": "Feature",
      "properties": {
        "id": "OSM-NODE-8869350452",
        "name": "OSM hospital",
        "resource_type": "hospital",
        "zone_id": "W19036",
        "source": "OpenStreetMap",
        "osm_type": "node",
        "osm_id": 8869350452,
        "emergency_capable": null
      },
      "geometry": {
        "type": "Point",
        "coordinates": [
          80.1619363,
          13.0381458
        ]
      }
    },
    {
      "type": "Feature",
      "properties": {
        "id": "OSM-NODE-8935514615",
        "name": "Geri care hospital",
        "resource_type": "hospital",
        "zone_id": "W19019",
        "source": "OpenStreetMap",
        "osm_type": "node",
        "osm_id": 8935514615,
        "emergency_capable": null
      },
      "geometry": {
        "type": "Point",
        "coordinates": [
          80.2407095,
          13.0439323
        ]
      }
    },
    {
      "type": "Feature",
      "properties": {
        "id": "OSM-NODE-8979558602",
        "name": "Suguna Clinic",
        "resource_type": "clinic",
        "zone_id": "W18973",
        "source": "OpenStreetMap",
        "osm_type": "node",
        "osm_id": 8979558602,
        "emergency_capable": null
      },
      "geometry": {
        "type": "Point",
        "coordinates": [
          80.1855413,
          13.0946251
        ]
      }
    },
    {
      "type": "Feature",
      "properties": {
        "id": "OSM-NODE-8979558603",
        "name": "Mohan Clinic",
        "resource_type": "clinic",
        "zone_id": "W18973",
        "source": "OpenStreetMap",
        "osm_type": "node",
        "osm_id": 8979558603,
        "emergency_capable": null
      },
      "geometry": {
        "type": "Point",
        "coordinates": [
          80.1814241,
          13.095401
        ]
      }
    },
    {
      "type": "Feature",
      "properties": {
        "id": "OSM-NODE-9502013722",
        "name": "Government Mini Clinic",
        "resource_type": "clinic",
        "zone_id": "W19053",
        "source": "OpenStreetMap",
        "osm_type": "node",
        "osm_id": 9502013722,
        "emergency_capable": null
      },
      "geometry": {
        "type": "Point",
        "coordinates": [
          80.1811597,
          12.9780615
        ]
      }
    },
    {
      "type": "Feature",
      "properties": {
        "id": "OSM-NODE-9932743017",
        "name": "OSM clinic",
        "resource_type": "clinic",
        "zone_id": "W18974",
        "source": "OpenStreetMap",
        "osm_type": "node",
        "osm_id": 9932743017,
        "emergency_capable": null
      },
      "geometry": {
        "type": "Point",
        "coordinates": [
          80.1868929,
          13.1076382
        ]
      }
    },
    {
      "type": "Feature",
      "properties": {
        "id": "OSM-NODE-9980280804",
        "name": "Shreyas hospital",
        "resource_type": "hospital",
        "zone_id": "W18969",
        "source": "OpenStreetMap",
        "osm_type": "node",
        "osm_id": 9980280804,
        "emergency_capable": null
      },
      "geometry": {
        "type": "Point",
        "coordinates": [
          80.2014392,
          13.1266701
        ]
      }
    },
    {
      "type": "Feature",
      "properties": {
        "id": "OSM-NODE-10013621163",
        "name": "Trident medicare center",
        "resource_type": "clinic",
        "zone_id": "W18950",
        "source": "OpenStreetMap",
        "osm_type": "node",
        "osm_id": 10013621163,
        "emergency_capable": null
      },
      "geometry": {
        "type": "Point",
        "coordinates": [
          80.201478,
          13.1245764
        ]
      }
    },
    {
      "type": "Feature",
      "properties": {
        "id": "OSM-NODE-10208858002",
        "name": "Sri Lakshmi Clinic",
        "resource_type": "clinic",
        "zone_id": "W18942",
        "source": "OpenStreetMap",
        "osm_type": "node",
        "osm_id": 10208858002,
        "emergency_capable": null
      },
      "geometry": {
        "type": "Point",
        "coordinates": [
          80.2875876,
          13.0969386
        ]
      }
    },
    {
      "type": "Feature",
      "properties": {
        "id": "OSM-NODE-10261422409",
        "name": "Women And Children Foundation Hospital",
        "resource_type": "hospital",
        "zone_id": "W18951",
        "source": "OpenStreetMap",
        "osm_type": "node",
        "osm_id": 10261422409,
        "emergency_capable": null
      },
      "geometry": {
        "type": "Point",
        "coordinates": [
          80.2126037,
          13.1180276
        ]
      }
    },
    {
      "type": "Feature",
      "properties": {
        "id": "OSM-NODE-10271805421",
        "name": "Frame of Mind - SCARF Psychiatric Hospital",
        "resource_type": "hospital",
        "zone_id": "W18990",
        "source": "OpenStreetMap",
        "osm_type": "node",
        "osm_id": 10271805421,
        "emergency_capable": null
      },
      "geometry": {
        "type": "Point",
        "coordinates": [
          80.1982422,
          13.0972767
        ]
      }
    },
    {
      "type": "Feature",
      "properties": {
        "id": "OSM-NODE-10294576078",
        "name": "Vasantha Memorial Cancer Centre",
        "resource_type": "hospital",
        "zone_id": "W19021",
        "source": "OpenStreetMap",
        "osm_type": "node",
        "osm_id": 10294576078,
        "emergency_capable": null
      },
      "geometry": {
        "type": "Point",
        "coordinates": [
          80.2146876,
          13.040756
        ]
      }
    },
    {
      "type": "Feature",
      "properties": {
        "id": "OSM-NODE-10933682482",
        "name": "Kumaran Physiotherapy & Pain Relief Clinic",
        "resource_type": "clinic",
        "zone_id": "W18940",
        "source": "OpenStreetMap",
        "osm_type": "node",
        "osm_id": 10933682482,
        "emergency_capable": null
      },
      "geometry": {
        "type": "Point",
        "coordinates": [
          80.2799297,
          13.0974459
        ]
      }
    },
    {
      "type": "Feature",
      "properties": {
        "id": "OSM-NODE-10933682616",
        "name": "Mahaveer Health Care Services",
        "resource_type": "clinic",
        "zone_id": "W18940",
        "source": "OpenStreetMap",
        "osm_type": "node",
        "osm_id": 10933682616,
        "emergency_capable": null
      },
      "geometry": {
        "type": "Point",
        "coordinates": [
          80.279272,
          13.0965132
        ]
      }
    },
    {
      "type": "Feature",
      "properties": {
        "id": "OSM-NODE-10933806238",
        "name": "G.T. Clinic",
        "resource_type": "clinic",
        "zone_id": "W18940",
        "source": "OpenStreetMap",
        "osm_type": "node",
        "osm_id": 10933806238,
        "emergency_capable": null
      },
      "geometry": {
        "type": "Point",
        "coordinates": [
          80.2798213,
          13.0958069
        ]
      }
    },
    {
      "type": "Feature",
      "properties": {
        "id": "OSM-NODE-10948434909",
        "name": "OSM clinic",
        "resource_type": "clinic",
        "zone_id": "W18951",
        "source": "OpenStreetMap",
        "osm_type": "node",
        "osm_id": 10948434909,
        "emergency_capable": null
      },
      "geometry": {
        "type": "Point",
        "coordinates": [
          80.209299,
          13.1225226
        ]
      }
    },
    {
      "type": "Feature",
      "properties": {
        "id": "OSM-NODE-10967203527",
        "name": "Sakthi Clinic - Dr. B. Palani",
        "resource_type": "clinic",
        "zone_id": "W18941",
        "source": "OpenStreetMap",
        "osm_type": "node",
        "osm_id": 10967203527,
        "emergency_capable": null
      },
      "geometry": {
        "type": "Point",
        "coordinates": [
          80.2806005,
          13.0974018
        ]
      }
    },
    {
      "type": "Feature",
      "properties": {
        "id": "OSM-NODE-11162390408",
        "name": "Dr. Vijay's Hospital",
        "resource_type": "hospital",
        "zone_id": "W18978",
        "source": "OpenStreetMap",
        "osm_type": "node",
        "osm_id": 11162390408,
        "emergency_capable": null
      },
      "geometry": {
        "type": "Point",
        "coordinates": [
          80.1797716,
          13.0856699
        ]
      }
    },
    {
      "type": "Feature",
      "properties": {
        "id": "OSM-NODE-11397678677",
        "name": "Apollo Emergency Medical Centre",
        "resource_type": "clinic",
        "zone_id": "W18945",
        "source": "OpenStreetMap",
        "osm_type": "node",
        "osm_id": 11397678677,
        "emergency_capable": null
      },
      "geometry": {
        "type": "Point",
        "coordinates": [
          80.2752345,
          13.0826233
        ]
      }
    },
    {
      "type": "Feature",
      "properties": {
        "id": "OSM-NODE-11428732669",
        "name": "OSM clinic",
        "resource_type": "clinic",
        "zone_id": "W19060",
        "source": "OpenStreetMap",
        "osm_type": "node",
        "osm_id": 11428732669,
        "emergency_capable": null
      },
      "geometry": {
        "type": "Point",
        "coordinates": [
          80.2576709,
          13.0061507
        ]
      }
    },
    {
      "type": "Feature",
      "properties": {
        "id": "OSM-NODE-11468740371",
        "name": "SMF",
        "resource_type": "hospital",
        "zone_id": "W18972",
        "source": "OpenStreetMap",
        "osm_type": "node",
        "osm_id": 11468740371,
        "emergency_capable": null
      },
      "geometry": {
        "type": "Point",
        "coordinates": [
          80.1697458,
          13.0868727
        ]
      }
    },
    {
      "type": "Feature",
      "properties": {
        "id": "OSM-NODE-11679595256",
        "name": "Jananam fertility centre",
        "resource_type": "hospital",
        "zone_id": "W19078",
        "source": "OpenStreetMap",
        "osm_type": "node",
        "osm_id": 11679595256,
        "emergency_capable": null
      },
      "geometry": {
        "type": "Point",
        "coordinates": [
          80.2513405,
          12.9569147
        ]
      }
    },
    {
      "type": "Feature",
      "properties": {
        "id": "OSM-NODE-11804254199",
        "name": "Dental College & Hospital",
        "resource_type": "hospital",
        "zone_id": "W19086",
        "source": "OpenStreetMap",
        "osm_type": "node",
        "osm_id": 11804254199,
        "emergency_capable": false
      },
      "geometry": {
        "type": "Point",
        "coordinates": [
          80.2233736,
          12.8705153
        ]
      }
    },
    {
      "type": "Feature",
      "properties": {
        "id": "OSM-NODE-11834587522",
        "name": "Max Hair Clinic",
        "resource_type": "hospital",
        "zone_id": "W18999",
        "source": "OpenStreetMap",
        "osm_type": "node",
        "osm_id": 11834587522,
        "emergency_capable": null
      },
      "geometry": {
        "type": "Point",
        "coordinates": [
          80.2457435,
          13.0579691
        ]
      }
    },
    {
      "type": "Feature",
      "properties": {
        "id": "OSM-NODE-12146055740",
        "name": "Commissioner of Police office, Greater chennai Police",
        "resource_type": "hospital",
        "zone_id": "W18944",
        "source": "OpenStreetMap",
        "osm_type": "node",
        "osm_id": 12146055740,
        "emergency_capable": null
      },
      "geometry": {
        "type": "Point",
        "coordinates": [
          80.2631177,
          13.081276
        ]
      }
    },
    {
      "type": "Feature",
      "properties": {
        "id": "OSM-NODE-12169790434",
        "name": "Control Room",
        "resource_type": "police_station",
        "zone_id": "W18988",
        "source": "OpenStreetMap",
        "osm_type": "node",
        "osm_id": 12169790434,
        "emergency_capable": null
      },
      "geometry": {
        "type": "Point",
        "coordinates": [
          80.2182466,
          13.0848694
        ]
      }
    },
    {
      "type": "Feature",
      "properties": {
        "id": "OSM-NODE-12309122500",
        "name": "OSM shelter",
        "resource_type": "shelter",
        "zone_id": "W19059",
        "source": "OpenStreetMap",
        "osm_type": "node",
        "osm_id": 12309122500,
        "emergency_capable": null
      },
      "geometry": {
        "type": "Point",
        "coordinates": [
          80.2501228,
          13.0149056
        ]
      }
    },
    {
      "type": "Feature",
      "properties": {
        "id": "OSM-NODE-12309127101",
        "name": "OSM shelter",
        "resource_type": "shelter",
        "zone_id": "W19059",
        "source": "OpenStreetMap",
        "osm_type": "node",
        "osm_id": 12309127101,
        "emergency_capable": null
      },
      "geometry": {
        "type": "Point",
        "coordinates": [
          80.2497034,
          13.0154179
        ]
      }
    },
    {
      "type": "Feature",
      "properties": {
        "id": "OSM-NODE-12309127102",
        "name": "OSM shelter",
        "resource_type": "shelter",
        "zone_id": "W19059",
        "source": "OpenStreetMap",
        "osm_type": "node",
        "osm_id": 12309127102,
        "emergency_capable": null
      },
      "geometry": {
        "type": "Point",
        "coordinates": [
          80.249348,
          13.0151794
        ]
      }
    },
    {
      "type": "Feature",
      "properties": {
        "id": "OSM-NODE-12367559381",
        "name": "OSM hospital",
        "resource_type": "hospital",
        "zone_id": "W18964",
        "source": "OpenStreetMap",
        "osm_type": "node",
        "osm_id": 12367559381,
        "emergency_capable": null
      },
      "geometry": {
        "type": "Point",
        "coordinates": [
          80.2588062,
          13.0920988
        ]
      }
    },
    {
      "type": "Feature",
      "properties": {
        "id": "OSM-NODE-12378706312",
        "name": "Dr Bala's Skin clinic",
        "resource_type": "hospital",
        "zone_id": "W19051",
        "source": "OpenStreetMap",
        "osm_type": "node",
        "osm_id": 12378706312,
        "emergency_capable": null
      },
      "geometry": {
        "type": "Point",
        "coordinates": [
          80.2013573,
          12.9831959
        ]
      }
    },
    {
      "type": "Feature",
      "properties": {
        "id": "OSM-NODE-12458714111",
        "name": "Chinnus Blood Testing",
        "resource_type": "clinic",
        "zone_id": "W18889",
        "source": "OpenStreetMap",
        "osm_type": "node",
        "osm_id": 12458714111,
        "emergency_capable": null
      },
      "geometry": {
        "type": "Point",
        "coordinates": [
          80.3147634,
          13.1889086
        ]
      }
    },
    {
      "type": "Feature",
      "properties": {
        "id": "OSM-NODE-12458725759",
        "name": "RG Clinic",
        "resource_type": "clinic",
        "zone_id": "W18891",
        "source": "OpenStreetMap",
        "osm_type": "node",
        "osm_id": 12458725759,
        "emergency_capable": null
      },
      "geometry": {
        "type": "Point",
        "coordinates": [
          80.3153353,
          13.1881126
        ]
      }
    },
    {
      "type": "Feature",
      "properties": {
        "id": "OSM-NODE-12458756392",
        "name": "RG Clinic Diabetologist",
        "resource_type": "clinic",
        "zone_id": "W18891",
        "source": "OpenStreetMap",
        "osm_type": "node",
        "osm_id": 12458756392,
        "emergency_capable": null
      },
      "geometry": {
        "type": "Point",
        "coordinates": [
          80.3150883,
          13.1877986
        ]
      }
    },
    {
      "type": "Feature",
      "properties": {
        "id": "OSM-NODE-12459049285",
        "name": "M5 Ennore Police Booth",
        "resource_type": "police_station",
        "zone_id": "W18890",
        "source": "OpenStreetMap",
        "osm_type": "node",
        "osm_id": 12459049285,
        "emergency_capable": null
      },
      "geometry": {
        "type": "Point",
        "coordinates": [
          80.3076057,
          13.1864179
        ]
      }
    },
    {
      "type": "Feature",
      "properties": {
        "id": "OSM-NODE-12548054602",
        "name": "The Hive Fertility Centre",
        "resource_type": "clinic",
        "zone_id": "W18947",
        "source": "OpenStreetMap",
        "osm_type": "node",
        "osm_id": 12548054602,
        "emergency_capable": null
      },
      "geometry": {
        "type": "Point",
        "coordinates": [
          80.2524798,
          13.0728153
        ]
      }
    },
    {
      "type": "Feature",
      "properties": {
        "id": "OSM-NODE-12560767886",
        "name": "OSM hospital",
        "resource_type": "hospital",
        "zone_id": "W19053",
        "source": "OpenStreetMap",
        "osm_type": "node",
        "osm_id": 12560767886,
        "emergency_capable": null
      },
      "geometry": {
        "type": "Point",
        "coordinates": [
          80.1871116,
          12.9809491
        ]
      }
    },
    {
      "type": "Feature",
      "properties": {
        "id": "OSM-NODE-12581525295",
        "name": "Meridian Hospitals",
        "resource_type": "hospital",
        "zone_id": "W18916",
        "source": "OpenStreetMap",
        "osm_type": "node",
        "osm_id": 12581525295,
        "emergency_capable": null
      },
      "geometry": {
        "type": "Point",
        "coordinates": [
          80.2157688,
          13.1363242
        ]
      }
    },
    {
      "type": "Feature",
      "properties": {
        "id": "OSM-NODE-12581658601",
        "name": "St Anthony's Hospital",
        "resource_type": "hospital",
        "zone_id": "W18914",
        "source": "OpenStreetMap",
        "osm_type": "node",
        "osm_id": 12581658601,
        "emergency_capable": null
      },
      "geometry": {
        "type": "Point",
        "coordinates": [
          80.2377389,
          13.1396018
        ]
      }
    },
    {
      "type": "Feature",
      "properties": {
        "id": "OSM-NODE-12619467462",
        "name": "Vadivelu Hospital",
        "resource_type": "hospital",
        "zone_id": "W18956",
        "source": "OpenStreetMap",
        "osm_type": "node",
        "osm_id": 12619467462,
        "emergency_capable": null
      },
      "geometry": {
        "type": "Point",
        "coordinates": [
          80.2400853,
          13.1002212
        ]
      }
    },
    {
      "type": "Feature",
      "properties": {
        "id": "OSM-NODE-12640713376",
        "name": "Capstone Clinic",
        "resource_type": "clinic",
        "zone_id": "W18999",
        "source": "OpenStreetMap",
        "osm_type": "node",
        "osm_id": 12640713376,
        "emergency_capable": null
      },
      "geometry": {
        "type": "Point",
        "coordinates": [
          80.2435995,
          13.0531057
        ]
      }
    },
    {
      "type": "Feature",
      "properties": {
        "id": "OSM-NODE-13096237915",
        "name": "Iswarya Fertility Center",
        "resource_type": "hospital",
        "zone_id": "W19059",
        "source": "OpenStreetMap",
        "osm_type": "node",
        "osm_id": 13096237915,
        "emergency_capable": null
      },
      "geometry": {
        "type": "Point",
        "coordinates": [
          80.2504829,
          13.0064894
        ]
      }
    },
    {
      "type": "Feature",
      "properties": {
        "id": "OSM-NODE-13127975757",
        "name": "Srinagar colony police booth",
        "resource_type": "police_station",
        "zone_id": "W92159",
        "source": "OpenStreetMap",
        "osm_type": "node",
        "osm_id": 13127975757,
        "emergency_capable": null
      },
      "geometry": {
        "type": "Point",
        "coordinates": [
          80.2272456,
          13.0125062
        ]
      }
    },
    {
      "type": "Feature",
      "properties": {
        "id": "OSM-NODE-13142131701",
        "name": "Dr Abirami's skincare clinic",
        "resource_type": "clinic",
        "zone_id": "W92159",
        "source": "OpenStreetMap",
        "osm_type": "node",
        "osm_id": 13142131701,
        "emergency_capable": null
      },
      "geometry": {
        "type": "Point",
        "coordinates": [
          80.2307333,
          13.0149516
        ]
      }
    },
    {
      "type": "Feature",
      "properties": {
        "id": "OSM-NODE-13155026101",
        "name": "Good Shepard hospital",
        "resource_type": "hospital",
        "zone_id": "W19064",
        "source": "OpenStreetMap",
        "osm_type": "node",
        "osm_id": 13155026101,
        "emergency_capable": null
      },
      "geometry": {
        "type": "Point",
        "coordinates": [
          80.2343492,
          12.9810842
        ]
      }
    },
    {
      "type": "Feature",
      "properties": {
        "id": "OSM-NODE-13401498982",
        "name": "SRI CHAKRA SCANS",
        "resource_type": "clinic",
        "zone_id": "W18951",
        "source": "OpenStreetMap",
        "osm_type": "node",
        "osm_id": 13401498982,
        "emergency_capable": null
      },
      "geometry": {
        "type": "Point",
        "coordinates": [
          80.2145746,
          13.1295572
        ]
      }
    },
    {
      "type": "Feature",
      "properties": {
        "id": "OSM-NODE-13694295601",
        "name": "Palaniappa Hospital",
        "resource_type": "hospital",
        "zone_id": "W19041",
        "source": "OpenStreetMap",
        "osm_type": "node",
        "osm_id": 13694295601,
        "emergency_capable": null
      },
      "geometry": {
        "type": "Point",
        "coordinates": [
          80.1832531,
          13.0275517
        ]
      }
    },
    {
      "type": "Feature",
      "properties": {
        "id": "OSM-NODE-13738124430",
        "name": "Vee Kay",
        "resource_type": "clinic",
        "zone_id": "W18962",
        "source": "OpenStreetMap",
        "osm_type": "node",
        "osm_id": 13738124430,
        "emergency_capable": null
      },
      "geometry": {
        "type": "Point",
        "coordinates": [
          80.2592225,
          13.0967132
        ]
      }
    },
    {
      "type": "Feature",
      "properties": {
        "id": "OSM-NODE-13928250805",
        "name": "Public Food Shelter",
        "resource_type": "shelter",
        "zone_id": "W18972",
        "source": "OpenStreetMap",
        "osm_type": "node",
        "osm_id": 13928250805,
        "emergency_capable": null
      },
      "geometry": {
        "type": "Point",
        "coordinates": [
          80.159411,
          13.0935139
        ]
      }
    },
    {
      "type": "Feature",
      "properties": {
        "id": "OSM-NODE-13994416401",
        "name": "Deepam Medfirst Hospital",
        "resource_type": "hospital",
        "zone_id": "W19076",
        "source": "OpenStreetMap",
        "osm_type": "node",
        "osm_id": 13994416401,
        "emergency_capable": null
      },
      "geometry": {
        "type": "Point",
        "coordinates": [
          80.2033854,
          12.9316216
        ]
      }
    },
    {
      "type": "Feature",
      "properties": {
        "id": "OSM-NODE-14007810701",
        "name": "Sudar Medical Centre",
        "resource_type": "clinic",
        "zone_id": "W19023",
        "source": "OpenStreetMap",
        "osm_type": "node",
        "osm_id": 14007810701,
        "emergency_capable": null
      },
      "geometry": {
        "type": "Point",
        "coordinates": [
          80.1951197,
          13.0414947
        ]
      }
    },
    {
      "type": "Feature",
      "properties": {
        "id": "OSM-NODE-14045662234",
        "name": "Jeevan Clinic",
        "resource_type": "clinic",
        "zone_id": "W19058",
        "source": "OpenStreetMap",
        "osm_type": "node",
        "osm_id": 14045662234,
        "emergency_capable": null
      },
      "geometry": {
        "type": "Point",
        "coordinates": [
          80.2173524,
          12.9878169
        ]
      }
    },
    {
      "type": "Feature",
      "properties": {
        "id": "OSM-NODE-14049890108",
        "name": "Arunai Clinic",
        "resource_type": "clinic",
        "zone_id": "W19061",
        "source": "OpenStreetMap",
        "osm_type": "node",
        "osm_id": 14049890108,
        "emergency_capable": null
      },
      "geometry": {
        "type": "Point",
        "coordinates": [
          80.2115352,
          12.9899507
        ]
      }
    },
    {
      "type": "Feature",
      "properties": {
        "id": "OSM-NODE-14059867401",
        "name": "Sri Raghavendra Hospital (sidha)",
        "resource_type": "hospital",
        "zone_id": "W18928",
        "source": "OpenStreetMap",
        "osm_type": "node",
        "osm_id": 14059867401,
        "emergency_capable": null
      },
      "geometry": {
        "type": "Point",
        "coordinates": [
          80.2873329,
          13.1241668
        ]
      }
    },
    {
      "type": "Feature",
      "properties": {
        "id": "OSM-NODE-14059898301",
        "name": "Ayanavaram 24 hours hospital",
        "resource_type": "hospital",
        "zone_id": "W18982",
        "source": "OpenStreetMap",
        "osm_type": "node",
        "osm_id": 14059898301,
        "emergency_capable": null
      },
      "geometry": {
        "type": "Point",
        "coordinates": [
          80.2336168,
          13.0986843
        ]
      }
    },
    {
      "type": "Feature",
      "properties": {
        "id": "OSM-NODE-14066727702",
        "name": "K2 Police Station, Ayanavaram",
        "resource_type": "police_station",
        "zone_id": "W18984",
        "source": "OpenStreetMap",
        "osm_type": "node",
        "osm_id": 14066727702,
        "emergency_capable": null
      },
      "geometry": {
        "type": "Point",
        "coordinates": [
          80.2409682,
          13.093795
        ]
      }
    },
    {
      "type": "Feature",
      "properties": {
        "id": "OSM-NODE-14067751968",
        "name": "R-5 Virugambakkam Police Station",
        "resource_type": "police_station",
        "zone_id": "W19015",
        "source": "OpenStreetMap",
        "osm_type": "node",
        "osm_id": 14067751968,
        "emergency_capable": null
      },
      "geometry": {
        "type": "Point",
        "coordinates": [
          80.1995238,
          13.0571823
        ]
      }
    },
    {
      "type": "Feature",
      "properties": {
        "id": "OSM-NODE-14105458201",
        "name": "Helios Advanced Skin Hair & Laser Clinic Pvt Ltd",
        "resource_type": "hospital",
        "zone_id": "W19009",
        "source": "OpenStreetMap",
        "osm_type": "node",
        "osm_id": 14105458201,
        "emergency_capable": null
      },
      "geometry": {
        "type": "Point",
        "coordinates": [
          80.2547353,
          13.0347504
        ]
      }
    },
    {
      "type": "Feature",
      "properties": {
        "id": "OSM-NODE-14119518430",
        "name": "Sre Sai Speciality Clinic",
        "resource_type": "clinic",
        "zone_id": "W19004",
        "source": "OpenStreetMap",
        "osm_type": "node",
        "osm_id": 14119518430,
        "emergency_capable": null
      },
      "geometry": {
        "type": "Point",
        "coordinates": [
          80.2541971,
          13.0391737
        ]
      }
    },
    {
      "type": "Feature",
      "properties": {
        "id": "OSM-NODE-14121893948",
        "name": "E-3 Teynampet Police Help Station",
        "resource_type": "police_station",
        "zone_id": "W19004",
        "source": "OpenStreetMap",
        "osm_type": "node",
        "osm_id": 14121893948,
        "emergency_capable": null
      },
      "geometry": {
        "type": "Point",
        "coordinates": [
          80.2503552,
          13.0412543
        ]
      }
    },
    {
      "type": "Feature",
      "properties": {
        "id": "OSM-NODE-14196861801",
        "name": "Bahola Labs",
        "resource_type": "clinic",
        "zone_id": "W19065",
        "source": "OpenStreetMap",
        "osm_type": "node",
        "osm_id": 14196861801,
        "emergency_capable": null
      },
      "geometry": {
        "type": "Point",
        "coordinates": [
          80.2643301,
          12.9957516
        ]
      }
    },
    {
      "type": "Feature",
      "properties": {
        "id": "OSM-WAY-27618339",
        "name": "Rajiv Gandhi Government General Hospital",
        "resource_type": "hospital",
        "zone_id": "W18945",
        "source": "OpenStreetMap",
        "osm_type": "way",
        "osm_id": 27618339,
        "emergency_capable": null
      },
      "geometry": {
        "type": "Point",
        "coordinates": [
          80.2773284,
          13.0808972
        ]
      }
    },
    {
      "type": "Feature",
      "properties": {
        "id": "OSM-WAY-28275720",
        "name": "OSM shelter",
        "resource_type": "shelter",
        "zone_id": "W18945",
        "source": "OpenStreetMap",
        "osm_type": "way",
        "osm_id": 28275720,
        "emergency_capable": null
      },
      "geometry": {
        "type": "Point",
        "coordinates": [
          80.2838455,
          13.0874451
        ]
      }
    },
    {
      "type": "Feature",
      "properties": {
        "id": "OSM-WAY-28345285",
        "name": "Stanley Medical College and Hospital",
        "resource_type": "hospital",
        "zone_id": "W18938",
        "source": "OpenStreetMap",
        "osm_type": "way",
        "osm_id": 28345285,
        "emergency_capable": null
      },
      "geometry": {
        "type": "Point",
        "coordinates": [
          80.2841452,
          13.1063871
        ]
      }
    },
    {
      "type": "Feature",
      "properties": {
        "id": "OSM-WAY-28404807",
        "name": "OSM hospital",
        "resource_type": "hospital",
        "zone_id": "W19058",
        "source": "OpenStreetMap",
        "osm_type": "way",
        "osm_id": 28404807,
        "emergency_capable": null
      },
      "geometry": {
        "type": "Point",
        "coordinates": [
          80.2396935,
          13.005416
        ]
      }
    },
    {
      "type": "Feature",
      "properties": {
        "id": "OSM-WAY-28493363",
        "name": "Sri Ramachandra Institute of Higher Education and Research",
        "resource_type": "hospital",
        "zone_id": "W19036",
        "source": "OpenStreetMap",
        "osm_type": "way",
        "osm_id": 28493363,
        "emergency_capable": true
      },
      "geometry": {
        "type": "Point",
        "coordinates": [
          80.1425261,
          13.0410329
        ]
      }
    },
    {
      "type": "Feature",
      "properties": {
        "id": "OSM-WAY-29046387",
        "name": "Tt Ranganathan Clinical Research Foundation",
        "resource_type": "hospital",
        "zone_id": "W19059",
        "source": "OpenStreetMap",
        "osm_type": "way",
        "osm_id": 29046387,
        "emergency_capable": null
      },
      "geometry": {
        "type": "Point",
        "coordinates": [
          80.2550102,
          12.9923667
        ]
      }
    },
    {
      "type": "Feature",
      "properties": {
        "id": "OSM-WAY-29046742",
        "name": "IMPCOPS Traditional Hospital",
        "resource_type": "hospital",
        "zone_id": "W19065",
        "source": "OpenStreetMap",
        "osm_type": "way",
        "osm_id": 29046742,
        "emergency_capable": null
      },
      "geometry": {
        "type": "Point",
        "coordinates": [
          80.2572794,
          12.9930805
        ]
      }
    },
    {
      "type": "Feature",
      "properties": {
        "id": "OSM-WAY-29116157",
        "name": "Egmore Eye Hospital",
        "resource_type": "hospital",
        "zone_id": "W18947",
        "source": "OpenStreetMap",
        "osm_type": "way",
        "osm_id": 29116157,
        "emergency_capable": null
      },
      "geometry": {
        "type": "Point",
        "coordinates": [
          80.2599829,
          13.0702235
        ]
      }
    },
    {
      "type": "Feature",
      "properties": {
        "id": "OSM-WAY-30973308",
        "name": "ESI Hospital",
        "resource_type": "hospital",
        "zone_id": "W18984",
        "source": "OpenStreetMap",
        "osm_type": "way",
        "osm_id": 30973308,
        "emergency_capable": null
      },
      "geometry": {
        "type": "Point",
        "coordinates": [
          80.2397713,
          13.0950575
        ]
      }
    },
    {
      "type": "Feature",
      "properties": {
        "id": "OSM-WAY-32686766",
        "name": "King's Institute of Preventive Medicine & Research",
        "resource_type": "hospital",
        "zone_id": "W92158",
        "source": "OpenStreetMap",
        "osm_type": "way",
        "osm_id": 32686766,
        "emergency_capable": null
      },
      "geometry": {
        "type": "Point",
        "coordinates": [
          80.2172865,
          13.0143958
        ]
      }
    },
    {
      "type": "Feature",
      "properties": {
        "id": "OSM-WAY-34097016",
        "name": "Communicable Diseases Hospital",
        "resource_type": "hospital",
        "zone_id": "W18929",
        "source": "OpenStreetMap",
        "osm_type": "way",
        "osm_id": 34097016,
        "emergency_capable": null
      },
      "geometry": {
        "type": "Point",
        "coordinates": [
          80.2925206,
          13.1287163
        ]
      }
    },
    {
      "type": "Feature",
      "properties": {
        "id": "OSM-WAY-35312695",
        "name": "புனித இஸ்பேல் மருத்துவமனை",
        "resource_type": "hospital",
        "zone_id": "W19009",
        "source": "OpenStreetMap",
        "osm_type": "way",
        "osm_id": 35312695,
        "emergency_capable": null
      },
      "geometry": {
        "type": "Point",
        "coordinates": [
          80.2622475,
          13.0384509
        ]
      }
    },
    {
      "type": "Feature",
      "properties": {
        "id": "OSM-WAY-47416302",
        "name": "Stanley Medical College and Hospital",
        "resource_type": "hospital",
        "zone_id": "W18941",
        "source": "OpenStreetMap",
        "osm_type": "way",
        "osm_id": 47416302,
        "emergency_capable": null
      },
      "geometry": {
        "type": "Point",
        "coordinates": [
          80.283195,
          13.1042167
        ]
      }
    },
    {
      "type": "Feature",
      "properties": {
        "id": "OSM-WAY-48737654",
        "name": "OSM hospital",
        "resource_type": "hospital",
        "zone_id": "W18960",
        "source": "OpenStreetMap",
        "osm_type": "way",
        "osm_id": 48737654,
        "emergency_capable": null
      },
      "geometry": {
        "type": "Point",
        "coordinates": [
          80.2457004,
          13.0978041
        ]
      }
    },
    {
      "type": "Feature",
      "properties": {
        "id": "OSM-WAY-48741356",
        "name": "ICF Hospital",
        "resource_type": "hospital",
        "zone_id": "W18981",
        "source": "OpenStreetMap",
        "osm_type": "way",
        "osm_id": 48741356,
        "emergency_capable": null
      },
      "geometry": {
        "type": "Point",
        "coordinates": [
          80.2138748,
          13.0998913
        ]
      }
    },
    {
      "type": "Feature",
      "properties": {
        "id": "OSM-WAY-48753841",
        "name": "Anna Nagar Government Hospital",
        "resource_type": "hospital",
        "zone_id": "W18988",
        "source": "OpenStreetMap",
        "osm_type": "way",
        "osm_id": 48753841,
        "emergency_capable": null
      },
      "geometry": {
        "type": "Point",
        "coordinates": [
          80.2197148,
          13.0954447
        ]
      }
    },
    {
      "type": "Feature",
      "properties": {
        "id": "OSM-WAY-59359967",
        "name": "OSM hospital",
        "resource_type": "hospital",
        "zone_id": "W18984",
        "source": "OpenStreetMap",
        "osm_type": "way",
        "osm_id": 59359967,
        "emergency_capable": null
      },
      "geometry": {
        "type": "Point",
        "coordinates": [
          80.2403777,
          13.0933659
        ]
      }
    },
    {
      "type": "Feature",
      "properties": {
        "id": "OSM-WAY-100857284",
        "name": "அறிஞர் அண்ணா அரசு இந்திய,மருத்துவமனை,அரும்பாக்கம்,சென்னை-106",
        "resource_type": "hospital",
        "zone_id": "W18988",
        "source": "OpenStreetMap",
        "osm_type": "way",
        "osm_id": 100857284,
        "emergency_capable": null
      },
      "geometry": {
        "type": "Point",
        "coordinates": [
          80.2187728,
          13.0772596
        ]
      }
    },
    {
      "type": "Feature",
      "properties": {
        "id": "OSM-WAY-125180726",
        "name": "Govt Peripheral Hospital KK Nagar",
        "resource_type": "hospital",
        "zone_id": "W19024",
        "source": "OpenStreetMap",
        "osm_type": "way",
        "osm_id": 125180726,
        "emergency_capable": null
      },
      "geometry": {
        "type": "Point",
        "coordinates": [
          80.2078405,
          13.034006
        ]
      }
    },
    {
      "type": "Feature",
      "properties": {
        "id": "OSM-WAY-131961841",
        "name": "Ayurveda Hospital",
        "resource_type": "hospital",
        "zone_id": "W92160",
        "source": "OpenStreetMap",
        "osm_type": "way",
        "osm_id": 131961841,
        "emergency_capable": null
      },
      "geometry": {
        "type": "Point",
        "coordinates": [
          80.2601162,
          12.9705162
        ]
      }
    },
    {
      "type": "Feature",
      "properties": {
        "id": "OSM-WAY-132073184",
        "name": "Apollo Hospital",
        "resource_type": "hospital",
        "zone_id": "W92161",
        "source": "OpenStreetMap",
        "osm_type": "way",
        "osm_id": 132073184,
        "emergency_capable": true
      },
      "geometry": {
        "type": "Point",
        "coordinates": [
          80.2457399,
          12.9630574
        ]
      }
    },
    {
      "type": "Feature",
      "properties": {
        "id": "OSM-WAY-133862451",
        "name": "Prashanth Hospitals",
        "resource_type": "hospital",
        "zone_id": "W18994",
        "source": "OpenStreetMap",
        "osm_type": "way",
        "osm_id": 133862451,
        "emergency_capable": true
      },
      "geometry": {
        "type": "Point",
        "coordinates": [
          80.2363218,
          13.0695736
        ]
      }
    },
    {
      "type": "Feature",
      "properties": {
        "id": "OSM-WAY-156240637",
        "name": "Udhi Eye Hospitals",
        "resource_type": "hospital",
        "zone_id": "W19004",
        "source": "OpenStreetMap",
        "osm_type": "way",
        "osm_id": 156240637,
        "emergency_capable": null
      },
      "geometry": {
        "type": "Point",
        "coordinates": [
          80.2571596,
          13.0391602
        ]
      }
    },
    {
      "type": "Feature",
      "properties": {
        "id": "OSM-WAY-156250603",
        "name": "Agarwal Eye Hospital",
        "resource_type": "hospital",
        "zone_id": "W19004",
        "source": "OpenStreetMap",
        "osm_type": "way",
        "osm_id": 156250603,
        "emergency_capable": null
      },
      "geometry": {
        "type": "Point",
        "coordinates": [
          80.2557204,
          13.0460706
        ]
      }
    },
    {
      "type": "Feature",
      "properties": {
        "id": "OSM-WAY-156250608",
        "name": "Aswene Soundarya Hospital",
        "resource_type": "hospital",
        "zone_id": "W19004",
        "source": "OpenStreetMap",
        "osm_type": "way",
        "osm_id": 156250608,
        "emergency_capable": null
      },
      "geometry": {
        "type": "Point",
        "coordinates": [
          80.256162,
          13.044707
        ]
      }
    },
    {
      "type": "Feature",
      "properties": {
        "id": "OSM-WAY-170104584",
        "name": "Global Hospitals",
        "resource_type": "hospital",
        "zone_id": "W19059",
        "source": "OpenStreetMap",
        "osm_type": "way",
        "osm_id": 170104584,
        "emergency_capable": null
      },
      "geometry": {
        "type": "Point",
        "coordinates": [
          80.2515183,
          13.0098114
        ]
      }
    },
    {
      "type": "Feature",
      "properties": {
        "id": "OSM-WAY-178747899",
        "name": "Government Rsrm Lying Hospital",
        "resource_type": "hospital",
        "zone_id": "W18937",
        "source": "OpenStreetMap",
        "osm_type": "way",
        "osm_id": 178747899,
        "emergency_capable": null
      },
      "geometry": {
        "type": "Point",
        "coordinates": [
          80.288719,
          13.1090673
        ]
      }
    },
    {
      "type": "Feature",
      "properties": {
        "id": "OSM-WAY-181579506",
        "name": "Health Centre",
        "resource_type": "hospital",
        "zone_id": "W92159",
        "source": "OpenStreetMap",
        "osm_type": "way",
        "osm_id": 181579506,
        "emergency_capable": null
      },
      "geometry": {
        "type": "Point",
        "coordinates": [
          80.2393232,
          13.0136347
        ]
      }
    },
    {
      "type": "Feature",
      "properties": {
        "id": "OSM-WAY-188445646",
        "name": "Apollo Clinic & Pharmacy",
        "resource_type": "hospital",
        "zone_id": "W19009",
        "source": "OpenStreetMap",
        "osm_type": "way",
        "osm_id": 188445646,
        "emergency_capable": null
      },
      "geometry": {
        "type": "Point",
        "coordinates": [
          80.2572646,
          13.0360972
        ]
      }
    },
    {
      "type": "Feature",
      "properties": {
        "id": "OSM-WAY-208569725",
        "name": "Mylapore E1 PS",
        "resource_type": "police_station",
        "zone_id": "W19010",
        "source": "OpenStreetMap",
        "osm_type": "way",
        "osm_id": 208569725,
        "emergency_capable": null
      },
      "geometry": {
        "type": "Point",
        "coordinates": [
          80.2701421,
          13.0359873
        ]
      }
    },
    {
      "type": "Feature",
      "properties": {
        "id": "OSM-WAY-209413524",
        "name": "Trinity Acute Care",
        "resource_type": "hospital",
        "zone_id": "W19009",
        "source": "OpenStreetMap",
        "osm_type": "way",
        "osm_id": 209413524,
        "emergency_capable": null
      },
      "geometry": {
        "type": "Point",
        "coordinates": [
          80.2578675,
          13.0385579
        ]
      }
    },
    {
      "type": "Feature",
      "properties": {
        "id": "OSM-WAY-209546207",
        "name": "Sankara Nethralaya",
        "resource_type": "hospital",
        "zone_id": "W18997",
        "source": "OpenStreetMap",
        "osm_type": "way",
        "osm_id": 209546207,
        "emergency_capable": null
      },
      "geometry": {
        "type": "Point",
        "coordinates": [
          80.2493986,
          13.0667961
        ]
      }
    },
    {
      "type": "Feature",
      "properties": {
        "id": "OSM-WAY-211260239",
        "name": "Apollo Hospital",
        "resource_type": "hospital",
        "zone_id": "W18997",
        "source": "OpenStreetMap",
        "osm_type": "way",
        "osm_id": 211260239,
        "emergency_capable": null
      },
      "geometry": {
        "type": "Point",
        "coordinates": [
          80.2515186,
          13.0631198
        ]
      }
    },
    {
      "type": "Feature",
      "properties": {
        "id": "OSM-WAY-211274279",
        "name": "CSI Kalyani Hospital",
        "resource_type": "hospital",
        "zone_id": "W19007",
        "source": "OpenStreetMap",
        "osm_type": "way",
        "osm_id": 211274279,
        "emergency_capable": null
      },
      "geometry": {
        "type": "Point",
        "coordinates": [
          80.2724017,
          13.0433307
        ]
      }
    },
    {
      "type": "Feature",
      "properties": {
        "id": "OSM-WAY-211274291",
        "name": "OSM fire_station",
        "resource_type": "fire_station",
        "zone_id": "W19011",
        "source": "OpenStreetMap",
        "osm_type": "way",
        "osm_id": 211274291,
        "emergency_capable": null
      },
      "geometry": {
        "type": "Point",
        "coordinates": [
          80.2777191,
          13.0429393
        ]
      }
    },
    {
      "type": "Feature",
      "properties": {
        "id": "OSM-WAY-211423255",
        "name": "EV Kalyani Hospital",
        "resource_type": "hospital",
        "zone_id": "W19007",
        "source": "OpenStreetMap",
        "osm_type": "way",
        "osm_id": 211423255,
        "emergency_capable": null
      },
      "geometry": {
        "type": "Point",
        "coordinates": [
          80.2709401,
          13.0423476
        ]
      }
    },
    {
      "type": "Feature",
      "properties": {
        "id": "OSM-WAY-211423281",
        "name": "Kasturibai Gandhi Hospital",
        "resource_type": "hospital",
        "zone_id": "W19000",
        "source": "OpenStreetMap",
        "osm_type": "way",
        "osm_id": 211423281,
        "emergency_capable": null
      },
      "geometry": {
        "type": "Point",
        "coordinates": [
          80.2784271,
          13.0594053
        ]
      }
    },
    {
      "type": "Feature",
      "properties": {
        "id": "OSM-WAY-211435479",
        "name": "Periamet PS",
        "resource_type": "police_station",
        "zone_id": "W18944",
        "source": "OpenStreetMap",
        "osm_type": "way",
        "osm_id": 211435479,
        "emergency_capable": null
      },
      "geometry": {
        "type": "Point",
        "coordinates": [
          80.2709138,
          13.0831121
        ]
      }
    },
    {
      "type": "Feature",
      "properties": {
        "id": "OSM-WAY-211436948",
        "name": "OSM hospital",
        "resource_type": "hospital",
        "zone_id": "W19002",
        "source": "OpenStreetMap",
        "osm_type": "way",
        "osm_id": 211436948,
        "emergency_capable": null
      },
      "geometry": {
        "type": "Point",
        "coordinates": [
          80.280639,
          13.0527537
        ]
      }
    },
    {
      "type": "Feature",
      "properties": {
        "id": "OSM-WAY-211864592",
        "name": "OSM police_station",
        "resource_type": "police_station",
        "zone_id": "W18949",
        "source": "OpenStreetMap",
        "osm_type": "way",
        "osm_id": 211864592,
        "emergency_capable": null
      },
      "geometry": {
        "type": "Point",
        "coordinates": [
          80.2706569,
          13.0590491
        ]
      }
    },
    {
      "type": "Feature",
      "properties": {
        "id": "OSM-WAY-211900029",
        "name": "Cancer Hospital",
        "resource_type": "hospital",
        "zone_id": "W19059",
        "source": "OpenStreetMap",
        "osm_type": "way",
        "osm_id": 211900029,
        "emergency_capable": null
      },
      "geometry": {
        "type": "Point",
        "coordinates": [
          80.2484946,
          13.0090564
        ]
      }
    },
    {
      "type": "Feature",
      "properties": {
        "id": "OSM-WAY-214188197",
        "name": "சைதாப்பேட்டை அரசு மருத்துவமனை",
        "resource_type": "hospital",
        "zone_id": "W19028",
        "source": "OpenStreetMap",
        "osm_type": "way",
        "osm_id": 214188197,
        "emergency_capable": true
      },
      "geometry": {
        "type": "Point",
        "coordinates": [
          80.2240451,
          13.0204577
        ]
      }
    },
    {
      "type": "Feature",
      "properties": {
        "id": "OSM-WAY-214356712",
        "name": "R1 Police Station",
        "resource_type": "police_station",
        "zone_id": "W19027",
        "source": "OpenStreetMap",
        "osm_type": "way",
        "osm_id": 214356712,
        "emergency_capable": null
      },
      "geometry": {
        "type": "Point",
        "coordinates": [
          80.2294897,
          13.0347642
        ]
      }
    },
    {
      "type": "Feature",
      "properties": {
        "id": "OSM-WAY-214739125",
        "name": "OSM shelter",
        "resource_type": "shelter",
        "zone_id": "W18944",
        "source": "OpenStreetMap",
        "osm_type": "way",
        "osm_id": 214739125,
        "emergency_capable": null
      },
      "geometry": {
        "type": "Point",
        "coordinates": [
          80.2739673,
          13.0841465
        ]
      }
    },
    {
      "type": "Feature",
      "properties": {
        "id": "OSM-WAY-215471614",
        "name": "OSM shelter",
        "resource_type": "shelter",
        "zone_id": "W18944",
        "source": "OpenStreetMap",
        "osm_type": "way",
        "osm_id": 215471614,
        "emergency_capable": null
      },
      "geometry": {
        "type": "Point",
        "coordinates": [
          80.2739901,
          13.0847887
        ]
      }
    },
    {
      "type": "Feature",
      "properties": {
        "id": "OSM-WAY-217637688",
        "name": "Esplanade PS",
        "resource_type": "police_station",
        "zone_id": "W18946",
        "source": "OpenStreetMap",
        "osm_type": "way",
        "osm_id": 217637688,
        "emergency_capable": null
      },
      "geometry": {
        "type": "Point",
        "coordinates": [
          80.2853702,
          13.0864715
        ]
      }
    },
    {
      "type": "Feature",
      "properties": {
        "id": "OSM-WAY-217726810",
        "name": "ஆந்திர மாநில சபா",
        "resource_type": "hospital",
        "zone_id": "W19057",
        "source": "OpenStreetMap",
        "osm_type": "way",
        "osm_id": 217726810,
        "emergency_capable": null
      },
      "geometry": {
        "type": "Point",
        "coordinates": [
          80.2598878,
          13.0176759
        ]
      }
    },
    {
      "type": "Feature",
      "properties": {
        "id": "OSM-WAY-217731034",
        "name": "Fire and Rescue station",
        "resource_type": "fire_station",
        "zone_id": "W19019",
        "source": "OpenStreetMap",
        "osm_type": "way",
        "osm_id": 217731034,
        "emergency_capable": null
      },
      "geometry": {
        "type": "Point",
        "coordinates": [
          80.2306257,
          13.0352121
        ]
      }
    },
    {
      "type": "Feature",
      "properties": {
        "id": "OSM-WAY-217767201",
        "name": "F4 Greams Road PS",
        "resource_type": "police_station",
        "zone_id": "W18997",
        "source": "OpenStreetMap",
        "osm_type": "way",
        "osm_id": 217767201,
        "emergency_capable": null
      },
      "geometry": {
        "type": "Point",
        "coordinates": [
          80.2547972,
          13.0598386
        ]
      }
    },
    {
      "type": "Feature",
      "properties": {
        "id": "OSM-WAY-217797428",
        "name": "Mehta Hospital",
        "resource_type": "hospital",
        "zone_id": "W18994",
        "source": "OpenStreetMap",
        "osm_type": "way",
        "osm_id": 217797428,
        "emergency_capable": null
      },
      "geometry": {
        "type": "Point",
        "coordinates": [
          80.2408853,
          13.0719905
        ]
      }
    },
    {
      "type": "Feature",
      "properties": {
        "id": "OSM-WAY-217846762",
        "name": "Corporation Baby Hospital",
        "resource_type": "hospital",
        "zone_id": "W18940",
        "source": "OpenStreetMap",
        "osm_type": "way",
        "osm_id": 217846762,
        "emergency_capable": null
      },
      "geometry": {
        "type": "Point",
        "coordinates": [
          80.2754276,
          13.0971804
        ]
      }
    },
    {
      "type": "Feature",
      "properties": {
        "id": "OSM-WAY-217864765",
        "name": "C.S.I. Rainy Multi Speciality Hospital",
        "resource_type": "hospital",
        "zone_id": "W18935",
        "source": "OpenStreetMap",
        "osm_type": "way",
        "osm_id": 217864765,
        "emergency_capable": null
      },
      "geometry": {
        "type": "Point",
        "coordinates": [
          80.2910031,
          13.1179059
        ]
      }
    },
    {
      "type": "Feature",
      "properties": {
        "id": "OSM-WAY-217864794",
        "name": "OSM police_station",
        "resource_type": "police_station",
        "zone_id": "W18928",
        "source": "OpenStreetMap",
        "osm_type": "way",
        "osm_id": 217864794,
        "emergency_capable": null
      },
      "geometry": {
        "type": "Point",
        "coordinates": [
          80.2873206,
          13.1231943
        ]
      }
    },
    {
      "type": "Feature",
      "properties": {
        "id": "OSM-WAY-217864797",
        "name": "Government Peripheral Hospital",
        "resource_type": "hospital",
        "zone_id": "W18928",
        "source": "OpenStreetMap",
        "osm_type": "way",
        "osm_id": 217864797,
        "emergency_capable": null
      },
      "geometry": {
        "type": "Point",
        "coordinates": [
          80.2866925,
          13.1260276
        ]
      }
    },
    {
      "type": "Feature",
      "properties": {
        "id": "OSM-WAY-217868140",
        "name": "ESI",
        "resource_type": "hospital",
        "zone_id": "W18929",
        "source": "OpenStreetMap",
        "osm_type": "way",
        "osm_id": 217868140,
        "emergency_capable": null
      },
      "geometry": {
        "type": "Point",
        "coordinates": [
          80.2912215,
          13.1269596
        ]
      }
    },
    {
      "type": "Feature",
      "properties": {
        "id": "OSM-WAY-217878794",
        "name": "OSM police_station",
        "resource_type": "police_station",
        "zone_id": "W18959",
        "source": "OpenStreetMap",
        "osm_type": "way",
        "osm_id": 217878794,
        "emergency_capable": null
      },
      "geometry": {
        "type": "Point",
        "coordinates": [
          80.2601445,
          13.1000303
        ]
      }
    },
    {
      "type": "Feature",
      "properties": {
        "id": "OSM-WAY-217920494",
        "name": "Peravallur Police Station",
        "resource_type": "police_station",
        "zone_id": "W18954",
        "source": "OpenStreetMap",
        "osm_type": "way",
        "osm_id": 217920494,
        "emergency_capable": null
      },
      "geometry": {
        "type": "Point",
        "coordinates": [
          80.2263784,
          13.1113985
        ]
      }
    },
    {
      "type": "Feature",
      "properties": {
        "id": "OSM-WAY-217921152",
        "name": "OSM police_station",
        "resource_type": "police_station",
        "zone_id": "W18961",
        "source": "OpenStreetMap",
        "osm_type": "way",
        "osm_id": 217921152,
        "emergency_capable": null
      },
      "geometry": {
        "type": "Point",
        "coordinates": [
          80.2434556,
          13.0934393
        ]
      }
    },
    {
      "type": "Feature",
      "properties": {
        "id": "OSM-WAY-217922862",
        "name": "OSM shelter",
        "resource_type": "shelter",
        "zone_id": "W18984",
        "source": "OpenStreetMap",
        "osm_type": "way",
        "osm_id": 217922862,
        "emergency_capable": null
      },
      "geometry": {
        "type": "Point",
        "coordinates": [
          80.2385742,
          13.0968418
        ]
      }
    },
    {
      "type": "Feature",
      "properties": {
        "id": "OSM-WAY-217960160",
        "name": "OSM shelter",
        "resource_type": "shelter",
        "zone_id": "W18946",
        "source": "OpenStreetMap",
        "osm_type": "way",
        "osm_id": 217960160,
        "emergency_capable": null
      },
      "geometry": {
        "type": "Point",
        "coordinates": [
          80.2925837,
          13.0926991
        ]
      }
    },
    {
      "type": "Feature",
      "properties": {
        "id": "OSM-WAY-217960574",
        "name": "Tamil Nadu Government Multi Super Speciality Hospital",
        "resource_type": "hospital",
        "zone_id": "W18945",
        "source": "OpenStreetMap",
        "osm_type": "way",
        "osm_id": 217960574,
        "emergency_capable": true
      },
      "geometry": {
        "type": "Point",
        "coordinates": [
          80.2741496,
          13.0693752
        ]
      }
    },
    {
      "type": "Feature",
      "properties": {
        "id": "OSM-WAY-217960575",
        "name": "D1 Triplicane Police Station",
        "resource_type": "police_station",
        "zone_id": "W18945",
        "source": "OpenStreetMap",
        "osm_type": "way",
        "osm_id": 217960575,
        "emergency_capable": null
      },
      "geometry": {
        "type": "Point",
        "coordinates": [
          80.2736489,
          13.0672549
        ]
      }
    },
    {
      "type": "Feature",
      "properties": {
        "id": "OSM-WAY-218149507",
        "name": "Billroth Hospital",
        "resource_type": "hospital",
        "zone_id": "W19009",
        "source": "OpenStreetMap",
        "osm_type": "way",
        "osm_id": 218149507,
        "emergency_capable": true
      },
      "geometry": {
        "type": "Point",
        "coordinates": [
          80.2567528,
          13.0273509
        ]
      }
    },
    {
      "type": "Feature",
      "properties": {
        "id": "OSM-WAY-218163938",
        "name": "Fortis Malar Hospital",
        "resource_type": "hospital",
        "zone_id": "W19059",
        "source": "OpenStreetMap",
        "osm_type": "way",
        "osm_id": 218163938,
        "emergency_capable": null
      },
      "geometry": {
        "type": "Point",
        "coordinates": [
          80.2585641,
          13.0101605
        ]
      }
    },
    {
      "type": "Feature",
      "properties": {
        "id": "OSM-WAY-220821765",
        "name": "Gowri Nursing Home",
        "resource_type": "hospital",
        "zone_id": "W19053",
        "source": "OpenStreetMap",
        "osm_type": "way",
        "osm_id": 220821765,
        "emergency_capable": null
      },
      "geometry": {
        "type": "Point",
        "coordinates": [
          80.1883328,
          12.9773885
        ]
      }
    },
    {
      "type": "Feature",
      "properties": {
        "id": "OSM-WAY-231052535",
        "name": "K4 Police Station",
        "resource_type": "police_station",
        "zone_id": "W18988",
        "source": "OpenStreetMap",
        "osm_type": "way",
        "osm_id": 231052535,
        "emergency_capable": null
      },
      "geometry": {
        "type": "Point",
        "coordinates": [
          80.21797,
          13.0925447
        ]
      }
    },
    {
      "type": "Feature",
      "properties": {
        "id": "OSM-WAY-231052536",
        "name": "Vasan Dental Care",
        "resource_type": "hospital",
        "zone_id": "W18988",
        "source": "OpenStreetMap",
        "osm_type": "way",
        "osm_id": 231052536,
        "emergency_capable": null
      },
      "geometry": {
        "type": "Point",
        "coordinates": [
          80.218563,
          13.0920868
        ]
      }
    },
    {
      "type": "Feature",
      "properties": {
        "id": "OSM-WAY-240385003",
        "name": "OSM hospital",
        "resource_type": "hospital",
        "zone_id": "W18945",
        "source": "OpenStreetMap",
        "osm_type": "way",
        "osm_id": 240385003,
        "emergency_capable": null
      },
      "geometry": {
        "type": "Point",
        "coordinates": [
          80.282677,
          13.0847775
        ]
      }
    },
    {
      "type": "Feature",
      "properties": {
        "id": "OSM-WAY-240472123",
        "name": "Police Hospital",
        "resource_type": "hospital",
        "zone_id": "W18947",
        "source": "OpenStreetMap",
        "osm_type": "way",
        "osm_id": 240472123,
        "emergency_capable": null
      },
      "geometry": {
        "type": "Point",
        "coordinates": [
          80.2592982,
          13.0744047
        ]
      }
    },
    {
      "type": "Feature",
      "properties": {
        "id": "OSM-WAY-240501607",
        "name": "Kanchi Kamakoti Childs Trust Hospital",
        "resource_type": "hospital",
        "zone_id": "W18999",
        "source": "OpenStreetMap",
        "osm_type": "way",
        "osm_id": 240501607,
        "emergency_capable": null
      },
      "geometry": {
        "type": "Point",
        "coordinates": [
          80.2458975,
          13.0573425
        ]
      }
    },
    {
      "type": "Feature",
      "properties": {
        "id": "OSM-WAY-240511203",
        "name": "R3 Ashok Nagar Police Station",
        "resource_type": "police_station",
        "zone_id": "W19017",
        "source": "OpenStreetMap",
        "osm_type": "way",
        "osm_id": 240511203,
        "emergency_capable": null
      },
      "geometry": {
        "type": "Point",
        "coordinates": [
          80.2173045,
          13.0440809
        ]
      }
    },
    {
      "type": "Feature",
      "properties": {
        "id": "OSM-WAY-240869141",
        "name": "OSM hospital",
        "resource_type": "hospital",
        "zone_id": "W18964",
        "source": "OpenStreetMap",
        "osm_type": "way",
        "osm_id": 240869141,
        "emergency_capable": null
      },
      "geometry": {
        "type": "Point",
        "coordinates": [
          80.2593357,
          13.0922878
        ]
      }
    },
    {
      "type": "Feature",
      "properties": {
        "id": "OSM-WAY-241007895",
        "name": "Abhiramapuram",
        "resource_type": "police_station",
        "zone_id": "W19009",
        "source": "OpenStreetMap",
        "osm_type": "way",
        "osm_id": 241007895,
        "emergency_capable": null
      },
      "geometry": {
        "type": "Point",
        "coordinates": [
          80.2559671,
          13.0332562
        ]
      }
    },
    {
      "type": "Feature",
      "properties": {
        "id": "OSM-WAY-241027985",
        "name": "F2 Egmore Police Station",
        "resource_type": "police_station",
        "zone_id": "W18947",
        "source": "OpenStreetMap",
        "osm_type": "way",
        "osm_id": 241027985,
        "emergency_capable": null
      },
      "geometry": {
        "type": "Point",
        "coordinates": [
          80.257014,
          13.0750725
        ]
      }
    },
    {
      "type": "Feature",
      "properties": {
        "id": "OSM-WAY-262012749",
        "name": "Chennai Corporation 24 Hours Maternity Hospital",
        "resource_type": "hospital",
        "zone_id": "W19028",
        "source": "OpenStreetMap",
        "osm_type": "way",
        "osm_id": 262012749,
        "emergency_capable": true
      },
      "geometry": {
        "type": "Point",
        "coordinates": [
          80.2241344,
          13.0208732
        ]
      }
    },
    {
      "type": "Feature",
      "properties": {
        "id": "OSM-WAY-315499682",
        "name": "Apollo Speciality Hospital - Block A",
        "resource_type": "hospital",
        "zone_id": "W19008",
        "source": "OpenStreetMap",
        "osm_type": "way",
        "osm_id": 315499682,
        "emergency_capable": true
      },
      "geometry": {
        "type": "Point",
        "coordinates": [
          80.2451684,
          13.0336469
        ]
      }
    },
    {
      "type": "Feature",
      "properties": {
        "id": "OSM-WAY-315499747",
        "name": "Apollo Speciality Hospital - Block B",
        "resource_type": "hospital",
        "zone_id": "W19008",
        "source": "OpenStreetMap",
        "osm_type": "way",
        "osm_id": 315499747,
        "emergency_capable": false
      },
      "geometry": {
        "type": "Point",
        "coordinates": [
          80.2456392,
          13.0336169
        ]
      }
    },
    {
      "type": "Feature",
      "properties": {
        "id": "OSM-WAY-315499965",
        "name": "Apollo Speciality Hospital - Block C",
        "resource_type": "hospital",
        "zone_id": "W19008",
        "source": "OpenStreetMap",
        "osm_type": "way",
        "osm_id": 315499965,
        "emergency_capable": false
      },
      "geometry": {
        "type": "Point",
        "coordinates": [
          80.245666,
          13.0339285
        ]
      }
    },
    {
      "type": "Feature",
      "properties": {
        "id": "OSM-WAY-328706398",
        "name": "Chennai Clinical Centres",
        "resource_type": "hospital",
        "zone_id": "W19059",
        "source": "OpenStreetMap",
        "osm_type": "way",
        "osm_id": 328706398,
        "emergency_capable": null
      },
      "geometry": {
        "type": "Point",
        "coordinates": [
          80.2516271,
          12.9941997
        ]
      }
    },
    {
      "type": "Feature",
      "properties": {
        "id": "OSM-WAY-332525434",
        "name": "Public Health Centre (In Patient Block)",
        "resource_type": "hospital",
        "zone_id": "W19020",
        "source": "OpenStreetMap",
        "osm_type": "way",
        "osm_id": 332525434,
        "emergency_capable": true
      },
      "geometry": {
        "type": "Point",
        "coordinates": [
          80.2218494,
          13.0359986
        ]
      }
    },
    {
      "type": "Feature",
      "properties": {
        "id": "OSM-WAY-332525519",
        "name": "Public Health Centre (Out Patient Block)",
        "resource_type": "hospital",
        "zone_id": "W19020",
        "source": "OpenStreetMap",
        "osm_type": "way",
        "osm_id": 332525519,
        "emergency_capable": null
      },
      "geometry": {
        "type": "Point",
        "coordinates": [
          80.2219385,
          13.0363842
        ]
      }
    },
    {
      "type": "Feature",
      "properties": {
        "id": "OSM-WAY-337923794",
        "name": "Chitra Maternity andSurgival Centre",
        "resource_type": "hospital",
        "zone_id": "W19028",
        "source": "OpenStreetMap",
        "osm_type": "way",
        "osm_id": 337923794,
        "emergency_capable": null
      },
      "geometry": {
        "type": "Point",
        "coordinates": [
          80.2229133,
          13.0234391
        ]
      }
    },
    {
      "type": "Feature",
      "properties": {
        "id": "OSM-WAY-337929079",
        "name": "Bora Hospital",
        "resource_type": "hospital",
        "zone_id": "W19028",
        "source": "OpenStreetMap",
        "osm_type": "way",
        "osm_id": 337929079,
        "emergency_capable": null
      },
      "geometry": {
        "type": "Point",
        "coordinates": [
          80.2222779,
          13.0223109
        ]
      }
    },
    {
      "type": "Feature",
      "properties": {
        "id": "OSM-WAY-343141649",
        "name": "Vasan",
        "resource_type": "hospital",
        "zone_id": "W19028",
        "source": "OpenStreetMap",
        "osm_type": "way",
        "osm_id": 343141649,
        "emergency_capable": null
      },
      "geometry": {
        "type": "Point",
        "coordinates": [
          80.2257691,
          13.0217319
        ]
      }
    },
    {
      "type": "Feature",
      "properties": {
        "id": "OSM-WAY-343141650",
        "name": "Police Station - J1 - Saidapet",
        "resource_type": "police_station",
        "zone_id": "W19028",
        "source": "OpenStreetMap",
        "osm_type": "way",
        "osm_id": 343141650,
        "emergency_capable": null
      },
      "geometry": {
        "type": "Point",
        "coordinates": [
          80.226078,
          13.0224076
        ]
      }
    },
    {
      "type": "Feature",
      "properties": {
        "id": "OSM-WAY-350538223",
        "name": "SRM Hospital",
        "resource_type": "hospital",
        "zone_id": "W19020",
        "source": "OpenStreetMap",
        "osm_type": "way",
        "osm_id": 350538223,
        "emergency_capable": true
      },
      "geometry": {
        "type": "Point",
        "coordinates": [
          80.2246322,
          13.0418111
        ]
      }
    },
    {
      "type": "Feature",
      "properties": {
        "id": "OSM-WAY-354243595",
        "name": "Guest Hospital",
        "resource_type": "hospital",
        "zone_id": "W18986",
        "source": "OpenStreetMap",
        "osm_type": "way",
        "osm_id": 354243595,
        "emergency_capable": null
      },
      "geometry": {
        "type": "Point",
        "coordinates": [
          80.2387532,
          13.0772245
        ]
      }
    },
    {
      "type": "Feature",
      "properties": {
        "id": "OSM-WAY-354278944",
        "name": "Frontier Lifeline Hospital",
        "resource_type": "hospital",
        "zone_id": "W18975",
        "source": "OpenStreetMap",
        "osm_type": "way",
        "osm_id": 354278944,
        "emergency_capable": null
      },
      "geometry": {
        "type": "Point",
        "coordinates": [
          80.1857322,
          13.0875243
        ]
      }
    },
    {
      "type": "Feature",
      "properties": {
        "id": "OSM-WAY-354290251",
        "name": "Essvee Hospital",
        "resource_type": "hospital",
        "zone_id": "W18965",
        "source": "OpenStreetMap",
        "osm_type": "way",
        "osm_id": 354290251,
        "emergency_capable": true
      },
      "geometry": {
        "type": "Point",
        "coordinates": [
          80.1460602,
          13.1232317
        ]
      }
    },
    {
      "type": "Feature",
      "properties": {
        "id": "OSM-WAY-354293689",
        "name": "Hande Medical Centre",
        "resource_type": "hospital",
        "zone_id": "W18999",
        "source": "OpenStreetMap",
        "osm_type": "way",
        "osm_id": 354293689,
        "emergency_capable": null
      },
      "geometry": {
        "type": "Point",
        "coordinates": [
          80.2466206,
          13.0611783
        ]
      }
    },
    {
      "type": "Feature",
      "properties": {
        "id": "OSM-WAY-354452683",
        "name": "Mahalakshmi Multi-Speciality Hospital",
        "resource_type": "hospital",
        "zone_id": "W18965",
        "source": "OpenStreetMap",
        "osm_type": "way",
        "osm_id": 354452683,
        "emergency_capable": true
      },
      "geometry": {
        "type": "Point",
        "coordinates": [
          80.1468899,
          13.1227176
        ]
      }
    },
    {
      "type": "Feature",
      "properties": {
        "id": "OSM-WAY-354460032",
        "name": "Kauvery Hospital",
        "resource_type": "hospital",
        "zone_id": "W19015",
        "source": "OpenStreetMap",
        "osm_type": "way",
        "osm_id": 354460032,
        "emergency_capable": null
      },
      "geometry": {
        "type": "Point",
        "coordinates": [
          80.2041464,
          13.0474765
        ]
      }
    },
    {
      "type": "Feature",
      "properties": {
        "id": "OSM-WAY-354467887",
        "name": "Iswarya Fertility Center",
        "resource_type": "clinic",
        "zone_id": "W18967",
        "source": "OpenStreetMap",
        "osm_type": "way",
        "osm_id": 354467887,
        "emergency_capable": null
      },
      "geometry": {
        "type": "Point",
        "coordinates": [
          80.1482455,
          13.1217932
        ]
      }
    },
    {
      "type": "Feature",
      "properties": {
        "id": "OSM-WAY-354469200",
        "name": "E5 Foreshore Estate Police Station",
        "resource_type": "police_station",
        "zone_id": "W19012",
        "source": "OpenStreetMap",
        "osm_type": "way",
        "osm_id": 354469200,
        "emergency_capable": null
      },
      "geometry": {
        "type": "Point",
        "coordinates": [
          80.2748155,
          13.0245553
        ]
      }
    },
    {
      "type": "Feature",
      "properties": {
        "id": "OSM-WAY-354540004",
        "name": "Balaji Hospital (P) Ltd",
        "resource_type": "hospital",
        "zone_id": "W19046",
        "source": "OpenStreetMap",
        "osm_type": "way",
        "osm_id": 354540004,
        "emergency_capable": null
      },
      "geometry": {
        "type": "Point",
        "coordinates": [
          80.2060853,
          13.0074019
        ]
      }
    },
    {
      "type": "Feature",
      "properties": {
        "id": "OSM-WAY-354547008",
        "name": "Madras Heart Centre and Super Speciality Hospitals Pvt Ltd",
        "resource_type": "hospital",
        "zone_id": "W19050",
        "source": "OpenStreetMap",
        "osm_type": "way",
        "osm_id": 354547008,
        "emergency_capable": true
      },
      "geometry": {
        "type": "Point",
        "coordinates": [
          80.189162,
          12.9831529
        ]
      }
    },
    {
      "type": "Feature",
      "properties": {
        "id": "OSM-WAY-354572408",
        "name": "Chennai Medical Centre",
        "resource_type": "hospital",
        "zone_id": "W19014",
        "source": "OpenStreetMap",
        "osm_type": "way",
        "osm_id": 354572408,
        "emergency_capable": null
      },
      "geometry": {
        "type": "Point",
        "coordinates": [
          80.1890642,
          13.0381039
        ]
      }
    },
    {
      "type": "Feature",
      "properties": {
        "id": "OSM-WAY-354769082",
        "name": "Urban Primary Health Center",
        "resource_type": "clinic",
        "zone_id": "W18967",
        "source": "OpenStreetMap",
        "osm_type": "way",
        "osm_id": 354769082,
        "emergency_capable": null
      },
      "geometry": {
        "type": "Point",
        "coordinates": [
          80.1544193,
          13.1179841
        ]
      }
    },
    {
      "type": "Feature",
      "properties": {
        "id": "OSM-WAY-354810486",
        "name": "OSM hospital",
        "resource_type": "hospital",
        "zone_id": "W19063",
        "source": "OpenStreetMap",
        "osm_type": "way",
        "osm_id": 354810486,
        "emergency_capable": null
      },
      "geometry": {
        "type": "Point",
        "coordinates": [
          80.228913,
          12.9856604
        ]
      }
    },
    {
      "type": "Feature",
      "properties": {
        "id": "OSM-WAY-354814307",
        "name": "Chennai Fertility Center",
        "resource_type": "hospital",
        "zone_id": "W18993",
        "source": "OpenStreetMap",
        "osm_type": "way",
        "osm_id": 354814307,
        "emergency_capable": null
      },
      "geometry": {
        "type": "Point",
        "coordinates": [
          80.2257614,
          13.0690367
        ]
      }
    },
    {
      "type": "Feature",
      "properties": {
        "id": "OSM-WAY-354839873",
        "name": "J.V. Hospitals Llp",
        "resource_type": "hospital",
        "zone_id": "W19018",
        "source": "OpenStreetMap",
        "osm_type": "way",
        "osm_id": 354839873,
        "emergency_capable": true
      },
      "geometry": {
        "type": "Point",
        "coordinates": [
          80.2299034,
          13.0505664
        ]
      }
    },
    {
      "type": "Feature",
      "properties": {
        "id": "OSM-WAY-354840226",
        "name": "R.R Dental Hospital",
        "resource_type": "hospital",
        "zone_id": "W19018",
        "source": "OpenStreetMap",
        "osm_type": "way",
        "osm_id": 354840226,
        "emergency_capable": null
      },
      "geometry": {
        "type": "Point",
        "coordinates": [
          80.2292607,
          13.0519005
        ]
      }
    },
    {
      "type": "Feature",
      "properties": {
        "id": "OSM-WAY-354840384",
        "name": "JV Hospital",
        "resource_type": "hospital",
        "zone_id": "W19018",
        "source": "OpenStreetMap",
        "osm_type": "way",
        "osm_id": 354840384,
        "emergency_capable": true
      },
      "geometry": {
        "type": "Point",
        "coordinates": [
          80.2297492,
          13.0505634
        ]
      }
    },
    {
      "type": "Feature",
      "properties": {
        "id": "OSM-WAY-355052484",
        "name": "Viganesh Hospital",
        "resource_type": "hospital",
        "zone_id": "W19040",
        "source": "OpenStreetMap",
        "osm_type": "way",
        "osm_id": 355052484,
        "emergency_capable": null
      },
      "geometry": {
        "type": "Point",
        "coordinates": [
          80.1717417,
          13.0308661
        ]
      }
    },
    {
      "type": "Feature",
      "properties": {
        "id": "OSM-WAY-355067576",
        "name": "Chennai Heritage Hospital",
        "resource_type": "hospital",
        "zone_id": "W18991",
        "source": "OpenStreetMap",
        "osm_type": "way",
        "osm_id": 355067576,
        "emergency_capable": null
      },
      "geometry": {
        "type": "Point",
        "coordinates": [
          80.2119909,
          13.0653715
        ]
      }
    },
    {
      "type": "Feature",
      "properties": {
        "id": "OSM-WAY-355074781",
        "name": "Xcellent Care Hospital",
        "resource_type": "hospital",
        "zone_id": "W19063",
        "source": "OpenStreetMap",
        "osm_type": "way",
        "osm_id": 355074781,
        "emergency_capable": true
      },
      "geometry": {
        "type": "Point",
        "coordinates": [
          80.2183869,
          12.9856288
        ]
      }
    },
    {
      "type": "Feature",
      "properties": {
        "id": "OSM-WAY-355658593",
        "name": "Be Well Hospitals",
        "resource_type": "hospital",
        "zone_id": "W18990",
        "source": "OpenStreetMap",
        "osm_type": "way",
        "osm_id": 355658593,
        "emergency_capable": null
      },
      "geometry": {
        "type": "Point",
        "coordinates": [
          80.1983283,
          13.0794481
        ]
      }
    },
    {
      "type": "Feature",
      "properties": {
        "id": "OSM-WAY-361224706",
        "name": "MN Eye Hospital",
        "resource_type": "hospital",
        "zone_id": "W18935",
        "source": "OpenStreetMap",
        "osm_type": "way",
        "osm_id": 361224706,
        "emergency_capable": true
      },
      "geometry": {
        "type": "Point",
        "coordinates": [
          80.2875069,
          13.1229398
        ]
      }
    },
    {
      "type": "Feature",
      "properties": {
        "id": "OSM-WAY-363930311",
        "name": "Chennai National Hospital",
        "resource_type": "hospital",
        "zone_id": "W18946",
        "source": "OpenStreetMap",
        "osm_type": "way",
        "osm_id": 363930311,
        "emergency_capable": null
      },
      "geometry": {
        "type": "Point",
        "coordinates": [
          80.2914373,
          13.0963673
        ]
      }
    },
    {
      "type": "Feature",
      "properties": {
        "id": "OSM-WAY-364356223",
        "name": "Diha Clinic",
        "resource_type": "hospital",
        "zone_id": "W19053",
        "source": "OpenStreetMap",
        "osm_type": "way",
        "osm_id": 364356223,
        "emergency_capable": true
      },
      "geometry": {
        "type": "Point",
        "coordinates": [
          80.1871143,
          12.9809453
        ]
      }
    },
    {
      "type": "Feature",
      "properties": {
        "id": "OSM-WAY-364721502",
        "name": "Athipathy Hospitals",
        "resource_type": "hospital",
        "zone_id": "W19063",
        "source": "OpenStreetMap",
        "osm_type": "way",
        "osm_id": 364721502,
        "emergency_capable": null
      },
      "geometry": {
        "type": "Point",
        "coordinates": [
          80.2221909,
          12.976434
        ]
      }
    },
    {
      "type": "Feature",
      "properties": {
        "id": "OSM-WAY-371970672",
        "name": "Dr.Kamakshi Memorial Hospital",
        "resource_type": "hospital",
        "zone_id": "W19074",
        "source": "OpenStreetMap",
        "osm_type": "way",
        "osm_id": 371970672,
        "emergency_capable": true
      },
      "geometry": {
        "type": "Point",
        "coordinates": [
          80.2091585,
          12.9492371
        ]
      }
    },
    {
      "type": "Feature",
      "properties": {
        "id": "OSM-WAY-374048313",
        "name": "Shivasundar Hospital",
        "resource_type": "hospital",
        "zone_id": "W19060",
        "source": "OpenStreetMap",
        "osm_type": "way",
        "osm_id": 374048313,
        "emergency_capable": true
      },
      "geometry": {
        "type": "Point",
        "coordinates": [
          80.2574762,
          12.9977694
        ]
      }
    },
    {
      "type": "Feature",
      "properties": {
        "id": "OSM-WAY-397271559",
        "name": "Government Dispensary",
        "resource_type": "clinic",
        "zone_id": "W19069",
        "source": "OpenStreetMap",
        "osm_type": "way",
        "osm_id": 397271559,
        "emergency_capable": null
      },
      "geometry": {
        "type": "Point",
        "coordinates": [
          80.2564406,
          12.9608465
        ]
      }
    },
    {
      "type": "Feature",
      "properties": {
        "id": "OSM-WAY-451681464",
        "name": "CMC Hospital",
        "resource_type": "hospital",
        "zone_id": "W19014",
        "source": "OpenStreetMap",
        "osm_type": "way",
        "osm_id": 451681464,
        "emergency_capable": null
      },
      "geometry": {
        "type": "Point",
        "coordinates": [
          80.1889033,
          13.0380763
        ]
      }
    },
    {
      "type": "Feature",
      "properties": {
        "id": "OSM-WAY-462740006",
        "name": "corporation hospital",
        "resource_type": "hospital",
        "zone_id": "W19066",
        "source": "OpenStreetMap",
        "osm_type": "way",
        "osm_id": 462740006,
        "emergency_capable": null
      },
      "geometry": {
        "type": "Point",
        "coordinates": [
          80.2573424,
          12.9846941
        ]
      }
    },
    {
      "type": "Feature",
      "properties": {
        "id": "OSM-WAY-469945922",
        "name": "OSM hospital",
        "resource_type": "hospital",
        "zone_id": "W18923",
        "source": "OpenStreetMap",
        "osm_type": "way",
        "osm_id": 469945922,
        "emergency_capable": null
      },
      "geometry": {
        "type": "Point",
        "coordinates": [
          80.2662176,
          13.1235594
        ]
      }
    },
    {
      "type": "Feature",
      "properties": {
        "id": "OSM-WAY-620705901",
        "name": "Chennai International Airport Fire Station 2",
        "resource_type": "fire_station",
        "zone_id": "W19045",
        "source": "OpenStreetMap",
        "osm_type": "way",
        "osm_id": 620705901,
        "emergency_capable": null
      },
      "geometry": {
        "type": "Point",
        "coordinates": [
          80.1660222,
          12.9925029
        ]
      }
    },
    {
      "type": "Feature",
      "properties": {
        "id": "OSM-WAY-624157903",
        "name": "OSM shelter",
        "resource_type": "shelter",
        "zone_id": "W18944",
        "source": "OpenStreetMap",
        "osm_type": "way",
        "osm_id": 624157903,
        "emergency_capable": null
      },
      "geometry": {
        "type": "Point",
        "coordinates": [
          80.2737748,
          13.0845683
        ]
      }
    },
    {
      "type": "Feature",
      "properties": {
        "id": "OSM-WAY-677255714",
        "name": "OSM police_station",
        "resource_type": "police_station",
        "zone_id": "W19066",
        "source": "OpenStreetMap",
        "osm_type": "way",
        "osm_id": 677255714,
        "emergency_capable": null
      },
      "geometry": {
        "type": "Point",
        "coordinates": [
          80.2611458,
          12.9845863
        ]
      }
    },
    {
      "type": "Feature",
      "properties": {
        "id": "OSM-WAY-835251736",
        "name": "Ambattur T1 Police Station",
        "resource_type": "police_station",
        "zone_id": "W18971",
        "source": "OpenStreetMap",
        "osm_type": "way",
        "osm_id": 835251736,
        "emergency_capable": null
      },
      "geometry": {
        "type": "Point",
        "coordinates": [
          80.1525569,
          13.1073143
        ]
      }
    },
    {
      "type": "Feature",
      "properties": {
        "id": "OSM-WAY-907941478",
        "name": "Tiruvottiyur Government Hospital",
        "resource_type": "hospital",
        "zone_id": "W18897",
        "source": "OpenStreetMap",
        "osm_type": "way",
        "osm_id": 907941478,
        "emergency_capable": null
      },
      "geometry": {
        "type": "Point",
        "coordinates": [
          80.3012556,
          13.1576042
        ]
      }
    },
    {
      "type": "Feature",
      "properties": {
        "id": "OSM-WAY-907941484",
        "name": "OSM hospital",
        "resource_type": "hospital",
        "zone_id": "W18900",
        "source": "OpenStreetMap",
        "osm_type": "way",
        "osm_id": 907941484,
        "emergency_capable": null
      },
      "geometry": {
        "type": "Point",
        "coordinates": [
          80.2994665,
          13.1485646
        ]
      }
    },
    {
      "type": "Feature",
      "properties": {
        "id": "OSM-WAY-1038741390",
        "name": "Guindy J3 Police station",
        "resource_type": "police_station",
        "zone_id": "W92158",
        "source": "OpenStreetMap",
        "osm_type": "way",
        "osm_id": 1038741390,
        "emergency_capable": null
      },
      "geometry": {
        "type": "Point",
        "coordinates": [
          80.2106918,
          13.0093531
        ]
      }
    },
    {
      "type": "Feature",
      "properties": {
        "id": "OSM-WAY-1074246084",
        "name": "OSM shelter",
        "resource_type": "shelter",
        "zone_id": "W18891",
        "source": "OpenStreetMap",
        "osm_type": "way",
        "osm_id": 1074246084,
        "emergency_capable": null
      },
      "geometry": {
        "type": "Point",
        "coordinates": [
          80.3171141,
          13.1854758
        ]
      }
    },
    {
      "type": "Feature",
      "properties": {
        "id": "OSM-WAY-1075921837",
        "name": "OSM shelter",
        "resource_type": "shelter",
        "zone_id": "W18936",
        "source": "OpenStreetMap",
        "osm_type": "way",
        "osm_id": 1075921837,
        "emergency_capable": null
      },
      "geometry": {
        "type": "Point",
        "coordinates": [
          80.2977681,
          13.1126627
        ]
      }
    },
    {
      "type": "Feature",
      "properties": {
        "id": "OSM-WAY-1075921840",
        "name": "OSM fire_station",
        "resource_type": "fire_station",
        "zone_id": "W18936",
        "source": "OpenStreetMap",
        "osm_type": "way",
        "osm_id": 1075921840,
        "emergency_capable": null
      },
      "geometry": {
        "type": "Point",
        "coordinates": [
          80.2963723,
          13.1133322
        ]
      }
    },
    {
      "type": "Feature",
      "properties": {
        "id": "OSM-WAY-1076583946",
        "name": "OSM shelter",
        "resource_type": "shelter",
        "zone_id": "W18946",
        "source": "OpenStreetMap",
        "osm_type": "way",
        "osm_id": 1076583946,
        "emergency_capable": null
      },
      "geometry": {
        "type": "Point",
        "coordinates": [
          80.2893225,
          13.0888714
        ]
      }
    },
    {
      "type": "Feature",
      "properties": {
        "id": "OSM-WAY-1076586613",
        "name": "B1 North Beach Police Station",
        "resource_type": "police_station",
        "zone_id": "W18946",
        "source": "OpenStreetMap",
        "osm_type": "way",
        "osm_id": 1076586613,
        "emergency_capable": null
      },
      "geometry": {
        "type": "Point",
        "coordinates": [
          80.2904578,
          13.0899215
        ]
      }
    },
    {
      "type": "Feature",
      "properties": {
        "id": "OSM-WAY-1076599890",
        "name": "OSM shelter",
        "resource_type": "shelter",
        "zone_id": "W18946",
        "source": "OpenStreetMap",
        "osm_type": "way",
        "osm_id": 1076599890,
        "emergency_capable": null
      },
      "geometry": {
        "type": "Point",
        "coordinates": [
          80.2874576,
          13.0887371
        ]
      }
    },
    {
      "type": "Feature",
      "properties": {
        "id": "OSM-WAY-1089785795",
        "name": "KHM Medical Centre",
        "resource_type": "clinic",
        "zone_id": "W18946",
        "source": "OpenStreetMap",
        "osm_type": "way",
        "osm_id": 1089785795,
        "emergency_capable": null
      },
      "geometry": {
        "type": "Point",
        "coordinates": [
          80.2889213,
          13.0914517
        ]
      }
    },
    {
      "type": "Feature",
      "properties": {
        "id": "OSM-WAY-1089835073",
        "name": "C3 Seven Wells Police Station",
        "resource_type": "police_station",
        "zone_id": "W18941",
        "source": "OpenStreetMap",
        "osm_type": "way",
        "osm_id": 1089835073,
        "emergency_capable": null
      },
      "geometry": {
        "type": "Point",
        "coordinates": [
          80.2816945,
          13.0988879
        ]
      }
    },
    {
      "type": "Feature",
      "properties": {
        "id": "OSM-WAY-1089863482",
        "name": "C5 Kothavalchavadi Police Station",
        "resource_type": "police_station",
        "zone_id": "W18943",
        "source": "OpenStreetMap",
        "osm_type": "way",
        "osm_id": 1089863482,
        "emergency_capable": null
      },
      "geometry": {
        "type": "Point",
        "coordinates": [
          80.2854602,
          13.0940347
        ]
      }
    },
    {
      "type": "Feature",
      "properties": {
        "id": "OSM-WAY-1090653955",
        "name": "C1 Flower Bazaar Police Station",
        "resource_type": "police_station",
        "zone_id": "W18945",
        "source": "OpenStreetMap",
        "osm_type": "way",
        "osm_id": 1090653955,
        "emergency_capable": null
      },
      "geometry": {
        "type": "Point",
        "coordinates": [
          80.2817032,
          13.0884077
        ]
      }
    },
    {
      "type": "Feature",
      "properties": {
        "id": "OSM-WAY-1090653956",
        "name": "C1 Flower Bazaar Police Booth",
        "resource_type": "police_station",
        "zone_id": "W18945",
        "source": "OpenStreetMap",
        "osm_type": "way",
        "osm_id": 1090653956,
        "emergency_capable": null
      },
      "geometry": {
        "type": "Point",
        "coordinates": [
          80.2823944,
          13.0883718
        ]
      }
    },
    {
      "type": "Feature",
      "properties": {
        "id": "OSM-WAY-1090950056",
        "name": "H1 Washermanpet Police Station",
        "resource_type": "police_station",
        "zone_id": "W18938",
        "source": "OpenStreetMap",
        "osm_type": "way",
        "osm_id": 1090950056,
        "emergency_capable": null
      },
      "geometry": {
        "type": "Point",
        "coordinates": [
          80.2809199,
          13.1086614
        ]
      }
    },
    {
      "type": "Feature",
      "properties": {
        "id": "OSM-WAY-1090950059",
        "name": "OSM shelter",
        "resource_type": "shelter",
        "zone_id": "W18938",
        "source": "OpenStreetMap",
        "osm_type": "way",
        "osm_id": 1090950059,
        "emergency_capable": null
      },
      "geometry": {
        "type": "Point",
        "coordinates": [
          80.2815727,
          13.1086344
        ]
      }
    },
    {
      "type": "Feature",
      "properties": {
        "id": "OSM-WAY-1090950119",
        "name": "OSM shelter",
        "resource_type": "shelter",
        "zone_id": "W18939",
        "source": "OpenStreetMap",
        "osm_type": "way",
        "osm_id": 1090950119,
        "emergency_capable": null
      },
      "geometry": {
        "type": "Point",
        "coordinates": [
          80.2778262,
          13.1112505
        ]
      }
    },
    {
      "type": "Feature",
      "properties": {
        "id": "OSM-WAY-1091003580",
        "name": "P2 Otteri Police Station",
        "resource_type": "police_station",
        "zone_id": "W18960",
        "source": "OpenStreetMap",
        "osm_type": "way",
        "osm_id": 1091003580,
        "emergency_capable": null
      },
      "geometry": {
        "type": "Point",
        "coordinates": [
          80.2515633,
          13.1003326
        ]
      }
    },
    {
      "type": "Feature",
      "properties": {
        "id": "OSM-WAY-1095915240",
        "name": "E3 Teynampet Police Assistance Booth",
        "resource_type": "police_station",
        "zone_id": "W19008",
        "source": "OpenStreetMap",
        "osm_type": "way",
        "osm_id": 1095915240,
        "emergency_capable": null
      },
      "geometry": {
        "type": "Point",
        "coordinates": [
          80.2398324,
          13.0313112
        ]
      }
    },
    {
      "type": "Feature",
      "properties": {
        "id": "OSM-WAY-1095915245",
        "name": "OSM shelter",
        "resource_type": "shelter",
        "zone_id": "W19008",
        "source": "OpenStreetMap",
        "osm_type": "way",
        "osm_id": 1095915245,
        "emergency_capable": null
      },
      "geometry": {
        "type": "Point",
        "coordinates": [
          80.2413911,
          13.0320001
        ]
      }
    },
    {
      "type": "Feature",
      "properties": {
        "id": "OSM-WAY-1095915254",
        "name": "Office of the Director General of Police Civil Supplies CID Chennai",
        "resource_type": "police_station",
        "zone_id": "W19008",
        "source": "OpenStreetMap",
        "osm_type": "way",
        "osm_id": 1095915254,
        "emergency_capable": null
      },
      "geometry": {
        "type": "Point",
        "coordinates": [
          80.2432354,
          13.0300516
        ]
      }
    },
    {
      "type": "Feature",
      "properties": {
        "id": "OSM-WAY-1096512891",
        "name": "OSM fire_station",
        "resource_type": "fire_station",
        "zone_id": "W19045",
        "source": "OpenStreetMap",
        "osm_type": "way",
        "osm_id": 1096512891,
        "emergency_capable": null
      },
      "geometry": {
        "type": "Point",
        "coordinates": [
          80.1716794,
          12.9884768
        ]
      }
    },
    {
      "type": "Feature",
      "properties": {
        "id": "OSM-WAY-1103965659",
        "name": "OSM shelter",
        "resource_type": "shelter",
        "zone_id": "W18946",
        "source": "OpenStreetMap",
        "osm_type": "way",
        "osm_id": 1103965659,
        "emergency_capable": null
      },
      "geometry": {
        "type": "Point",
        "coordinates": [
          80.2916127,
          13.0927528
        ]
      }
    },
    {
      "type": "Feature",
      "properties": {
        "id": "OSM-WAY-1103976787",
        "name": "OSM shelter",
        "resource_type": "shelter",
        "zone_id": "W18946",
        "source": "OpenStreetMap",
        "osm_type": "way",
        "osm_id": 1103976787,
        "emergency_capable": null
      },
      "geometry": {
        "type": "Point",
        "coordinates": [
          80.2924599,
          13.0959044
        ]
      }
    },
    {
      "type": "Feature",
      "properties": {
        "id": "OSM-WAY-1104433136",
        "name": "Chennai National Hospital Speciality Clinics",
        "resource_type": "hospital",
        "zone_id": "W18946",
        "source": "OpenStreetMap",
        "osm_type": "way",
        "osm_id": 1104433136,
        "emergency_capable": null
      },
      "geometry": {
        "type": "Point",
        "coordinates": [
          80.2914574,
          13.094813
        ]
      }
    },
    {
      "type": "Feature",
      "properties": {
        "id": "OSM-WAY-1105242339",
        "name": "OSM shelter",
        "resource_type": "shelter",
        "zone_id": "W18946",
        "source": "OpenStreetMap",
        "osm_type": "way",
        "osm_id": 1105242339,
        "emergency_capable": null
      },
      "geometry": {
        "type": "Point",
        "coordinates": [
          80.2901512,
          13.0944951
        ]
      }
    },
    {
      "type": "Feature",
      "properties": {
        "id": "OSM-WAY-1105414357",
        "name": "Moolakothalam Fire Station",
        "resource_type": "fire_station",
        "zone_id": "W18939",
        "source": "OpenStreetMap",
        "osm_type": "way",
        "osm_id": 1105414357,
        "emergency_capable": null
      },
      "geometry": {
        "type": "Point",
        "coordinates": [
          80.2782141,
          13.1055078
        ]
      }
    },
    {
      "type": "Feature",
      "properties": {
        "id": "OSM-WAY-1105971900",
        "name": "C2 Elephant Gate Police Station",
        "resource_type": "police_station",
        "zone_id": "W18943",
        "source": "OpenStreetMap",
        "osm_type": "way",
        "osm_id": 1105971900,
        "emergency_capable": null
      },
      "geometry": {
        "type": "Point",
        "coordinates": [
          80.2750124,
          13.0926307
        ]
      }
    },
    {
      "type": "Feature",
      "properties": {
        "id": "OSM-WAY-1107911282",
        "name": "Office of the Deputy Commissioner of Police, Pudupet",
        "resource_type": "police_station",
        "zone_id": "W18947",
        "source": "OpenStreetMap",
        "osm_type": "way",
        "osm_id": 1107911282,
        "emergency_capable": null
      },
      "geometry": {
        "type": "Point",
        "coordinates": [
          80.2620582,
          13.0686386
        ]
      }
    },
    {
      "type": "Feature",
      "properties": {
        "id": "OSM-WAY-1107911283",
        "name": "Egmore fire and Rescue station",
        "resource_type": "fire_station",
        "zone_id": "W18947",
        "source": "OpenStreetMap",
        "osm_type": "way",
        "osm_id": 1107911283,
        "emergency_capable": null
      },
      "geometry": {
        "type": "Point",
        "coordinates": [
          80.2613334,
          13.0686327
        ]
      }
    },
    {
      "type": "Feature",
      "properties": {
        "id": "OSM-WAY-1110170920",
        "name": "OSM shelter",
        "resource_type": "shelter",
        "zone_id": "W18949",
        "source": "OpenStreetMap",
        "osm_type": "way",
        "osm_id": 1110170920,
        "emergency_capable": null
      },
      "geometry": {
        "type": "Point",
        "coordinates": [
          80.2664182,
          13.0646626
        ]
      }
    },
    {
      "type": "Feature",
      "properties": {
        "id": "OSM-WAY-1110191293",
        "name": "N3 Muthialpet Police Station",
        "resource_type": "police_station",
        "zone_id": "W18942",
        "source": "OpenStreetMap",
        "osm_type": "way",
        "osm_id": 1110191293,
        "emergency_capable": null
      },
      "geometry": {
        "type": "Point",
        "coordinates": [
          80.2870248,
          13.0998376
        ]
      }
    },
    {
      "type": "Feature",
      "properties": {
        "id": "OSM-WAY-1110191307",
        "name": "SA Hospital",
        "resource_type": "hospital",
        "zone_id": "W18942",
        "source": "OpenStreetMap",
        "osm_type": "way",
        "osm_id": 1110191307,
        "emergency_capable": null
      },
      "geometry": {
        "type": "Point",
        "coordinates": [
          80.2868807,
          13.0991366
        ]
      }
    },
    {
      "type": "Feature",
      "properties": {
        "id": "OSM-WAY-1112851437",
        "name": "D5 Marina Police Station",
        "resource_type": "police_station",
        "zone_id": "W19011",
        "source": "OpenStreetMap",
        "osm_type": "way",
        "osm_id": 1112851437,
        "emergency_capable": null
      },
      "geometry": {
        "type": "Point",
        "coordinates": [
          80.2793207,
          13.0391513
        ]
      }
    },
    {
      "type": "Feature",
      "properties": {
        "id": "OSM-WAY-1115819902",
        "name": "OSM shelter",
        "resource_type": "shelter",
        "zone_id": "W18944",
        "source": "OpenStreetMap",
        "osm_type": "way",
        "osm_id": 1115819902,
        "emergency_capable": null
      },
      "geometry": {
        "type": "Point",
        "coordinates": [
          80.2741325,
          13.0847308
        ]
      }
    },
    {
      "type": "Feature",
      "properties": {
        "id": "OSM-WAY-1116154383",
        "name": "B1 North Beach Police Station",
        "resource_type": "police_station",
        "zone_id": "W18946",
        "source": "OpenStreetMap",
        "osm_type": "way",
        "osm_id": 1116154383,
        "emergency_capable": null
      },
      "geometry": {
        "type": "Point",
        "coordinates": [
          80.2915125,
          13.0966217
        ]
      }
    },
    {
      "type": "Feature",
      "properties": {
        "id": "OSM-WAY-1122111815",
        "name": "Esplanade Fire Station",
        "resource_type": "fire_station",
        "zone_id": "W18946",
        "source": "OpenStreetMap",
        "osm_type": "way",
        "osm_id": 1122111815,
        "emergency_capable": null
      },
      "geometry": {
        "type": "Point",
        "coordinates": [
          80.2860635,
          13.0864782
        ]
      }
    },
    {
      "type": "Feature",
      "properties": {
        "id": "OSM-WAY-1122926992",
        "name": "G7 Chetpet Police Station",
        "resource_type": "police_station",
        "zone_id": "W18947",
        "source": "OpenStreetMap",
        "osm_type": "way",
        "osm_id": 1122926992,
        "emergency_capable": null
      },
      "geometry": {
        "type": "Point",
        "coordinates": [
          80.2520681,
          13.0725347
        ]
      }
    },
    {
      "type": "Feature",
      "properties": {
        "id": "OSM-WAY-1123051523",
        "name": "D2 Anna Salai (Mount Road) Poice Station",
        "resource_type": "police_station",
        "zone_id": "W18997",
        "source": "OpenStreetMap",
        "osm_type": "way",
        "osm_id": 1123051523,
        "emergency_capable": null
      },
      "geometry": {
        "type": "Point",
        "coordinates": [
          80.262232,
          13.061062
        ]
      }
    },
    {
      "type": "Feature",
      "properties": {
        "id": "OSM-WAY-1124797371",
        "name": "OSM shelter",
        "resource_type": "shelter",
        "zone_id": "W18945",
        "source": "OpenStreetMap",
        "osm_type": "way",
        "osm_id": 1124797371,
        "emergency_capable": null
      },
      "geometry": {
        "type": "Point",
        "coordinates": [
          80.2792151,
          13.0733385
        ]
      }
    },
    {
      "type": "Feature",
      "properties": {
        "id": "OSM-WAY-1124797372",
        "name": "OSM shelter",
        "resource_type": "shelter",
        "zone_id": "W18945",
        "source": "OpenStreetMap",
        "osm_type": "way",
        "osm_id": 1124797372,
        "emergency_capable": null
      },
      "geometry": {
        "type": "Point",
        "coordinates": [
          80.2792367,
          13.0734004
        ]
      }
    },
    {
      "type": "Feature",
      "properties": {
        "id": "OSM-WAY-1124797373",
        "name": "OSM shelter",
        "resource_type": "shelter",
        "zone_id": "W18945",
        "source": "OpenStreetMap",
        "osm_type": "way",
        "osm_id": 1124797373,
        "emergency_capable": null
      },
      "geometry": {
        "type": "Point",
        "coordinates": [
          80.279265,
          13.0732938
        ]
      }
    },
    {
      "type": "Feature",
      "properties": {
        "id": "OSM-WAY-1126975455",
        "name": "OSM shelter",
        "resource_type": "shelter",
        "zone_id": "W18947",
        "source": "OpenStreetMap",
        "osm_type": "way",
        "osm_id": 1126975455,
        "emergency_capable": null
      },
      "geometry": {
        "type": "Point",
        "coordinates": [
          80.2567216,
          13.0713462
        ]
      }
    },
    {
      "type": "Feature",
      "properties": {
        "id": "OSM-WAY-1128397328",
        "name": "OSM shelter",
        "resource_type": "shelter",
        "zone_id": "W19058",
        "source": "OpenStreetMap",
        "osm_type": "way",
        "osm_id": 1128397328,
        "emergency_capable": null
      },
      "geometry": {
        "type": "Point",
        "coordinates": [
          80.2133774,
          13.008055
        ]
      }
    },
    {
      "type": "Feature",
      "properties": {
        "id": "OSM-WAY-1128463070",
        "name": "OSM shelter",
        "resource_type": "shelter",
        "zone_id": "W18997",
        "source": "OpenStreetMap",
        "osm_type": "way",
        "osm_id": 1128463070,
        "emergency_capable": null
      },
      "geometry": {
        "type": "Point",
        "coordinates": [
          80.2570848,
          13.0591326
        ]
      }
    },
    {
      "type": "Feature",
      "properties": {
        "id": "OSM-WAY-1130557244",
        "name": "OSM shelter",
        "resource_type": "shelter",
        "zone_id": "W18946",
        "source": "OpenStreetMap",
        "osm_type": "way",
        "osm_id": 1130557244,
        "emergency_capable": null
      },
      "geometry": {
        "type": "Point",
        "coordinates": [
          80.285432,
          13.0735459
        ]
      }
    },
    {
      "type": "Feature",
      "properties": {
        "id": "OSM-WAY-1130557247",
        "name": "OSM shelter",
        "resource_type": "shelter",
        "zone_id": "W18946",
        "source": "OpenStreetMap",
        "osm_type": "way",
        "osm_id": 1130557247,
        "emergency_capable": null
      },
      "geometry": {
        "type": "Point",
        "coordinates": [
          80.2858336,
          13.0738481
        ]
      }
    },
    {
      "type": "Feature",
      "properties": {
        "id": "OSM-WAY-1130557248",
        "name": "OSM shelter",
        "resource_type": "shelter",
        "zone_id": "W18946",
        "source": "OpenStreetMap",
        "osm_type": "way",
        "osm_id": 1130557248,
        "emergency_capable": null
      },
      "geometry": {
        "type": "Point",
        "coordinates": [
          80.2856588,
          13.0738834
        ]
      }
    },
    {
      "type": "Feature",
      "properties": {
        "id": "OSM-WAY-1130557249",
        "name": "OSM shelter",
        "resource_type": "shelter",
        "zone_id": "W18946",
        "source": "OpenStreetMap",
        "osm_type": "way",
        "osm_id": 1130557249,
        "emergency_capable": null
      },
      "geometry": {
        "type": "Point",
        "coordinates": [
          80.2854793,
          13.0731416
        ]
      }
    },
    {
      "type": "Feature",
      "properties": {
        "id": "OSM-WAY-1130557250",
        "name": "OSM shelter",
        "resource_type": "shelter",
        "zone_id": "W18946",
        "source": "OpenStreetMap",
        "osm_type": "way",
        "osm_id": 1130557250,
        "emergency_capable": null
      },
      "geometry": {
        "type": "Point",
        "coordinates": [
          80.2856618,
          13.0731079
        ]
      }
    },
    {
      "type": "Feature",
      "properties": {
        "id": "OSM-WAY-1130782012",
        "name": "OSM shelter",
        "resource_type": "shelter",
        "zone_id": "W19002",
        "source": "OpenStreetMap",
        "osm_type": "way",
        "osm_id": 1130782012,
        "emergency_capable": null
      },
      "geometry": {
        "type": "Point",
        "coordinates": [
          80.2817353,
          13.0548233
        ]
      }
    },
    {
      "type": "Feature",
      "properties": {
        "id": "OSM-WAY-1131689103",
        "name": "OSM shelter",
        "resource_type": "shelter",
        "zone_id": "W19058",
        "source": "OpenStreetMap",
        "osm_type": "way",
        "osm_id": 1131689103,
        "emergency_capable": null
      },
      "geometry": {
        "type": "Point",
        "coordinates": [
          80.2161248,
          13.0089125
        ]
      }
    },
    {
      "type": "Feature",
      "properties": {
        "id": "OSM-WAY-1131693908",
        "name": "Tamil Nadu Police Computer Communication Centre",
        "resource_type": "police_station",
        "zone_id": "W19057",
        "source": "OpenStreetMap",
        "osm_type": "way",
        "osm_id": 1131693908,
        "emergency_capable": null
      },
      "geometry": {
        "type": "Point",
        "coordinates": [
          80.271388,
          13.0225066
        ]
      }
    },
    {
      "type": "Feature",
      "properties": {
        "id": "OSM-WAY-1131693910",
        "name": "Tamil Nadu State Crime Records Bureau",
        "resource_type": "police_station",
        "zone_id": "W19057",
        "source": "OpenStreetMap",
        "osm_type": "way",
        "osm_id": 1131693910,
        "emergency_capable": null
      },
      "geometry": {
        "type": "Point",
        "coordinates": [
          80.2716339,
          13.022806
        ]
      }
    },
    {
      "type": "Feature",
      "properties": {
        "id": "OSM-WAY-1134245391",
        "name": "OSM shelter",
        "resource_type": "shelter",
        "zone_id": "W92159",
        "source": "OpenStreetMap",
        "osm_type": "way",
        "osm_id": 1134245391,
        "emergency_capable": null
      },
      "geometry": {
        "type": "Point",
        "coordinates": [
          80.2283748,
          13.0239191
        ]
      }
    },
    {
      "type": "Feature",
      "properties": {
        "id": "OSM-WAY-1134245392",
        "name": "OSM shelter",
        "resource_type": "shelter",
        "zone_id": "W92159",
        "source": "OpenStreetMap",
        "osm_type": "way",
        "osm_id": 1134245392,
        "emergency_capable": null
      },
      "geometry": {
        "type": "Point",
        "coordinates": [
          80.2280384,
          13.0236152
        ]
      }
    },
    {
      "type": "Feature",
      "properties": {
        "id": "OSM-WAY-1134245395",
        "name": "OSM shelter",
        "resource_type": "shelter",
        "zone_id": "W92159",
        "source": "OpenStreetMap",
        "osm_type": "way",
        "osm_id": 1134245395,
        "emergency_capable": null
      },
      "geometry": {
        "type": "Point",
        "coordinates": [
          80.2277278,
          13.0233586
        ]
      }
    },
    {
      "type": "Feature",
      "properties": {
        "id": "OSM-WAY-1136378755",
        "name": "OSM shelter",
        "resource_type": "shelter",
        "zone_id": "W92158",
        "source": "OpenStreetMap",
        "osm_type": "way",
        "osm_id": 1136378755,
        "emergency_capable": null
      },
      "geometry": {
        "type": "Point",
        "coordinates": [
          80.2044411,
          13.0083996
        ]
      }
    },
    {
      "type": "Feature",
      "properties": {
        "id": "OSM-WAY-1137581561",
        "name": "OSM shelter",
        "resource_type": "shelter",
        "zone_id": "W19000",
        "source": "OpenStreetMap",
        "osm_type": "way",
        "osm_id": 1137581561,
        "emergency_capable": null
      },
      "geometry": {
        "type": "Point",
        "coordinates": [
          80.284737,
          13.0639527
        ]
      }
    },
    {
      "type": "Feature",
      "properties": {
        "id": "OSM-WAY-1137581563",
        "name": "OSM shelter",
        "resource_type": "shelter",
        "zone_id": "W19000",
        "source": "OpenStreetMap",
        "osm_type": "way",
        "osm_id": 1137581563,
        "emergency_capable": null
      },
      "geometry": {
        "type": "Point",
        "coordinates": [
          80.284946,
          13.0648183
        ]
      }
    },
    {
      "type": "Feature",
      "properties": {
        "id": "OSM-WAY-1147283468",
        "name": "OSM shelter",
        "resource_type": "shelter",
        "zone_id": "W18946",
        "source": "OpenStreetMap",
        "osm_type": "way",
        "osm_id": 1147283468,
        "emergency_capable": null
      },
      "geometry": {
        "type": "Point",
        "coordinates": [
          80.2912377,
          13.1023628
        ]
      }
    },
    {
      "type": "Feature",
      "properties": {
        "id": "OSM-WAY-1155132197",
        "name": "OSM shelter",
        "resource_type": "shelter",
        "zone_id": "W18945",
        "source": "OpenStreetMap",
        "osm_type": "way",
        "osm_id": 1155132197,
        "emergency_capable": null
      },
      "geometry": {
        "type": "Point",
        "coordinates": [
          80.2835118,
          13.0876984
        ]
      }
    },
    {
      "type": "Feature",
      "properties": {
        "id": "OSM-WAY-1155132198",
        "name": "OSM shelter",
        "resource_type": "shelter",
        "zone_id": "W18945",
        "source": "OpenStreetMap",
        "osm_type": "way",
        "osm_id": 1155132198,
        "emergency_capable": null
      },
      "geometry": {
        "type": "Point",
        "coordinates": [
          80.2835205,
          13.0872002
        ]
      }
    },
    {
      "type": "Feature",
      "properties": {
        "id": "OSM-WAY-1155182281",
        "name": "Prashanth Superspeciality Hospital Kolathur",
        "resource_type": "hospital",
        "zone_id": "W18916",
        "source": "OpenStreetMap",
        "osm_type": "way",
        "osm_id": 1155182281,
        "emergency_capable": null
      },
      "geometry": {
        "type": "Point",
        "coordinates": [
          80.2176872,
          13.1400478
        ]
      }
    },
    {
      "type": "Feature",
      "properties": {
        "id": "OSM-WAY-1172399106",
        "name": "Washermanpet Fire & Rescue Station",
        "resource_type": "fire_station",
        "zone_id": "W18939",
        "source": "OpenStreetMap",
        "osm_type": "way",
        "osm_id": 1172399106,
        "emergency_capable": null
      },
      "geometry": {
        "type": "Point",
        "coordinates": [
          80.2744007,
          13.1024404
        ]
      }
    },
    {
      "type": "Feature",
      "properties": {
        "id": "OSM-WAY-1176848837",
        "name": "C5 Kothavalchavadi Police Station",
        "resource_type": "police_station",
        "zone_id": "W18943",
        "source": "OpenStreetMap",
        "osm_type": "way",
        "osm_id": 1176848837,
        "emergency_capable": null
      },
      "geometry": {
        "type": "Point",
        "coordinates": [
          80.2807237,
          13.0953439
        ]
      }
    },
    {
      "type": "Feature",
      "properties": {
        "id": "OSM-WAY-1176875169",
        "name": "Shaarave Hospital",
        "resource_type": "hospital",
        "zone_id": "W18940",
        "source": "OpenStreetMap",
        "osm_type": "way",
        "osm_id": 1176875169,
        "emergency_capable": null
      },
      "geometry": {
        "type": "Point",
        "coordinates": [
          80.2798773,
          13.0983937
        ]
      }
    },
    {
      "type": "Feature",
      "properties": {
        "id": "OSM-WAY-1180441173",
        "name": "Mother Diagnostic Centre",
        "resource_type": "clinic",
        "zone_id": "W18942",
        "source": "OpenStreetMap",
        "osm_type": "way",
        "osm_id": 1180441173,
        "emergency_capable": null
      },
      "geometry": {
        "type": "Point",
        "coordinates": [
          80.2843951,
          13.1030164
        ]
      }
    },
    {
      "type": "Feature",
      "properties": {
        "id": "OSM-WAY-1180926082",
        "name": "The Arya Vysya Meternity Home and Child Welfare Centre",
        "resource_type": "hospital",
        "zone_id": "W18943",
        "source": "OpenStreetMap",
        "osm_type": "way",
        "osm_id": 1180926082,
        "emergency_capable": null
      },
      "geometry": {
        "type": "Point",
        "coordinates": [
          80.2813876,
          13.0910905
        ]
      }
    },
    {
      "type": "Feature",
      "properties": {
        "id": "OSM-WAY-1188874042",
        "name": "OSM shelter",
        "resource_type": "shelter",
        "zone_id": "W18944",
        "source": "OpenStreetMap",
        "osm_type": "way",
        "osm_id": 1188874042,
        "emergency_capable": null
      },
      "geometry": {
        "type": "Point",
        "coordinates": [
          80.2739198,
          13.081876
        ]
      }
    },
    {
      "type": "Feature",
      "properties": {
        "id": "OSM-WAY-1188874043",
        "name": "OSM shelter",
        "resource_type": "shelter",
        "zone_id": "W18944",
        "source": "OpenStreetMap",
        "osm_type": "way",
        "osm_id": 1188874043,
        "emergency_capable": null
      },
      "geometry": {
        "type": "Point",
        "coordinates": [
          80.2740043,
          13.0818923
        ]
      }
    },
    {
      "type": "Feature",
      "properties": {
        "id": "OSM-WAY-1188874044",
        "name": "OSM shelter",
        "resource_type": "shelter",
        "zone_id": "W18944",
        "source": "OpenStreetMap",
        "osm_type": "way",
        "osm_id": 1188874044,
        "emergency_capable": null
      },
      "geometry": {
        "type": "Point",
        "coordinates": [
          80.2740624,
          13.0819029
        ]
      }
    },
    {
      "type": "Feature",
      "properties": {
        "id": "OSM-WAY-1188874045",
        "name": "OSM shelter",
        "resource_type": "shelter",
        "zone_id": "W18944",
        "source": "OpenStreetMap",
        "osm_type": "way",
        "osm_id": 1188874045,
        "emergency_capable": null
      },
      "geometry": {
        "type": "Point",
        "coordinates": [
          80.2741553,
          13.0819185
        ]
      }
    },
    {
      "type": "Feature",
      "properties": {
        "id": "OSM-WAY-1188874046",
        "name": "OSM shelter",
        "resource_type": "shelter",
        "zone_id": "W18944",
        "source": "OpenStreetMap",
        "osm_type": "way",
        "osm_id": 1188874046,
        "emergency_capable": null
      },
      "geometry": {
        "type": "Point",
        "coordinates": [
          80.2742243,
          13.0819322
        ]
      }
    },
    {
      "type": "Feature",
      "properties": {
        "id": "OSM-WAY-1188874048",
        "name": "OSM shelter",
        "resource_type": "shelter",
        "zone_id": "W18944",
        "source": "OpenStreetMap",
        "osm_type": "way",
        "osm_id": 1188874048,
        "emergency_capable": null
      },
      "geometry": {
        "type": "Point",
        "coordinates": [
          80.2738682,
          13.081972
        ]
      }
    },
    {
      "type": "Feature",
      "properties": {
        "id": "OSM-WAY-1188874049",
        "name": "OSM shelter",
        "resource_type": "shelter",
        "zone_id": "W18944",
        "source": "OpenStreetMap",
        "osm_type": "way",
        "osm_id": 1188874049,
        "emergency_capable": null
      },
      "geometry": {
        "type": "Point",
        "coordinates": [
          80.2740852,
          13.0820161
        ]
      }
    },
    {
      "type": "Feature",
      "properties": {
        "id": "OSM-WAY-1188874050",
        "name": "OSM shelter",
        "resource_type": "shelter",
        "zone_id": "W18944",
        "source": "OpenStreetMap",
        "osm_type": "way",
        "osm_id": 1188874050,
        "emergency_capable": null
      },
      "geometry": {
        "type": "Point",
        "coordinates": [
          80.2741261,
          13.0820233
        ]
      }
    },
    {
      "type": "Feature",
      "properties": {
        "id": "OSM-WAY-1188874051",
        "name": "OSM shelter",
        "resource_type": "shelter",
        "zone_id": "W18944",
        "source": "OpenStreetMap",
        "osm_type": "way",
        "osm_id": 1188874051,
        "emergency_capable": null
      },
      "geometry": {
        "type": "Point",
        "coordinates": [
          80.2743856,
          13.0820775
        ]
      }
    },
    {
      "type": "Feature",
      "properties": {
        "id": "OSM-WAY-1188874052",
        "name": "OSM shelter",
        "resource_type": "shelter",
        "zone_id": "W18944",
        "source": "OpenStreetMap",
        "osm_type": "way",
        "osm_id": 1188874052,
        "emergency_capable": null
      },
      "geometry": {
        "type": "Point",
        "coordinates": [
          80.2744264,
          13.0820846
        ]
      }
    },
    {
      "type": "Feature",
      "properties": {
        "id": "OSM-WAY-1188874053",
        "name": "OSM shelter",
        "resource_type": "shelter",
        "zone_id": "W18944",
        "source": "OpenStreetMap",
        "osm_type": "way",
        "osm_id": 1188874053,
        "emergency_capable": null
      },
      "geometry": {
        "type": "Point",
        "coordinates": [
          80.274281,
          13.082102
        ]
      }
    },
    {
      "type": "Feature",
      "properties": {
        "id": "OSM-WAY-1188874054",
        "name": "OSM shelter",
        "resource_type": "shelter",
        "zone_id": "W18944",
        "source": "OpenStreetMap",
        "osm_type": "way",
        "osm_id": 1188874054,
        "emergency_capable": null
      },
      "geometry": {
        "type": "Point",
        "coordinates": [
          80.2743219,
          13.0821108
        ]
      }
    },
    {
      "type": "Feature",
      "properties": {
        "id": "OSM-WAY-1188874055",
        "name": "OSM shelter",
        "resource_type": "shelter",
        "zone_id": "W18944",
        "source": "OpenStreetMap",
        "osm_type": "way",
        "osm_id": 1188874055,
        "emergency_capable": null
      },
      "geometry": {
        "type": "Point",
        "coordinates": [
          80.2741858,
          13.0820867
        ]
      }
    },
    {
      "type": "Feature",
      "properties": {
        "id": "OSM-WAY-1188874056",
        "name": "OSM shelter",
        "resource_type": "shelter",
        "zone_id": "W18944",
        "source": "OpenStreetMap",
        "osm_type": "way",
        "osm_id": 1188874056,
        "emergency_capable": null
      },
      "geometry": {
        "type": "Point",
        "coordinates": [
          80.2742267,
          13.0820938
        ]
      }
    },
    {
      "type": "Feature",
      "properties": {
        "id": "OSM-WAY-1188874057",
        "name": "OSM shelter",
        "resource_type": "shelter",
        "zone_id": "W18944",
        "source": "OpenStreetMap",
        "osm_type": "way",
        "osm_id": 1188874057,
        "emergency_capable": null
      },
      "geometry": {
        "type": "Point",
        "coordinates": [
          80.2739852,
          13.0820455
        ]
      }
    },
    {
      "type": "Feature",
      "properties": {
        "id": "OSM-WAY-1188874058",
        "name": "OSM shelter",
        "resource_type": "shelter",
        "zone_id": "W18944",
        "source": "OpenStreetMap",
        "osm_type": "way",
        "osm_id": 1188874058,
        "emergency_capable": null
      },
      "geometry": {
        "type": "Point",
        "coordinates": [
          80.2740261,
          13.0820527
        ]
      }
    },
    {
      "type": "Feature",
      "properties": {
        "id": "OSM-WAY-1188874059",
        "name": "OSM shelter",
        "resource_type": "shelter",
        "zone_id": "W18944",
        "source": "OpenStreetMap",
        "osm_type": "way",
        "osm_id": 1188874059,
        "emergency_capable": null
      },
      "geometry": {
        "type": "Point",
        "coordinates": [
          80.2737784,
          13.0820014
        ]
      }
    },
    {
      "type": "Feature",
      "properties": {
        "id": "OSM-WAY-1188874060",
        "name": "OSM shelter",
        "resource_type": "shelter",
        "zone_id": "W18944",
        "source": "OpenStreetMap",
        "osm_type": "way",
        "osm_id": 1188874060,
        "emergency_capable": null
      },
      "geometry": {
        "type": "Point",
        "coordinates": [
          80.2737374,
          13.0819943
        ]
      }
    },
    {
      "type": "Feature",
      "properties": {
        "id": "OSM-WAY-1188874061",
        "name": "OSM shelter",
        "resource_type": "shelter",
        "zone_id": "W18944",
        "source": "OpenStreetMap",
        "osm_type": "way",
        "osm_id": 1188874061,
        "emergency_capable": null
      },
      "geometry": {
        "type": "Point",
        "coordinates": [
          80.2736338,
          13.0819135
        ]
      }
    },
    {
      "type": "Feature",
      "properties": {
        "id": "OSM-WAY-1188874070",
        "name": "OSM shelter",
        "resource_type": "shelter",
        "zone_id": "W18945",
        "source": "OpenStreetMap",
        "osm_type": "way",
        "osm_id": 1188874070,
        "emergency_capable": null
      },
      "geometry": {
        "type": "Point",
        "coordinates": [
          80.2757713,
          13.0821517
        ]
      }
    },
    {
      "type": "Feature",
      "properties": {
        "id": "OSM-WAY-1188874071",
        "name": "OSM shelter",
        "resource_type": "shelter",
        "zone_id": "W18945",
        "source": "OpenStreetMap",
        "osm_type": "way",
        "osm_id": 1188874071,
        "emergency_capable": null
      },
      "geometry": {
        "type": "Point",
        "coordinates": [
          80.2755426,
          13.0821147
        ]
      }
    },
    {
      "type": "Feature",
      "properties": {
        "id": "OSM-WAY-1188874072",
        "name": "OSM shelter",
        "resource_type": "shelter",
        "zone_id": "W18945",
        "source": "OpenStreetMap",
        "osm_type": "way",
        "osm_id": 1188874072,
        "emergency_capable": null
      },
      "geometry": {
        "type": "Point",
        "coordinates": [
          80.275589,
          13.0820441
        ]
      }
    },
    {
      "type": "Feature",
      "properties": {
        "id": "OSM-WAY-1238278384",
        "name": "OSM shelter",
        "resource_type": "shelter",
        "zone_id": "W18939",
        "source": "OpenStreetMap",
        "osm_type": "way",
        "osm_id": 1238278384,
        "emergency_capable": null
      },
      "geometry": {
        "type": "Point",
        "coordinates": [
          80.2760843,
          13.1038887
        ]
      }
    },
    {
      "type": "Feature",
      "properties": {
        "id": "OSM-WAY-1241298308",
        "name": "Mint Hospital",
        "resource_type": "hospital",
        "zone_id": "W18942",
        "source": "OpenStreetMap",
        "osm_type": "way",
        "osm_id": 1241298308,
        "emergency_capable": null
      },
      "geometry": {
        "type": "Point",
        "coordinates": [
          80.2837595,
          13.100229
        ]
      }
    },
    {
      "type": "Feature",
      "properties": {
        "id": "OSM-WAY-1263441145",
        "name": "OSM hospital",
        "resource_type": "hospital",
        "zone_id": "W18940",
        "source": "OpenStreetMap",
        "osm_type": "way",
        "osm_id": 1263441145,
        "emergency_capable": null
      },
      "geometry": {
        "type": "Point",
        "coordinates": [
          80.2796105,
          13.0985158
        ]
      }
    },
    {
      "type": "Feature",
      "properties": {
        "id": "OSM-WAY-1264854948",
        "name": "Vinitha Multi Speciality Hospital",
        "resource_type": "hospital",
        "zone_id": "W18999",
        "source": "OpenStreetMap",
        "osm_type": "way",
        "osm_id": 1264854948,
        "emergency_capable": true
      },
      "geometry": {
        "type": "Point",
        "coordinates": [
          80.2453874,
          13.0544844
        ]
      }
    },
    {
      "type": "Feature",
      "properties": {
        "id": "OSM-WAY-1314573335",
        "name": "OSM shelter",
        "resource_type": "shelter",
        "zone_id": "W18987",
        "source": "OpenStreetMap",
        "osm_type": "way",
        "osm_id": 1314573335,
        "emergency_capable": null
      },
      "geometry": {
        "type": "Point",
        "coordinates": [
          80.2245306,
          13.0782163
        ]
      }
    },
    {
      "type": "Feature",
      "properties": {
        "id": "OSM-WAY-1314584114",
        "name": "Government child birth Hospital",
        "resource_type": "hospital",
        "zone_id": "W18987",
        "source": "OpenStreetMap",
        "osm_type": "way",
        "osm_id": 1314584114,
        "emergency_capable": null
      },
      "geometry": {
        "type": "Point",
        "coordinates": [
          80.2245565,
          13.0765495
        ]
      }
    },
    {
      "type": "Feature",
      "properties": {
        "id": "OSM-WAY-1330398918",
        "name": "T-1 Police Station",
        "resource_type": "police_station",
        "zone_id": "W18966",
        "source": "OpenStreetMap",
        "osm_type": "way",
        "osm_id": 1330398918,
        "emergency_capable": null
      },
      "geometry": {
        "type": "Point",
        "coordinates": [
          80.1587027,
          13.1306625
        ]
      }
    },
    {
      "type": "Feature",
      "properties": {
        "id": "OSM-WAY-1373636356",
        "name": "Chennai Urology & Robotics Institute",
        "resource_type": "hospital",
        "zone_id": "W19079",
        "source": "OpenStreetMap",
        "osm_type": "way",
        "osm_id": 1373636356,
        "emergency_capable": null
      },
      "geometry": {
        "type": "Point",
        "coordinates": [
          80.2412332,
          12.9520249
        ]
      }
    },
    {
      "type": "Feature",
      "properties": {
        "id": "OSM-WAY-1410036059",
        "name": "Govt. Kilpauk Hospital",
        "resource_type": "hospital",
        "zone_id": "W18985",
        "source": "OpenStreetMap",
        "osm_type": "way",
        "osm_id": 1410036059,
        "emergency_capable": null
      },
      "geometry": {
        "type": "Point",
        "coordinates": [
          80.2430155,
          13.0766394
        ]
      }
    },
    {
      "type": "Feature",
      "properties": {
        "id": "OSM-WAY-1428318904",
        "name": "Gynmc PG Block",
        "resource_type": "hospital",
        "zone_id": "W18989",
        "source": "OpenStreetMap",
        "osm_type": "way",
        "osm_id": 1428318904,
        "emergency_capable": null
      },
      "geometry": {
        "type": "Point",
        "coordinates": [
          80.2174878,
          13.0769748
        ]
      }
    },
    {
      "type": "Feature",
      "properties": {
        "id": "OSM-WAY-1504289142",
        "name": "OSM shelter",
        "resource_type": "shelter",
        "zone_id": "W18946",
        "source": "OpenStreetMap",
        "osm_type": "way",
        "osm_id": 1504289142,
        "emergency_capable": null
      },
      "geometry": {
        "type": "Point",
        "coordinates": [
          80.2922727,
          13.09171
        ]
      }
    },
    {
      "type": "Feature",
      "properties": {
        "id": "OSM-WAY-1528380353",
        "name": "Publich Food Shelter",
        "resource_type": "shelter",
        "zone_id": "W18972",
        "source": "OpenStreetMap",
        "osm_type": "way",
        "osm_id": 1528380353,
        "emergency_capable": null
      },
      "geometry": {
        "type": "Point",
        "coordinates": [
          80.159424,
          13.093511
        ]
      }
    },
    {
      "type": "Feature",
      "properties": {
        "id": "OSM-WAY-1533501161",
        "name": "Dr. Agarwal's Eye Hospital - Ambattur",
        "resource_type": "hospital",
        "zone_id": "W18967",
        "source": "OpenStreetMap",
        "osm_type": "way",
        "osm_id": 1533501161,
        "emergency_capable": true
      },
      "geometry": {
        "type": "Point",
        "coordinates": [
          80.1472701,
          13.1218701
        ]
      }
    },
    {
      "type": "Feature",
      "properties": {
        "id": "OSM-WAY-1533546775",
        "name": "Mother's Speciality Hospital",
        "resource_type": "hospital",
        "zone_id": "W18967",
        "source": "OpenStreetMap",
        "osm_type": "way",
        "osm_id": 1533546775,
        "emergency_capable": null
      },
      "geometry": {
        "type": "Point",
        "coordinates": [
          80.14985,
          13.1210134
        ]
      }
    },
    {
      "type": "Feature",
      "properties": {
        "id": "OSM-WAY-1533546776",
        "name": "Mother's Hospital - General & Laparoscopic center",
        "resource_type": "hospital",
        "zone_id": "W18967",
        "source": "OpenStreetMap",
        "osm_type": "way",
        "osm_id": 1533546776,
        "emergency_capable": null
      },
      "geometry": {
        "type": "Point",
        "coordinates": [
          80.1495211,
          13.1209479
        ]
      }
    },
    {
      "type": "Feature",
      "properties": {
        "id": "OSM-WAY-1533550991",
        "name": "Swathi Fertility Centre",
        "resource_type": "clinic",
        "zone_id": "W18965",
        "source": "OpenStreetMap",
        "osm_type": "way",
        "osm_id": 1533550991,
        "emergency_capable": null
      },
      "geometry": {
        "type": "Point",
        "coordinates": [
          80.1497316,
          13.1238452
        ]
      }
    },
    {
      "type": "Feature",
      "properties": {
        "id": "OSM-WAY-1533595574",
        "name": "Rakki Hospital",
        "resource_type": "hospital",
        "zone_id": "W18967",
        "source": "OpenStreetMap",
        "osm_type": "way",
        "osm_id": 1533595574,
        "emergency_capable": null
      },
      "geometry": {
        "type": "Point",
        "coordinates": [
          80.1512869,
          13.1216415
        ]
      }
    },
    {
      "type": "Feature",
      "properties": {
        "id": "OSM-WAY-1540976874",
        "name": "MMC Government Hospital",
        "resource_type": "hospital",
        "zone_id": "W18912",
        "source": "OpenStreetMap",
        "osm_type": "way",
        "osm_id": 1540976874,
        "emergency_capable": null
      },
      "geometry": {
        "type": "Point",
        "coordinates": [
          80.2438376,
          13.1635612
        ]
      }
    },
    {
      "type": "Feature",
      "properties": {
        "id": "OSM-WAY-1544073582",
        "name": "டி-16 செம்மஞ்சேரி காவல் நிலையம்",
        "resource_type": "police_station",
        "zone_id": "W19085",
        "source": "OpenStreetMap",
        "osm_type": "way",
        "osm_id": 1544073582,
        "emergency_capable": null
      },
      "geometry": {
        "type": "Point",
        "coordinates": [
          80.2275581,
          12.8996998
        ]
      }
    },
    {
      "type": "Feature",
      "properties": {
        "id": "OSM-WAY-1545967238",
        "name": "எஸ்4 நந்தம்பாக்கம் காவல் நிலையம்",
        "resource_type": "police_station",
        "zone_id": "W19044",
        "source": "OpenStreetMap",
        "osm_type": "way",
        "osm_id": 1545967238,
        "emergency_capable": null
      },
      "geometry": {
        "type": "Point",
        "coordinates": [
          80.1865645,
          13.0182243
        ]
      }
    },
    {
      "type": "Feature",
      "properties": {
        "id": "OSM-WAY-1555049082",
        "name": "Urban Primary Health Center, Varadharajapuram",
        "resource_type": "clinic",
        "zone_id": "W18971",
        "source": "OpenStreetMap",
        "osm_type": "way",
        "osm_id": 1555049082,
        "emergency_capable": null
      },
      "geometry": {
        "type": "Point",
        "coordinates": [
          80.1534067,
          13.1126422
        ]
      }
    },
    {
      "type": "Feature",
      "properties": {
        "id": "OSM-RELATION-14377391",
        "name": "Royapettah Government Hospital",
        "resource_type": "hospital",
        "zone_id": "W19001",
        "source": "OpenStreetMap",
        "osm_type": "relation",
        "osm_id": 14377391,
        "emergency_capable": null
      },
      "geometry": {
        "type": "Point",
        "coordinates": [
          80.2649264,
          13.0541723
        ]
      }
    }
  ],
  "metadata": {
    "source": "OpenStreetMap",
    "resource_types": [
      "ambulance_station",
      "clinic",
      "disaster_response",
      "fire_station",
      "hospital",
      "police_station",
      "rescue_station",
      "shelter"
    ],
    "bbox": [
      12.8,
      80.1,
      13.23,
      80.4
    ],
    "note": "Facility presence is sourced from OSM; operational availability and unit counts are not inferred."
  }
}